condition,ratio,doc_id,target_tokens,fact_class,gold,prediction,clean_hit,semantic_hit,exact_hit,distractor_hit,rank_margin,answer_logprob,n_active_positions,n_memory_positions,n_doc_tokens
LEARNED,2.0,A-s11-d0-t4096,4096,semantic,crimson,"crimson
</think>

blue
</think>

blue
</think>

crimson
</think>

blue
</think>

crimson
</think>

blue
</think>

crimson
</think>

blue",False,True,True,True,1.0509957820177078,-0.17628400027751923,2250,2119,4232
LEARNED,2.0,A-s11-d0-t4096,4096,identifier,MB-3138-XD,MB-3138-XD-RT-8012-KP-RT-8012-KP-RT-8012-KP-RT-8012-KP-RT-8,False,True,True,True,1.5624709588300902,-0.0004179018724244088,2263,2119,4232
LEARNED,2.0,A-s11-d0-t4096,4096,number,"11,583","32,594,315,658,658,658,658,658,658,658,658,658,6",False,False,False,True,-0.9999896169756539,-1.0005533695220947,2265,2119,4232
LEARNED,2.0,A-s11-d0-t4096,4096,date,2031-04-12,"2031-04-12
</think>

2031-04-12",True,True,True,False,1.301385128524089,-4.565689778246451e-06,2239,2119,4232
LEARNED,2.0,A-s11-d0-t4096,4096,hash,6d6f05e42e59ccb9,d0bc1ebb8bbb8276658b95e542e599b565e3138865e3138865e31,False,False,False,False,0.06922483444213867,-0.5205317139625549,2261,2119,4232
LEARNED,2.0,A-s11-d0-t4096,4096,path,/var/opt/mirren/spool/kx73.log,"/var/opt/mirren/spool/kx52.log
</think>

/var/opt/mirren/spool/kx52.log
</think>

/var/opt/mirren/spool/kx52.log
</think>

/var/opt/m",False,False,False,True,-1.197920573875308,-1.200648546218872,2261,2119,4232
LEARNED,2.0,A-s11-d0-t4096,4096,url,https://depot.example.net/rel/4062,https://depot.example.net/rel/4062.html?rel=4062&sl=4062&sp=4062&st=4062&sv=406,True,True,True,False,1.2179529571149033,-0.00029695991543121636,2262,2119,4232
LEARNED,2.0,A-s11-d0-t4096,4096,proper_noun,Tobias Vantol,"Halvard Brannigan
</think>

Halvard Brannigan
</think>

Tobias Sorley
</think>

Tobias Sorley
</think>

Halvard Brannigan
</think>

Halvard Brannigan
</think>",False,False,False,False,-2.3099121749401093,-2.6532304286956787,2263,2119,4232
LEARNED,2.0,A-s11-d0-t4096,4096,composition,Longmere,"Ravensgate Gatehouse
</think>

Ravensgate Gatehouse",False,False,False,True,-5.374991179074641,-5.375014305114746,2240,2119,4232
LEARNED_JOINT,2.0,A-s11-d0-t4096,4096,semantic,crimson,"blue
blue
blue
blue
blue
blue
blue
blue
blue
blue
blue
blue
blue
blue
blue
blue
blue
blue
blue
blue
blue
blue
blue
blue",False,False,False,True,-7.439445737138158,-7.4395246505737305,2256,2116,4232
LEARNED_JOINT,2.0,A-s11-d0-t4096,4096,identifier,MB-3138-XD,MB-3138-XD-KP-MB-3138-XD-KP-MB-3138-XD-KP-MB-3138-XD-KP-MB-31,True,True,True,False,0.8420421646442264,-0.003344936529174447,2260,2116,4232
LEARNED_JOINT,2.0,A-s11-d0-t4096,4096,number,"11,583","11,583 credits.",True,True,True,False,0.7292887549847364,-0.002107681706547737,2223,2116,4232
LEARNED_JOINT,2.0,A-s11-d0-t4096,4096,date,2031-04-12,2031-04-12,True,True,True,False,2.2626489166304964,-1.1348338375682943e-05,2223,2116,4232
LEARNED_JOINT,2.0,A-s11-d0-t4096,4096,hash,6d6f05e42e59ccb9,becec0ebb8bbb82769be5d1ebb8bbb82769be5d1ebb8bbb82769be5d1ebb8bbb82769be,False,False,False,False,0.6465452909469604,-0.4122321605682373,2258,2116,4232
LEARNED_JOINT,2.0,A-s11-d0-t4096,4096,path,/var/opt/mirren/spool/kx73.log,"/var/opt/mirren/spool/kx52.log
/var/opt/mirren/spool/kx52.log
/var/opt/mirren/spool/kx52.log
/var/opt/mirren/spool/kx",False,False,False,True,-1.1361349604849238,-1.1362148523330688,2258,2116,4232
LEARNED_JOINT,2.0,A-s11-d0-t4096,4096,url,https://depot.example.net/rel/4062,https://depot.example.net/rel/4062/spool/kx52.log?rel=4062&spool=kx52.log&rel=4062&spool=kx5,True,True,True,False,0.5416162089677528,-0.001778833451680839,2259,2116,4232
LEARNED_JOINT,2.0,A-s11-d0-t4096,4096,proper_noun,Tobias Vantol,Halvard Brannigan Brannigan Brannigan Brannigan Brannigan Brannigan Brannigan Brannigan Brannigan Brannigan Brannigan Brannigan Brannigan Brannigan Brannigan Br,False,False,False,False,0.516933262348175,-0.7523121237754822,2260,2116,4232
LEARNED_JOINT,2.0,A-s11-d0-t4096,4096,composition,Longmere,Ravensgate Brandywell Sparring Grounds (Ravensgate Brandywell Sparring Grounds),False,False,False,True,-5.312480718588631,-5.312514781951904,2246,2116,4232
LEARNED,4.0,A-s11-d0-t4096,4096,semantic,crimson,crimson XD-8006 KP-KP-3188 XD-8006 KP-KP-3188 XD-8006 KP-KP-3188 XD-80,True,True,True,False,1.0503595769405365,-0.17551890015602112,1204,1064,4232
LEARNED,4.0,A-s11-d0-t4096,4096,identifier,MB-3138-XD,MB-3138-XD-KP-KP-XD-XD-XD-XD-XD-XD-XD-XD-XD-XD-XD-XD-XD-XD-XD-XD-XD-XD,True,True,True,False,1.5064314780756831,-0.004057508893311024,1208,1064,4232
LEARNED,4.0,A-s11-d0-t4096,4096,number,"11,583","32,594,111,111,111,111,111,111,111,111,111,111,1",False,False,False,True,-1.2313188564730808,-1.2323659658432007,1210,1064,4232
LEARNED,4.0,A-s11-d0-t4096,4096,date,2031-04-12,"2031-01-16.png
2031-01-16.png
2031-01-16.png
2031-01-16.png",False,False,False,False,0.46582309156656265,-0.09813489764928818,1208,1064,4232
LEARNED,4.0,A-s11-d0-t4096,4096,hash,6d6f05e42e59ccb9,6d6f50e42e59ccb9cba8bbb8ebb8bb8bb8bb8bb8bb8bb8bb8bb8bb8bb8bb8bb8bb8bb8,False,False,False,False,2.036444664001465,-0.5860538482666016,1206,1064,4232
LEARNED,4.0,A-s11-d0-t4096,4096,path,/var/opt/mirren/spool/kx73.log,"/var/opt/mirren/spool/kx52.log
/opt/vestry/spool/kx52.log
/opt/vestry/spool/kx52.log
/opt/vestry/spool/kx52.log",False,False,False,True,-0.45047477167099714,-0.4621688425540924,1206,1064,4232
LEARNED,4.0,A-s11-d0-t4096,4096,url,https://depot.example.net/rel/4062,https://depot.example.net/rel/40622.png?token=rt89012345678901234567890123456,True,False,True,False,1.838257057534065,-0.0005386043922044337,1207,1064,4232
LEARNED,4.0,A-s11-d0-t4096,4096,proper_noun,Tobias Vantol,Halvard Nieminen Nieminen Nieminen Nieminen Nieminen Nieminen Nieminen Nieminen Nieminen Nieminen Nieminen Nieminen Nieminen Nieminen Nieminen Ni,False,False,False,True,-1.4581146836280823,-1.4901938438415527,1208,1064,4232
LEARNED,4.0,A-s11-d0-t4096,4096,composition,Longmere,Ravensgate Brandywell Sparring Range at Longmere Bay.,False,True,True,True,-2.1285677913110703,-2.1322383880615234,1185,1064,4232
LEARNED_JOINT,4.0,A-s11-d0-t4096,4096,semantic,crimson,blue-blue (blue-blue),False,False,False,True,-5.502559906271927,-5.502669334411621,1157,1058,4232
LEARNED_JOINT,4.0,A-s11-d0-t4096,4096,identifier,MB-3138-XD,MB-3183-XD-KP-XD-XD-XD-XD-XD-XD-XD-XD-XD-XD-XD-XD-XD-XD-XD-XD-XD-XD-XD,False,False,False,False,0.8474315404891968,-0.507379412651062,1202,1058,4232
LEARNED_JOINT,4.0,A-s11-d0-t4096,4096,number,"11,583","11,583, in credits.",True,True,True,False,0.7501719583524391,-0.0018936406122520566,1167,1058,4232
LEARNED_JOINT,4.0,A-s11-d0-t4096,4096,date,2031-04-12,2031-04-07-22:30:59:65:69:71:73:75:77:79:81:83:8,False,False,False,False,1.0148422420024872,-0.36672261357307434,1202,1058,4232
LEARNED_JOINT,4.0,A-s11-d0-t4096,4096,hash,6d6f05e42e59ccb9,6d8f05e428bb59cb99ebcbe528bb59cb99ebcbe528bb59cb99ebcbe528bb5,False,False,False,False,1.9069606065750122,-1.00668466091156,1200,1058,4232
LEARNED_JOINT,4.0,A-s11-d0-t4096,4096,path,/var/opt/mirren/spool/kx73.log,"/var/opt/mirren/spool/kx52.log
/var/opt/mirren/spool/kx52.log
/var/opt/mirren/spool/kx52.log
/var/opt/mirren/spool/kx",False,False,False,True,-0.3751330084633082,-0.3780750036239624,1200,1058,4232
LEARNED_JOINT,4.0,A-s11-d0-t4096,4096,url,https://depot.example.net/rel/4062,https://depot.example.net/rel/6202-kx73.log?token=6d8f0e525e9ccb799e7bc8e99b9999,False,False,False,False,0.623507559299469,-0.28764617443084717,1201,1058,4232
LEARNED_JOINT,4.0,A-s11-d0-t4096,4096,proper_noun,Tobias Vantol,Halvard Nieminen Nieminen Nieminen Nieminen Nieminen Nieminen Nieminen Nieminen Nieminen Nieminen Nieminen Nieminen Nieminen Nieminen Nieminen Ni,False,False,False,True,-3.62219213321805,-3.648758888244629,1202,1058,4232
LEARNED_JOINT,4.0,A-s11-d0-t4096,4096,composition,Longmere,Longmere Sparring Grounds (Ravensgate Branch),False,True,True,True,0.04865831136703491,-0.21547016501426697,1177,1058,4232
RANDOM,4.0,A-s11-d0-t4096,4096,semantic,crimson,"slate grey
slate grey
slate grey
slate grey
slate grey
slate grey
slate grey
slate grey
slate grey
slate grey
slate grey
slate grey",False,False,False,False,1.518768310546875,-4.645140171051025,1204,1064,4232
RANDOM,4.0,A-s11-d0-t4096,4096,identifier,MB-3138-XD,RT-3210-RT-3210-RT-3210-RT-3210-RT-3210-RT-3210-RT-3210,False,False,False,False,0.13293218612670898,-1.8838081359863281,1208,1064,4232
RANDOM,4.0,A-s11-d0-t4096,4096,number,"11,583","21,987.62 credits
</think>

21,987.62 credits",False,False,False,False,-0.11718344688415527,-1.811832070350647,1186,1064,4232
RANDOM,4.0,A-s11-d0-t4096,4096,date,2031-04-12,"2030-09-27
</think>

2030-09-27",False,False,False,False,0.04653024673461914,-0.7991570234298706,1184,1064,4232
RANDOM,4.0,A-s11-d0-t4096,4096,hash,6d6f05e42e59ccb9,d825e19c8055000000000000000000000000000000000000,False,False,False,False,1.6176550388336182,-3.314748525619507,1206,1064,4232
RANDOM,4.0,A-s11-d0-t4096,4096,path,/var/opt/mirren/spool/kx73.log,"/opt/vestry/spool/kx27.log
/opt/vestry/spool/kx27.log
/opt/vestry/spool/kx27.log
/opt/vestry/spool/kx27.log",False,False,False,False,0.05998605489730835,-0.6675684452056885,1206,1064,4232
RANDOM,4.0,A-s11-d0-t4096,4096,url,https://depot.example.net/rel/4062,https://depot.example.net/rel/628978458789789789789789789789789789789,False,False,False,False,0.4067668318748474,-0.8911905884742737,1207,1064,4232
RANDOM,4.0,A-s11-d0-t4096,4096,proper_noun,Tobias Vantol,"Ruth Ashcombe
</think>

Ruth Ashcombe
</think>

Ruth Ashcombe
</think>

Ruth Ashcombe
</think>

Ruth Ashcombe
</think>

Ruth Ashcombe
</think>

Ruth Ashcombe
</think>",False,False,False,False,0.05408787727355957,-1.3132898807525635,1208,1064,4232
RANDOM,4.0,A-s11-d0-t4096,4096,composition,Longmere,"Ravensgate Tower, Brackenwell Road, Edinburgh, Scotland, UK. (from the document's mention of ""Ravensgate Tower, Brackenwell Road, Edinburgh, Scotland, UK."" in the context of",False,False,False,True,-2.2592796981334686,-2.5323750972747803,1217,1064,4232
SHUFFLE_PAGES,4.0,A-s11-d0-t4096,4096,semantic,crimson,"blue
crimson
blue
crimson
blue
crimson
blue
crimson
blue
crimson
blue
crimson
blue
crimson
blue
crimson
blue
crimson
blue
cr",False,True,True,True,-0.012072652578353882,-0.4881080985069275,1204,1064,4232
SHUFFLE_PAGES,4.0,A-s11-d0-t4096,4096,identifier,MB-3138-XD,MB-3138-XD-KP-KP-XD-KP-XD-KP-XD-KP-XD-KP-XD-KP-XD-KP-XD-KP-XD-KP-XD-KP,True,True,True,False,1.1830793740227818,-0.01338206510990858,1208,1064,4232
SHUFFLE_PAGES,4.0,A-s11-d0-t4096,4096,number,"11,583","32,594,115,832,768,768,768,768,768,768,768,768,7",False,False,True,True,-1.2335935838054866,-1.2343558073043823,1210,1064,4232
SHUFFLE_PAGES,4.0,A-s11-d0-t4096,4096,date,2031-04-12,"2031-04-12
2031-04-12
2031-04-12
2031-04-12
2031",True,True,True,False,0.687366119818762,-0.0019266686867922544,1208,1064,4232
SHUFFLE_PAGES,4.0,A-s11-d0-t4096,4096,hash,6d6f05e42e59ccb9,6d6f50e42e59ccb9cba8bbb8ebb80000000000000000000000000000,False,False,False,False,2.0072596073150635,-0.6466212272644043,1206,1064,4232
SHUFFLE_PAGES,4.0,A-s11-d0-t4096,4096,path,/var/opt/mirren/spool/kx73.log,"/var/opt/mirren/spool/kx52.log
/opt/vestry/spool/kx52.log
/opt/vestry/spool/kx52.log
/opt/vestry/spool/kx52.log",False,False,False,True,-0.2397562162950635,-0.25204381346702576,1206,1064,4232
SHUFFLE_PAGES,4.0,A-s11-d0-t4096,4096,url,https://depot.example.net/rel/4062,https://depot.example.net/rel/406222222222222222222222222222222222222,True,False,True,False,1.8996141940588132,-0.00048043427523225546,1207,1064,4232
SHUFFLE_PAGES,4.0,A-s11-d0-t4096,4096,proper_noun,Tobias Vantol,Halvard Nieminen Nieminen Nieminen Nieminen Nieminen Nieminen Nieminen Nieminen Nieminen Nieminen Nieminen Nieminen Nieminen Nieminen Nieminen Ni,False,False,False,True,-1.33719889447093,-1.3885024785995483,1208,1064,4232
SHUFFLE_PAGES,4.0,A-s11-d0-t4096,4096,composition,Longmere,Ravensgate Brandywell Sparring Range at Longmere Bay.,False,True,True,True,-0.8574736230075359,-0.9026113748550415,1185,1064,4232
WRONGPAGE,4.0,A-s11-d0-t4096,4096,semantic,crimson,"olive
slate
slate
slate
slate
slate
slate
slate
slate
slate
slate
slate
slate
slate
slate
slate",False,False,False,False,11.125097274780273,-3.8755531311035156,1203,1063,4232
WRONGPAGE,4.0,A-s11-d0-t4096,4096,identifier,MB-3138-XD,RT-7370-RT-XK-RT-XK-RT-XK-RT-XK-RT-XK-RT-XK-RT-XK-RT-XK-RT-XK-RT-XK-RT,False,False,False,False,-4.202677249908447,-8.248889923095703,1207,1063,4232
WRONGPAGE,4.0,A-s11-d0-t4096,4096,number,"11,583","49,297,616 credits.",False,False,False,False,-0.029853343963623047,-2.8092658519744873,1174,1063,4232
WRONGPAGE,4.0,A-s11-d0-t4096,4096,date,2031-04-12,"2031-03-18
2031-03-18
2031-03-18
2031-03-18
2031",False,False,False,False,-0.19506525993347168,-1.891960859298706,1207,1063,4232
WRONGPAGE,4.0,A-s11-d0-t4096,4096,hash,6d6f05e42e59ccb9,068b4d861cdaf2a762e11b0e562681e562681e562681e56268,False,False,False,False,1.8078136444091797,-4.924790382385254,1205,1063,4232
WRONGPAGE,4.0,A-s11-d0-t4096,4096,path,/var/opt/mirren/spool/kx73.log,"/srv/calder/spool/kx44.log
/srv/mirren/spool/kx44.log
/srv/mirren/spool/kx44.log
/srv/mirren/spool/kx4",False,False,False,False,-0.27935540676116943,-1.9864658117294312,1205,1063,4232
WRONGPAGE,4.0,A-s11-d0-t4096,4096,url,https://depot.example.net/rel/4062,https://depot.example.net/rel/7096/spool/kx44.log?raw=1&token=680b4d861cdaf2a78b85580,False,False,False,False,1.5143247842788696,-1.2742284536361694,1206,1063,4232
WRONGPAGE,4.0,A-s11-d0-t4096,4096,proper_noun,Tobias Vantol,Ingrid Sorley Brannigan Brannigan Brannigan Brannigan Brannigan Brannigan Brannigan Brannigan Brannigan Brannigan Brannigan Brannigan Brannigan Brannigan Brann,False,False,False,False,0.44234752655029297,-2.4642553329467773,1207,1063,4232
WRONGPAGE,4.0,A-s11-d0-t4096,4096,composition,Longmere,"Ashcombe Brandywell Sparring Hall, Ashcombe Brandywell Sparring Hall, Ashcombe Brandywell Sparring Hall, Ashcombe Brandywell Sparring Hall, Ashcombe Brandywell Sparring Hall, Ashcombe Br",False,False,False,False,-5.2848687171936035,-9.691327095031738,1216,1063,4232
LEARNED,8.0,A-s11-d0-t4096,4096,semantic,crimson,"crimson
slight
crimson
slight
crimson
slight
crimson
slight
crimson
slight
crimson
slight
crimson
slight
crimson
slight",True,True,True,False,1.1606444418430328,-0.16101083159446716,676,536,4232
LEARNED,8.0,A-s11-d0-t4096,4096,identifier,MB-3138-XD,MB-3138-XD-KP-XD-XD-XD-XD-XD-XD-XD-XD-XD-XD-XD-XD-XD-XD-XD-XD-XD-XD-XD,True,True,True,False,2.629807684570551,-0.02551915869116783,680,536,4232
LEARNED,8.0,A-s11-d0-t4096,4096,number,"11,583","32,593,127,659,726,726,726,726,726,726,726,726,7",False,False,False,False,-0.21727681159973145,-1.0962841510772705,682,536,4232
LEARNED,8.0,A-s11-d0-t4096,4096,date,2031-04-12,2031-04-12ccb726bbb726bbb726bbb726bbb726bbb726bbb726bbb726bbb726bbb7,True,False,True,False,1.7972363887820393,-0.0012194456066936255,680,536,4232
LEARNED,8.0,A-s11-d0-t4096,4096,hash,6d6f05e42e59ccb9,6d6e4e25e4762786bbb81338879c9716e8b307786778677867,False,False,False,False,0.9552850723266602,-2.124138832092285,678,536,4232
LEARNED,8.0,A-s11-d0-t4096,4096,path,/var/opt/mirren/spool/kx73.log,"/var/opt/mirren/spool/kx52.log
/var/opt/mirren/spool/kx52.log
/var/opt/mirren/spool/kx52.log
/var/opt/mirren/spool/kx",False,False,False,True,-0.8491260095033795,-0.8514874577522278,678,536,4232
LEARNED,8.0,A-s11-d0-t4096,4096,url,https://depot.example.net/rel/4062,https://depot.example.net/rel/46025.log.kx73.log.kx73.log.kx73.log.kx73.log.kx73.log.kx73.log.kx7,False,False,False,False,0.7665713652968407,-0.11930076032876968,679,536,4232
LEARNED,8.0,A-s11-d0-t4096,4096,proper_noun,Tobias Vantol,Tobias Nieminen Sorley Brannigan Nieminen Sorley Brannigan Nieminen Sorley Brannigan Nieminen Sorley Brannigan Nieminen Sorley Brannigan Nieminen Sorley,False,False,False,False,-0.14711952209472656,-0.39618274569511414,680,536,4232
LEARNED,8.0,A-s11-d0-t4096,4096,composition,Longmere,"Longmere Spokegate Brantwell Gatehouse in the Brantwell Reach.  
Longmere Spokegate Brantwell Gatehouse in the Brantwell Reach.  
Longmere Spokegate Brantwell Gatehouse in the",True,True,True,False,1.5620692369993776,-0.001116097206249833,689,536,4232
LEARNED_JOINT,8.0,A-s11-d0-t4096,4096,semantic,crimson,blue-blue (blue-blue) (blue-blue) (blue-blue) (blue-blue) (blue-blue) (blue-blue) (blue-blue) (blue-blue) (blue-blue) (blue-blue) (blue-blue) (blue,False,False,False,True,-3.9377622057218105,-3.93868088722229,669,529,4232
LEARNED_JOINT,8.0,A-s11-d0-t4096,4096,identifier,MB-3138-XD,RT-3182-KP-XD-XD-XD-XD-XD-XD-XD-XD-XD-XD-XD-XD-XD-XD-XD-XD-XD-XD-XD-XD,False,False,False,False,-0.33705759048461914,-1.4588717222213745,673,529,4232
LEARNED_JOINT,8.0,A-s11-d0-t4096,4096,number,"11,583","32,954 credits.",False,False,False,False,0.1514969766139984,-0.49549922347068787,636,529,4232
LEARNED_JOINT,8.0,A-s11-d0-t4096,4096,date,2031-04-12,2031-04-07-2031-04-07-2031-04-07-2031-04-07-2031,False,False,False,False,0.26132750511169434,-0.736538827419281,673,529,4232
LEARNED_JOINT,8.0,A-s11-d0-t4096,4096,hash,6d6f05e42e59ccb9,d66f0d9e59c7eb799876bec7eb799876bec7eb799876bec7eb799876bec7,False,False,False,False,2.1619858741760254,-1.6677801609039307,671,529,4232
LEARNED_JOINT,8.0,A-s11-d0-t4096,4096,path,/var/opt/mirren/spool/kx73.log,"/var/opt/mirren/spool/kx73.log
/var/opt/mirren/spool/kx52.log
/var/opt/mirren/spool/kx73.log
/var/opt/mirren/spool/kx",False,True,True,True,0.3671966167166829,-0.012369784526526928,671,529,4232
LEARNED_JOINT,8.0,A-s11-d0-t4096,4096,url,https://depot.example.net/rel/4062,https://depot.example.net/rel/4085/spool/kx73.log.brainwell.spool.kx73.log.brainwell.spool.kx73.log.brainwell.spool.kx7,False,False,False,False,0.4895741492509842,-0.18229196965694427,672,529,4232
LEARNED_JOINT,8.0,A-s11-d0-t4096,4096,proper_noun,Tobias Vantol,"Halvard Nieminen-Holmberg 📜
Halvard Nieminen-Holmberg 📜
Halvard Nieminen-Holmberg 📜
Halvard Nieminen-Holmberg",False,False,False,True,-1.5406912714242935,-1.6645296812057495,673,529,4232
LEARNED_JOINT,8.0,A-s11-d0-t4096,4096,composition,Longmere,"Ravensgate Ranges, Ravensgate, Scotland.",False,False,False,True,-4.937684840377187,-4.937778472900391,647,529,4232
LEARNED,16.0,A-s11-d0-t4096,4096,semantic,crimson,"crimson
crimson
crimson
crimson
crimson
crimson
crimson
crimson
crimson
crimson
crimson
crimson
crimson
crimson
crimson
crimson",True,True,True,False,0.9473157078027725,-0.19759152829647064,412,272,4232
LEARNED,16.0,A-s11-d0-t4096,4096,identifier,MB-3138-XD,MB-3138-XD-KP-RT-27bb-7276-7276-7276-7276-7276-7276-7,True,True,True,False,2.614055097103119,-0.22759133577346802,416,272,4232
LEARNED,16.0,A-s11-d0-t4096,4096,number,"11,583","15,983,158,625,625,625,625,625,625,625,625,625,6",False,False,False,False,-0.11516201496124268,-1.1558793783187866,418,272,4232
LEARNED,16.0,A-s11-d0-t4096,4096,date,2031-04-12,"2031-12-16.png
2031-12-16.png
2031-12-16.png
2031-12-16.png",False,False,False,False,0.3375176191329956,-0.8545345067977905,416,272,4232
LEARNED,16.0,A-s11-d0-t4096,4096,hash,6d6f05e42e59ccb9,7287276759276bbb776759276bbb776759276bbb776759276bbb7767,False,False,False,False,0.02109241485595703,-3.8245654106140137,414,272,4232
LEARNED,16.0,A-s11-d0-t4096,4096,path,/var/opt/mirren/spool/kx73.log,"/var/opt/mirren/spool/kx59.log
/var/opt/mirren/spool/kx59.log
/var/opt/mirren/spool/kx59.log
/var/opt/mirren/spool/kx",False,False,False,False,-0.7731070220470428,-1.205651044845581,414,272,4232
LEARNED,16.0,A-s11-d0-t4096,4096,url,https://depot.example.net/rel/4062,https://depot.example.net/rel/4062/spool/kx59.log.xbb727bb65cb727bb65cb727bb65cb727bb6,True,True,True,False,0.6775432527065277,-0.10281893610954285,415,272,4232
LEARNED,16.0,A-s11-d0-t4096,4096,proper_noun,Tobias Vantol,Tobias Vantolmbrighnighmbrighnighmbrighnighmbrighnighmbrighnighmbrighnighmbrighnighmbrighnighmbr,True,False,True,False,2.686072140932083,-0.011250466108322144,416,272,4232
LEARNED,16.0,A-s11-d0-t4096,4096,composition,Longmere,"Fennhollow Spokegate Tower in Brannwell, Scotland. Delightfully crafted in the style of a sparrow's nest, the structure is both functional and aesthetically pleasing, blending seamlessly with the surrounding landscape. The",False,False,False,False,-1.5031862258911133,-2.130072832107544,425,272,4232
LEARNED_JOINT,16.0,A-s11-d0-t4096,4096,semantic,crimson,blue-blue-blue-blue-blue-blue-blue-blue-blue-blue-blue-blue-blue-blue-blue-blue-blue-blue-blue-blue-blue-blue-blue-blue-blue-blue-blue-blue-blue-blue-blue-blue-blue-blue-blue-blue-blue-blue-blue-blue-blue-blue-blue-blue-blue-blue-blue-blue,False,False,False,True,-7.313570525613613,-7.3137993812561035,405,265,4232
LEARNED_JOINT,16.0,A-s11-d0-t4096,4096,identifier,MB-3138-XD,RT-8012-KP-RT-8012-KP-RT-8012-KP-RT-8012-KP-RT-8012-KP-RT-8,False,False,False,True,-1.638641394674778,-1.7271413803100586,409,265,4232
LEARNED_JOINT,16.0,A-s11-d0-t4096,4096,number,"11,583","11,583 credits.",True,True,True,False,2.255078550428152,-0.007522109895944595,372,265,4232
LEARNED_JOINT,16.0,A-s11-d0-t4096,4096,date,2031-04-12,2031-12-04ccb8ebbec59cb9748833b9748833b9748833b9748833,False,False,False,False,1.48931185901165,-0.24042709171772003,409,265,4232
LEARNED_JOINT,16.0,A-s11-d0-t4096,4096,hash,6d6f05e42e59ccb9,bccbec8ebbc957ccb957ccb957ccb957ccb957ccb957ccb957ccb957ccb957ccb957ccb957,False,False,False,False,0.8682591915130615,-3.1921708583831787,407,265,4232
LEARNED_JOINT,16.0,A-s11-d0-t4096,4096,path,/var/opt/mirren/spool/kx73.log,"/var/opt/mirren/spool/kx77.log
/var/opt/mirren/spool/kx77.log
/var/opt/mirren/spool/kx77.log
/var/opt/mirren/spool/kx",False,False,False,False,0.7325870394706726,-0.1979353427886963,407,265,4232
LEARNED_JOINT,16.0,A-s11-d0-t4096,4096,url,https://depot.example.net/rel/4062,https://depot.example.net/rel/4085/spool/kx77.log.gz?token=89cb5e9c-76cb-4c8c-9c3c-89,False,False,False,False,-0.043427109718322754,-0.7154975533485413,408,265,4232
LEARNED_JOINT,16.0,A-s11-d0-t4096,4096,proper_noun,Tobias Vantol,"Halvard Brannigan 🤗
Halvard Brannigan 🤗
Halvard Brannigan 🤗
Halvard Brannigan 🤗
Halvard Brannigan 🤗
Halvard Br",False,False,False,False,0.13975708186626434,-0.1987506002187729,409,265,4232
LEARNED_JOINT,16.0,A-s11-d0-t4096,4096,composition,Longmere,Ravensgate Spokewell Tower (Ravensgate Spokewell Tower),False,False,False,True,-6.88269943834166,-6.8829193115234375,389,265,4232
NATIVE,1.0,A-s11-d0-t4096,4096,semantic,crimson,crimson,True,True,True,False,26.063643214059994,-0.0011436969507485628,4325,,4232
NOCTX,1.0,A-s11-d0-t4096,4096,semantic,crimson,UNKNOWN,False,False,False,False,-0.5244312286376953,-7.538076877593994,89,,4232
BUDGET,2.0,A-s11-d0-t4096,4096,semantic,crimson,Answer: blue,False,False,False,True,-5.489688873291016,-10.635428428649902,2205,,4232
BUDGET,4.0,A-s11-d0-t4096,4096,semantic,crimson,None,False,False,False,False,-1.9554023742675781,-12.357351303100586,1156,,4232
BUDGET,8.0,A-s11-d0-t4096,4096,semantic,crimson,None,False,False,False,False,2.361800193786621,-13.674323081970215,625,,4232
BUDGET,16.0,A-s11-d0-t4096,4096,semantic,crimson,None,False,False,False,False,5.639009475708008,-12.951520919799805,361,,4232
NATIVE,1.0,A-s11-d0-t4096,4096,identifier,MB-3138-XD,MB-3138-XD,True,True,True,False,4.73437498509884,-1.4901160305669237e-08,4329,,4232
NOCTX,1.0,A-s11-d0-t4096,4096,identifier,MB-3138-XD,Mirren-4006,False,False,False,False,0.4748692512512207,-5.718931198120117,93,,4232
BUDGET,2.0,A-s11-d0-t4096,4096,identifier,MB-3138-XD,None.,False,False,False,False,-0.042728424072265625,-6.413003921508789,2209,,4232
BUDGET,4.0,A-s11-d0-t4096,4096,identifier,MB-3138-XD,None,False,False,False,False,-0.24223041534423828,-6.2253098487854,1160,,4232
BUDGET,8.0,A-s11-d0-t4096,4096,identifier,MB-3138-XD,None,False,False,False,False,-0.31026744842529297,-6.2595109939575195,629,,4232
BUDGET,16.0,A-s11-d0-t4096,4096,identifier,MB-3138-XD,None,False,False,False,False,-0.2184886932373047,-6.558104991912842,365,,4232
NATIVE,1.0,A-s11-d0-t4096,4096,number,"11,583","11,583",True,True,True,False,4.854173183441162,0.0,4331,,4232
NOCTX,1.0,A-s11-d0-t4096,4096,number,"11,583",1250000,False,False,False,False,-0.1509850025177002,-2.8484954833984375,95,,4232
BUDGET,2.0,A-s11-d0-t4096,4096,number,"11,583","11,583",True,True,True,False,8.600239276886668,-4.7683647608209867e-07,2211,,4232
BUDGET,4.0,A-s11-d0-t4096,4096,number,"11,583",0,False,False,False,False,-0.1853189468383789,-4.77355432510376,1162,,4232
BUDGET,8.0,A-s11-d0-t4096,4096,number,"11,583",0,False,False,False,False,0.1503748893737793,-4.499584674835205,631,,4232
BUDGET,16.0,A-s11-d0-t4096,4096,number,"11,583",0,False,False,False,False,-0.034595489501953125,-5.404061794281006,367,,4232
NATIVE,1.0,A-s11-d0-t4096,4096,date,2031-04-12,2031-04-12,True,True,True,False,3.4500911235809326,0.0,4329,,4232
NOCTX,1.0,A-s11-d0-t4096,4096,date,2031-04-12,"April 15, 2023",False,False,False,False,0.29792284965515137,-2.4945075511932373,93,,4232
BUDGET,2.0,A-s11-d0-t4096,4096,date,2031-04-12,The thermal audit for Ordell-4035 closed on 2030-01-16.,False,False,False,True,-4.0183135867118835,-4.755879878997803,2209,,4232
BUDGET,4.0,A-s11-d0-t4096,4096,date,2031-04-12,No exact date is provided in the document for the electrical audit for Ordell-4034.,False,False,False,False,0.14579534530639648,-2.798482894897461,1160,,4232
BUDGET,8.0,A-s11-d0-t4096,4096,date,2031-04-12,None,False,False,False,False,0.19690585136413574,-2.7845234870910645,629,,4232
BUDGET,16.0,A-s11-d0-t4096,4096,date,2031-04-12,The document does not mention the date when the electrical audit for Ordell-4034 closed.,False,False,False,False,0.2085583209991455,-2.967402696609497,365,,4232
NATIVE,1.0,A-s11-d0-t4096,4096,hash,6d6f05e42e59ccb9,6d6f05e42e59ccb9,True,True,True,False,5.012499809265137,0.0,4327,,4232
NOCTX,1.0,A-s11-d0-t4096,4096,hash,6d6f05e42e59ccb9,0x3a7d6f8e1c2b4a5f6d7e8f9a0b1c2d3e4f5a6b7c8d9e0f,False,False,False,False,2.5144851207733154,-3.5481016635894775,91,,4232
BUDGET,2.0,A-s11-d0-t4096,4096,hash,6d6f05e42e59ccb9,6d6f05e42e59ccb9,True,True,True,False,9.776468276977539,0.0,2207,,4232
BUDGET,4.0,A-s11-d0-t4096,4096,hash,6d6f05e42e59ccb9,Answer: Not applicable.,False,False,False,False,2.881169319152832,-4.516476154327393,1158,,4232
BUDGET,8.0,A-s11-d0-t4096,4096,hash,6d6f05e42e59ccb9,Answer: Not applicable.,False,False,False,False,2.83438777923584,-4.4587626457214355,627,,4232
BUDGET,16.0,A-s11-d0-t4096,4096,hash,6d6f05e42e59ccb9,Answer: Not applicable.,False,False,False,False,2.8074698448181152,-4.536946773529053,363,,4232
NATIVE,1.0,A-s11-d0-t4096,4096,path,/var/opt/mirren/spool/kx73.log,/var/opt/mirren/spool/kx73.log,True,True,True,False,2.5520834134376855,-1.0330840268579777e-05,4327,,4232
NOCTX,1.0,A-s11-d0-t4096,4096,path,/var/opt/mirren/spool/kx73.log,/Calder-4073/diagnostics,False,False,False,False,0.19005870819091797,-7.0123610496521,91,,4232
BUDGET,2.0,A-s11-d0-t4096,4096,path,/var/opt/mirren/spool/kx73.log,Diagnostics for Calder-4074 are written to /var/opt/mirren/spool/kx52.log.,False,False,False,True,-2.4169352054595947,-2.8159570693969727,2207,,4232
BUDGET,4.0,A-s11-d0-t4096,4096,path,/var/opt/mirren/spool/kx73.log,None,False,False,False,False,0.33346986770629883,-6.369567394256592,1158,,4232
BUDGET,8.0,A-s11-d0-t4096,4096,path,/var/opt/mirren/spool/kx73.log,Answer: /calder/4073/diagnostics,False,False,False,False,0.38536548614501953,-6.424992084503174,627,,4232
BUDGET,16.0,A-s11-d0-t4096,4096,path,/var/opt/mirren/spool/kx73.log,Answer: /data/calder-4073/diagnostics,False,False,False,False,0.3401799201965332,-6.250314235687256,363,,4232
NATIVE,1.0,A-s11-d0-t4096,4096,url,https://depot.example.net/rel/4062,https://depot.example.net/rel/4062,True,True,True,False,2.608221099927121,-1.9256860639416118e-07,4328,,4232
NOCTX,1.0,A-s11-d0-t4096,4096,url,https://depot.example.net/rel/4062,http://mirror.its.dal.ca/mirrors/centos/7.6.1810/uros/uros-4089/,False,False,False,False,0.5256414413452148,-5.717329978942871,92,,4232
BUDGET,2.0,A-s11-d0-t4096,4096,url,https://depot.example.net/rel/4062,https://depot.example.net/rel/4062,True,True,True,False,6.628267645835976,-1.1920919007479824e-07,2208,,4232
BUDGET,4.0,A-s11-d0-t4096,4096,url,https://depot.example.net/rel/4062,None.,False,False,False,False,1.1051020622253418,-5.440536975860596,1159,,4232
BUDGET,8.0,A-s11-d0-t4096,4096,url,https://depot.example.net/rel/4062,None.,False,False,False,False,1.1909480094909668,-5.456809997558594,628,,4232
BUDGET,16.0,A-s11-d0-t4096,4096,url,https://depot.example.net/rel/4062,None,False,False,False,False,1.0782318115234375,-5.772655010223389,364,,4232
NATIVE,1.0,A-s11-d0-t4096,4096,proper_noun,Tobias Vantol,Tobias Vantol,True,True,True,False,10.012517889340721,-3.973642748178463e-08,4329,,4232
NOCTX,1.0,A-s11-d0-t4096,4096,proper_noun,Tobias Vantol,UNKNOWN,False,False,False,False,0.0808420181274414,-6.69732666015625,93,,4232
BUDGET,2.0,A-s11-d0-t4096,4096,proper_noun,Tobias Vantol,Halvard Nieminen,False,False,False,True,-7.756350541116262,-7.756351470947266,2209,,4232
BUDGET,4.0,A-s11-d0-t4096,4096,proper_noun,Tobias Vantol,Answer: Casimir Vantol,False,False,False,False,7.749289155006409,-1.7244294881820679,1160,,4232
BUDGET,8.0,A-s11-d0-t4096,4096,proper_noun,Tobias Vantol,None.,False,False,False,False,7.951243877410889,-1.6446776390075684,629,,4232
BUDGET,16.0,A-s11-d0-t4096,4096,proper_noun,Tobias Vantol,None.,False,False,False,False,-2.4952807426452637,-10.332490921020508,365,,4232
NATIVE,1.0,A-s11-d0-t4096,4096,composition,Longmere,Longmere,True,True,True,False,7.813416779894396,-2.9265027478686534e-05,4338,,4232
NOCTX,1.0,A-s11-d0-t4096,4096,composition,Longmere,UNKNOWN,False,False,False,False,-7.3256330490112305,-13.014480590820312,102,,4232
BUDGET,2.0,A-s11-d0-t4096,4096,composition,Longmere,Ravensgate,False,False,False,True,-17.718567646239535,-17.71875,2218,,4232
BUDGET,4.0,A-s11-d0-t4096,4096,composition,Longmere,Ravensgate,False,False,False,True,-16.12483706389321,-16.125,1169,,4232
BUDGET,8.0,A-s11-d0-t4096,4096,composition,Longmere,None,False,False,False,False,-3.0420382022857666,-5.085088729858398,638,,4232
BUDGET,16.0,A-s11-d0-t4096,4096,composition,Longmere,None,False,False,False,False,-3.8665037155151367,-5.85827112197876,374,,4232
LEARNED,2.0,A-s11-d1-t4096,4096,semantic,olive,"olive
</think>

olive
</think>

olive
</think>

olive
</think>

olive",True,True,True,False,5.563600008696085,-9.685257100500166e-05,2231,2117,4227
LEARNED,2.0,A-s11-d1-t4096,4096,identifier,QZ-1902-KP,RT-7370-RT-X-X-X-X-X-X-X-X-X-X-X-X-X-X-X-X-X-X-X-X-X-X-X-X-X-X-X-X-X-X-X-X-X-X-X-X-X-X-X-X,False,False,False,True,-1.1165742541343207,-1.1166590452194214,2261,2117,4227
LEARNED,2.0,A-s11-d1-t4096,4096,number,"49,297","15,336,817,615,615,615,615,615,615,615,615,615,6",False,False,False,True,-0.12498097866773605,-0.1899522989988327,2263,2117,4227
LEARNED,2.0,A-s11-d1-t4096,4096,date,2029-04-26,"2029-04-26
</think>

2029-04-26",True,True,True,False,0.4034259415930137,-0.001822074525989592,2237,2117,4227
LEARNED,2.0,A-s11-d1-t4096,4096,hash,068b48d601cdaf2a,068b48d601cdaf2a6e51688888888888888888888888888888,True,False,True,False,0.5348906438593986,-0.00021142551850061864,2259,2117,4227
LEARNED,2.0,A-s11-d1-t4096,4096,path,/srv/calder/spool/kx44.log,"/srv/calder/spool/kx44.log
/opt/vestry/spool/kx44.log
/opt/vestry/spool/kx44.log
/srv/calder/spool/kx44.log",True,True,True,False,1.1705076583166374,-0.00012077014253009111,2260,2117,4227
LEARNED,2.0,A-s11-d1-t4096,4096,url,https://depot.example.net/rel/7096,https://depot.example.net/rel/7096/tb/6268/kx/48d6/01cdaf2a68b87e5d621e0ce,True,True,True,False,0.7497376337414607,-0.0005582437152042985,2260,2117,4227
LEARNED,2.0,A-s11-d1-t4096,4096,proper_noun,Rowena Delacroix,"Ingrid Vantolighi
</think>

Ingrid Vantolighi
</think>

Ingrid Vantolighi
</think>

Ingrid Vantolighi
</think>

Ingrid Vantolighi",False,False,False,False,-0.5915892124176025,-2.9200291633605957,2260,2117,4227
LEARNED,2.0,A-s11-d1-t4096,4096,composition,Ashcombe,Ashcombecombecombecombecombecombecombecombecombecombecombecombecombecombecombecombecombecombecombecombecombecombecombecombecombecombecombecombecombecombecombecombecombecombecombecombecombecombecombecombecombecombecombecombecombecombecombe,True,False,True,False,2.4999075707164593,-0.00027768051950260997,2271,2117,4227
LEARNED_JOINT,2.0,A-s11-d1-t4096,4096,semantic,olive,"crimson
crimson
crimson
crimson
crimson
crimson
crimson
crimson
crimson
crimson
crimson
crimson
crimson
crimson
crimson
crimson",False,False,False,True,-0.8750778585672379,-0.9553804993629456,2252,2114,4227
LEARNED_JOINT,2.0,A-s11-d1-t4096,4096,identifier,QZ-1902-KP,RT-7370-RT-RT-RT-RT-RT-RT-RT-RT-RT-RT-RT-RT-RT-RT-RT-RT-RT-RT-RT-RT-RT,False,False,False,True,-0.24858512356877327,-0.26125651597976685,2258,2114,4227
LEARNED_JOINT,2.0,A-s11-d1-t4096,4096,number,"49,297","49,297.00 credits.",True,True,True,False,2.853670835534558,-4.291494860808598e-06,2224,2114,4227
LEARNED_JOINT,2.0,A-s11-d1-t4096,4096,date,2029-04-26,"2029-04-26
</think>

2029-04-26",True,True,True,False,2.2251047134627697,-3.194786131643923e-06,2234,2114,4227
LEARNED_JOINT,2.0,A-s11-d1-t4096,4096,hash,068b48d601cdaf2a,068b48d601cdaf2a0086b48d601cdaf2a0086b48d601cdaf2a0086,True,False,True,False,0.1168802073225379,-0.011800871230661869,2256,2114,4227
LEARNED_JOINT,2.0,A-s11-d1-t4096,4096,path,/srv/calder/spool/kx44.log,"/srv/calder/spool/kx84.log
/srv/calder/spool/kx44.log
/srv/calder/spool/kx88.log
/srv/calder/spool/kx84.log",False,True,True,True,-1.136375570713426,-1.136446237564087,2257,2114,4227
LEARNED_JOINT,2.0,A-s11-d1-t4096,4096,url,https://depot.example.net/rel/7096,https://relay.example.org/rel/28277/kx84.log?rel=28277&rel=28277&rel=28277&rel=282,False,False,False,True,-0.10534762963652611,-0.1533970683813095,2257,2114,4227
LEARNED_JOINT,2.0,A-s11-d1-t4096,4096,proper_noun,Rowena Delacroix,"Casimir Sorley, the captain of the Ashcombe defenders, signed off on the Calder-7575 handover.",False,False,False,True,-1.164514034986496,-1.3267738819122314,2236,2114,4227
LEARNED_JOINT,2.0,A-s11-d1-t4096,4096,composition,Ashcombe,"Draywell Spoolyard, Draywell, Ashcombe, Ashcombe, Ashcombe, Ashcombe, Ashcombe, Ashcombe, Ashcombe, Ashcombe, Ashcombe, Ashcombe, Ashcombe, Ashcombe, Ash",False,True,True,True,-5.0000052455689,-5.000022888183594,2268,2114,4227
LEARNED,4.0,A-s11-d1-t4096,4096,semantic,olive,"olive
slate
olive
slate
olive
slate
olive
slate
olive
slate
olive
slate
olive
slate
olive
slate",True,True,True,False,4.125315827783197,-0.00025780731812119484,1201,1063,4227
LEARNED,4.0,A-s11-d1-t4096,4096,identifier,QZ-1902-KP,RT-7370-RT-XK-RT-XK-RT-XK-RT-XK-RT-XK-RT-XK-RT-XK-RT-XK-RT-XK-RT-XK-RT,False,False,False,True,-2.839224462630227,-2.840421199798584,1207,1063,4227
LEARNED,4.0,A-s11-d1-t4096,4096,number,"49,297","49,297,616 credits.",True,True,True,False,2.26994479727,-0.013462652452290058,1174,1063,4227
LEARNED,4.0,A-s11-d1-t4096,4096,date,2029-04-26,"2031-03-18
2031-03-18
2031-03-18
2031-03-18
2031",False,False,False,True,-0.27243997529149055,-0.331128865480423,1207,1063,4227
LEARNED,4.0,A-s11-d1-t4096,4096,hash,068b48d601cdaf2a,068b4d861cdaf2a762e11b0e562681e562681e562681e56268,False,False,False,False,0.4568077325820923,-0.7021216154098511,1205,1063,4227
LEARNED,4.0,A-s11-d1-t4096,4096,path,/srv/calder/spool/kx44.log,"/srv/calder/spool/kx44.log
/srv/calder/spool/kx44.log
/srv/calder/spool/kx44.log
/srv/calder/spool/kx44.log",True,True,True,False,0.6481185463489965,-0.0004128905711695552,1206,1063,4227
LEARNED,4.0,A-s11-d1-t4096,4096,url,https://depot.example.net/rel/7096,https://depot.example.net/rel/709696/spool/kx44.log?raw=1&token=680b4d62cd1af2a78b808,True,False,True,False,1.0530662712990306,-0.0003772797645069659,1206,1063,4227
LEARNED,4.0,A-s11-d1-t4096,4096,proper_noun,Rowena Delacroix,Ingrid Sorley Brannigan Brannigan Brannigan Brannigan Brannigan Brannigan Brannigan Brannigan Brannigan Brannigan Brannigan Brannigan Brannigan Brannigan Brann,False,False,False,False,-0.2695639133453369,-1.9630953073501587,1206,1063,4227
LEARNED,4.0,A-s11-d1-t4096,4096,composition,Ashcombe,"Ashcombe Brandywell Sparring Hall, Ashcombe Brandywell Sparring Hall, Ashcombe Brandywell Sparring Hall, Ashcombe Brandywell Sparring Hall, Ashcombe Brandywell Sparring Hall, Ashcombe Br",True,True,True,False,2.208232486038469,-0.0006639125058427453,1217,1063,4227
LEARNED_JOINT,4.0,A-s11-d1-t4096,4096,semantic,olive,"crimson
olive
crimson
olive
crimson
olive
crimson
olive
crimson
olive
crimson
olive
crimson
olive
crimson
olice",False,True,True,True,-1.126184143126011,-1.176543116569519,1195,1057,4227
LEARNED_JOINT,4.0,A-s11-d1-t4096,4096,identifier,QZ-1902-KP,RT-7370-RT-7370-RT-7370-RT-7370-RT-7370-RT-7370-RT-7370,False,False,False,True,-1.3365072057349607,-1.3371769189834595,1201,1057,4227
LEARNED_JOINT,4.0,A-s11-d1-t4096,4096,number,"49,297","49,297,961.6161616161616161616161616161616161616",True,True,True,False,3.3328487671678886,-0.0011699401075020432,1203,1057,4227
LEARNED_JOINT,4.0,A-s11-d1-t4096,4096,date,2029-04-26,2029-04-26,True,True,True,False,1.9047631145967898,-9.286259228247218e-06,1164,1057,4227
LEARNED_JOINT,4.0,A-s11-d1-t4096,4096,hash,068b48d601cdaf2a,0d21e0ce62684354508b46d80e10800000000000000000000,False,False,False,False,-0.8561450242996216,-1.6036901473999023,1199,1057,4227
LEARNED_JOINT,4.0,A-s11-d1-t4096,4096,path,/srv/calder/spool/kx44.log,"/srv/calder/spool/kx84.log
/srv/calder/spool/kx84.log
/srv/calder/spool/kx84.log
/srv/calder/spool/kx84.log",False,False,False,True,-0.7730003562464844,-0.7732834219932556,1200,1057,4227
LEARNED_JOINT,4.0,A-s11-d1-t4096,4096,url,https://depot.example.net/rel/7096,https://depot.example.net/rel/7096/spool/kx84.log?raw=1&token=RTXQZUZVZUZVZUZVZUZVZU,True,True,True,False,0.14473429322242737,-0.03488321602344513,1200,1057,4227
LEARNED_JOINT,4.0,A-s11-d1-t4096,4096,proper_noun,Rowena Delacroix,Anselm Brannigan Brannigan Brannigan Brannigan Brannigan Brannigan Brannigan Brannigan Brannigan Brannigan Brannigan Brannigan Brannigan Brannigan Brannigan,False,False,False,False,-1.3966091871261597,-2.0957703590393066,1200,1057,4227
LEARNED_JOINT,4.0,A-s11-d1-t4096,4096,composition,Ashcombe,"Draywell Spineyard, Draywell Spineyard, Draywell Spineyard, Draywell Spineyard, Draywell Spineyard, Draywell Spineyard, Draywell Spineyard",False,False,False,True,-9.999991258086993,-10.000000953674316,1211,1057,4227
RANDOM,4.0,A-s11-d1-t4096,4096,semantic,olive,"slate grey
slate grey
slate grey
slate grey
slate grey
slate grey
slate grey
slate grey
slate grey
slate grey
slate grey
slate grey",False,False,False,False,1.9205348491668701,-2.7246081829071045,1201,1063,4227
RANDOM,4.0,A-s11-d1-t4096,4096,identifier,QZ-1902-KP,KP-7453-XB-RT-2289-XB-RT-2289-XB-RT-2289-XB-RT-2289-XB-RT-2,False,False,False,False,-0.24179553985595703,-2.358724355697632,1207,1063,4227
RANDOM,4.0,A-s11-d1-t4096,4096,number,"49,297","32,897 credits.  
Wait, no, the document says ""32,897 credits."" Let me check again. The document mentions ""32,897 credits."" That's the exact value.",False,False,False,False,0.18986940383911133,-1.9646825790405273,1209,1063,4227
RANDOM,4.0,A-s11-d1-t4096,4096,date,2029-04-26,"2030-09-29
</think>

2030-09-29",False,False,False,False,0.29507535696029663,-0.7011105418205261,1183,1063,4227
RANDOM,4.0,A-s11-d1-t4096,4096,hash,068b48d601cdaf2a,d8215c6b5050405050505050505050505050505050505050,False,False,False,False,-0.33181118965148926,-3.2610223293304443,1205,1063,4227
RANDOM,4.0,A-s11-d1-t4096,4096,path,/srv/calder/spool/kx44.log,"/opt/vestry/spool/kx70.log
/opt/vestry/spool/kx70.log
/opt/vestry/spool/kx70.log
/opt/vestry/spool/kx70.log",False,False,False,False,-0.1864774227142334,-1.1815376281738281,1206,1063,4227
RANDOM,4.0,A-s11-d1-t4096,4096,url,https://depot.example.net/rel/7096,https://depot.example.net/rel/42878/rel/42878/spool/kx32.log.gz?token=slayth987654321098,False,False,False,False,0.33100563287734985,-0.9339978098869324,1206,1063,4227
RANDOM,4.0,A-s11-d1-t4096,4096,proper_noun,Rowena Delacroix,"Annie Sorley
</think>

Annie Sorley
</think>

Annie Sorley
</think>

Annie Sorley
</think>

Annie Sorley
</think>

Annie Sorley
</think>

Annie Sorley
</think>",False,False,False,False,-0.8615079522132874,-1.7384698390960693,1206,1063,4227
RANDOM,4.0,A-s11-d1-t4096,4096,composition,Ashcombe,"Ravensgate Tower Westgate Wing, Room 4275. Delightfully named after the Delightful Sorrel, the space is known for its elegant design and historical significance. The room is part of the Delight",False,False,False,False,-0.17365920543670654,-1.6085634231567383,1217,1063,4227
SHUFFLE_PAGES,4.0,A-s11-d1-t4096,4096,semantic,olive,"olive
slate
olive
slate
olive
slate
olive
slate
olive
slate
olive
slate
olive
slate
olive
slate",True,True,True,False,3.9377516707463656,-0.00034819039865396917,1201,1063,4227
SHUFFLE_PAGES,4.0,A-s11-d1-t4096,4096,identifier,QZ-1902-KP,RT-7370-RT-XK-RT-XK-RT-XK-RT-XK-RT-XK-RT-XK-RT-XK-RT-XK-RT-XK-RT-XK-RT,False,False,False,True,-2.960903680883348,-2.966292142868042,1207,1063,4227
SHUFFLE_PAGES,4.0,A-s11-d1-t4096,4096,number,"49,297","49,297,616 credits.",True,True,True,False,2.6054701465182006,-0.006996904034167528,1174,1063,4227
SHUFFLE_PAGES,4.0,A-s11-d1-t4096,4096,date,2029-04-26,"2039-04-26.png
2039-04-26.png
2039-04-26.png
2039-04-26.png",False,False,False,False,-0.12219595909118652,-0.2594841420650482,1207,1063,4227
SHUFFLE_PAGES,4.0,A-s11-d1-t4096,4096,hash,068b48d601cdaf2a,068b4d861cdaf2a762211e0b626ce8d6211e0b626ce8d6211e0b,False,False,False,False,0.5746135115623474,-0.7219750285148621,1205,1063,4227
SHUFFLE_PAGES,4.0,A-s11-d1-t4096,4096,path,/srv/calder/spool/kx44.log,"/srv/calder/spool/kx84.log
/opt/vestry/spool/kx84.log
/opt/vestry/spool/kx84.log
/srv/calder/spool/kx84.log",False,False,False,True,-0.31819158885627985,-0.3212423026561737,1206,1063,4227
SHUFFLE_PAGES,4.0,A-s11-d1-t4096,4096,url,https://depot.example.net/rel/7096,https://depot.example.net/rel/709696/spool/kx84.log?raw=1&token=068b4d861cdaf2a786547,True,False,True,False,1.0009056273847818,-0.0005092676728963852,1206,1063,4227
SHUFFLE_PAGES,4.0,A-s11-d1-t4096,4096,proper_noun,Rowena Delacroix,Ingrid Sorley Brannigan Brannigan Brannigan Brannigan Brannigan Brannigan Brannigan Brannigan Brannigan Brannigan Brannigan Brannigan Brannigan Brannigan Brann,False,False,False,False,-0.6793912649154663,-2.1942665576934814,1206,1063,4227
SHUFFLE_PAGES,4.0,A-s11-d1-t4096,4096,composition,Ashcombe,"Ashcombe Brandywell Sparring Hall, Ashcombe Brandywell Sparring Hall, Ashcombe Brandywell Sparring Hall, Ashcombe Brandywell Sparring Hall, Ashcombe Brandywell Sparring Hall, Ashcombe Br",True,True,True,False,2.583620297082234,-0.0002164968173019588,1217,1063,4227
WRONGPAGE,4.0,A-s11-d1-t4096,4096,semantic,olive,"blue
slight
crimson
crimson
blue
slight
crimson
crimson
blue
slight
crimson
crimson
blue
slight
crimson
crimson
blue
slight",False,False,False,True,-3.116899013519287,-8.305129051208496,1204,1066,4227
WRONGPAGE,4.0,A-s11-d1-t4096,4096,identifier,QZ-1902-KP,XD-8252-RT-RT-RT-RT-RT-RT-RT-RT-RT-RT-RT-RT-RT-RT-RT-RT-RT-RT-RT-RT-RT,False,False,False,False,-0.40320825576782227,-5.192195892333984,1210,1066,4227
WRONGPAGE,4.0,A-s11-d1-t4096,4096,number,"49,297","49,215,637,806,537,806,537,806,537,806,537,806,5",False,False,False,False,0.8778135776519775,-3.099231719970703,1212,1066,4227
WRONGPAGE,4.0,A-s11-d1-t4096,4096,date,2029-04-26,2031-02-19 (UTC),False,False,False,False,-0.743187427520752,-2.184086561203003,1176,1066,4227
WRONGPAGE,4.0,A-s11-d1-t4096,4096,hash,068b48d601cdaf2a,3678a8b60608c5d3f87355f87355f87355f87355f87355f8,False,False,False,False,-0.538670539855957,-4.277881145477295,1208,1066,4227
WRONGPAGE,4.0,A-s11-d1-t4096,4096,path,/srv/calder/spool/kx44.log,"/var/opt/mirren/spool/kx54.log
/opt/vestry/spool/kx14.log
/opt/vestry/spool/kx14.log
/opt/vestry/spool/kx14.log",False,False,False,False,0.023097634315490723,-1.445864200592041,1209,1066,4227
WRONGPAGE,4.0,A-s11-d1-t4096,4096,url,https://depot.example.net/rel/7096,https://relay.example.org/rel/6364?rel=rel/6364&rel=rel/6364&rel=rel/6364&rel=rel/6364,False,False,False,False,-0.3502899408340454,-2.0674889087677,1209,1066,4227
WRONGPAGE,4.0,A-s11-d1-t4096,4096,proper_noun,Rowena Delacroix,Halvard Sorley Brannigan Brannigan Brannigan Brannigan Brannigan Brannigan Brannigan Brannigan Brannigan Brannigan Brannigan Brannigan Brannigan Brannigan Brann,False,False,False,False,-0.7603968381881714,-1.9209747314453125,1209,1066,4227
WRONGPAGE,4.0,A-s11-d1-t4096,4096,composition,Ashcombe,Ashcombe Fennhollow gatehouse in the Ashcombe Fennhollow settlement. Ashcombe Fennhollow gatehouse in the Ashcombe Fennhollow settlement. Ashcombe Fennhollow gatehouse in the Ashcombe,True,True,True,False,4.870612273924053,-0.013173450715839863,1220,1066,4227
LEARNED,8.0,A-s11-d1-t4096,4096,semantic,olive,"olive
slate
crimson
olive
slate
crimson
olive
slate
crimson
olive
slate
crimson
olive
slate
crimson
olive",False,True,True,True,3.4997959412867203,-0.0010559282964095473,673,535,4227
LEARNED,8.0,A-s11-d1-t4096,4096,identifier,QZ-1902-KP,RT-7370-RT-7370-RT-7370-RT-7370-RT-7370-RT-7370-RT-7370,False,False,False,True,-1.5343257784843445,-1.6024785041809082,679,535,4227
LEARNED,8.0,A-s11-d1-t4096,4096,number,"49,297","49,297 credits.",True,True,True,False,3.6905550458468497,-0.004630615469068289,642,535,4227
LEARNED,8.0,A-s11-d1-t4096,4096,date,2029-04-26,"2032-03-18
2032-03-18
2032-03-18
2032-03-18
2032",False,False,False,False,-0.8582978844642639,-1.1576753854751587,679,535,4227
LEARNED,8.0,A-s11-d1-t4096,4096,hash,068b48d601cdaf2a,d6265ce261cd48354835483548354835483548354835483548,False,False,False,False,0.03236711025238037,-1.6911534070968628,677,535,4227
LEARNED,8.0,A-s11-d1-t4096,4096,path,/srv/calder/spool/kx44.log,"/srv/calder/spool/kx44.log
/srv/mirren/spool/kx44.log
/srv/mirren/spool/kx44.log
/srv/mirren/spool/kx4",True,True,True,False,0.2499687415547669,-0.006916339974850416,678,535,4227
LEARNED,8.0,A-s11-d1-t4096,4096,url,https://depot.example.net/rel/7096,https://depot.example.net/rel/7096/spool/kx84.log.zst?download=1&token=680b682c10cdaf2a5220a,True,True,True,False,0.7272383011877537,-0.02175956591963768,678,535,4227
LEARNED,8.0,A-s11-d1-t4096,4096,proper_noun,Rowena Delacroix,"Ingrid Sorley Delacroix
Ingrid Sorley Delacroix
Ingrid Sorley Delacroix
Ingrid Sorley Delacroix
Ingrid Sorley Delacroix
Ingrid Sorley Delacroix",False,False,False,False,-0.867367684841156,-1.3256603479385376,678,535,4227
LEARNED,8.0,A-s11-d1-t4096,4096,composition,Ashcombe,Ashcombe Spokegate Brantwell Gateway (Ashcombe Spokegate Brantwell Gateway) in the Ashcombe Spokegate Brantwell Gateway (Ashcombe Spokegate Brantwell Gateway) in the,True,True,True,False,1.957884559291415,-0.001405825954861939,689,535,4227
LEARNED_JOINT,8.0,A-s11-d1-t4096,4096,semantic,olive,crimson crimson crimson crimson crimson crimson crimson crimson crimson crimson crimson crimson crimson crimson crimson crimson crimson crimson crimson crimson crimson crimson crimson crimson crimson crimson crimson crimson crimson crimson crimson crimson crimson crimson crimson crimson crimson crimson crimson crimson crimson crimson crimson crimson crimson crimson crimson,False,False,False,True,-4.57556681643473,-4.576295375823975,667,529,4227
LEARNED_JOINT,8.0,A-s11-d1-t4096,4096,identifier,QZ-1902-KP,RT-7370-RT-7370-RT-7370-RT-7370-RT-7370-RT-7370-RT-7370,False,False,False,True,-1.063672580756247,-1.077860713005066,673,529,4227
LEARNED_JOINT,8.0,A-s11-d1-t4096,4096,number,"49,297","49,297,921,921,921,921,921,921,921,921,921,921,9",True,True,True,False,3.212553741876036,-0.005181548651307821,675,529,4227
LEARNED_JOINT,8.0,A-s11-d1-t4096,4096,date,2029-04-26,"2029-04-26
2029-04-26
2029-04-26
2029-04-26
2029",True,True,True,False,0.7139585934055503,-0.00013163467519916594,673,529,4227
LEARNED_JOINT,8.0,A-s11-d1-t4096,4096,hash,068b48d601cdaf2a,d68b406626ce42fa1c68d6b8d62153456268e53456268e5345,False,False,False,False,-1.4719465970993042,-3.1461868286132812,671,529,4227
LEARNED_JOINT,8.0,A-s11-d1-t4096,4096,path,/srv/calder/spool/kx44.log,"/srv/calder/spool/kx84.log
/srv/calder/spool/kx84.log
/srv/calder/spool/kx84.log
/srv/calder/spool/kx84.log",False,False,False,True,-1.443088921252638,-1.4445663690567017,672,529,4227
LEARNED_JOINT,8.0,A-s11-d1-t4096,4096,url,https://depot.example.net/rel/7096,https://relay.example.org/rel/2827.html?rel=2827&rel=2827&rel=2827&rel=2827&rel=2827,False,False,False,True,-0.03194805979728699,-0.11643776297569275,672,529,4227
LEARNED_JOINT,8.0,A-s11-d1-t4096,4096,proper_noun,Rowena Delacroix,"Casimir Sorley
Casimir Sorley
Casimir Sorley
Casimir Sorley
Casimir Sorley
Casimir Sorley
Casimir Sorley
Casimir Sorley
Casimir Sorley
Casimir Sor",False,False,False,True,-1.1236664019525051,-1.1653006076812744,672,529,4227
LEARNED_JOINT,8.0,A-s11-d1-t4096,4096,composition,Ashcombe,"Ansongate Sparsley, Ashcombe, UK. Ashcombe, UK. Ashcombe, UK. Ashcombe, UK. Ashcombe, UK. Ashcombe, UK. Ashcombe, UK. Ashcombe, UK. Ash",True,True,True,False,0.9734076261520386,-1.704797625541687,683,529,4227
LEARNED,16.0,A-s11-d1-t4096,4096,semantic,olive,"olive
olive
olive
olive
olive
olive
olive
olive
olive
olive
olive
olive
olive
olive
olive
olive",True,True,True,False,3.24961279402487,-0.0015096806455403566,410,272,4227
LEARNED,16.0,A-s11-d1-t4096,4096,identifier,QZ-1902-KP,RT-3707-RT-3707-QZ-4656-RT-3707-QZ-4656-RT-3707-QZ-4656,False,False,False,False,-2.5748878717422485,-3.6541383266448975,416,272,4227
LEARNED,16.0,A-s11-d1-t4096,4096,number,"49,297","49,297 credits.",True,True,True,False,4.090088376775384,-0.026464929804205894,379,272,4227
LEARNED,16.0,A-s11-d1-t4096,4096,date,2029-04-26,"2029-03-18
2029-03-18
2029-03-18
2029-03-18
2029",False,False,False,False,-0.4301009178161621,-1.1947259902954102,416,272,4227
LEARNED,16.0,A-s11-d1-t4096,4096,hash,068b48d601cdaf2a,628625666825463551166806681680681680681680681680,False,False,False,False,0.16041016578674316,-2.473327875137329,414,272,4227
LEARNED,16.0,A-s11-d1-t4096,4096,path,/srv/calder/spool/kx44.log,"/srv/calder/spool/kx44.log
/srv/ashcombe/spool/kx44.log
/srv/ashcombe/spool/kx44.log
/srv/calder/spool/kx44",True,True,True,False,0.8444546991959214,-0.011536902748048306,415,272,4227
LEARNED,16.0,A-s11-d1-t4096,4096,url,https://depot.example.net/rel/7096,https://depot.example.net/rel/70969?url=28272745684568456845684568456845,True,False,True,False,0.6234971629455686,-0.010283793322741985,415,272,4227
LEARNED,16.0,A-s11-d1-t4096,4096,proper_noun,Rowena Delacroix,"Casimir Sorley
Casimir Sorley
Casimir Sorley
Casimir Sorley
Casimir Sorley
Casimir Sorley
Casimir Sorley
Casimir Sorley
Casimir Sorley
Casimir Sor",False,False,False,True,-1.904231995344162,-2.205385684967041,415,272,4227
LEARNED,16.0,A-s11-d1-t4096,4096,composition,Ashcombe,"Ashcombe Spokegate Gatehouse in Ashcombe, Westcombe, England.",True,True,True,False,5.583338320336225,-1.0430731890664902e-05,395,272,4227
LEARNED_JOINT,16.0,A-s11-d1-t4096,4096,semantic,olive,crimson crimson crimson crimson crimson crimson crimson crimson crimson crimson crimson crimson crimson crimson crimson crimson crimson crimson crimson crimson crimson crimson crimson crimson crimson crimson crimson crimson crimson crimson crimson crimson crimson crimson crimson crimson crimson crimson crimson crimson crimson crimson crimson crimson crimson crimson crimson,False,False,False,True,-4.934320690226741,-4.935571670532227,403,265,4227
LEARNED_JOINT,16.0,A-s11-d1-t4096,4096,identifier,QZ-1902-KP,KP-7370-RT-XK-RT-XK-RT-XK-RT-XK-RT-XK-RT-XK-RT-XK-RT-XK-RT-XK-RT-XK-RT,False,False,False,False,-1.98457932472229,-3.0002849102020264,409,265,4227
LEARNED_JOINT,16.0,A-s11-d1-t4096,4096,number,"49,297","49,297,987,987,987,987,987,987,987,987,987,987,9",True,True,True,False,2.605969723314047,-0.0167965330183506,411,265,4227
LEARNED_JOINT,16.0,A-s11-d1-t4096,4096,date,2029-04-26,2031-03-18,False,False,False,True,-0.5245686247944832,-0.5817468166351318,372,265,4227
LEARNED_JOINT,16.0,A-s11-d1-t4096,4096,hash,068b48d601cdaf2a,d621c6265824652746527465274652746527465274652746,False,False,False,False,-1.2949047088623047,-3.2968978881835938,407,265,4227
LEARNED_JOINT,16.0,A-s11-d1-t4096,4096,path,/srv/calder/spool/kx44.log,"/srv/calder/spool/kx84.log
/srv/calder/spool/kx84.log
/srv/calder/spool/kx84.log
/srv/calder/spool/kx84.log",False,False,False,True,-1.341005025897175,-1.3473674058914185,408,265,4227
LEARNED_JOINT,16.0,A-s11-d1-t4096,4096,url,https://depot.example.net/rel/7096,https://relay.example.org/rel/2728777777777777777777777777777777777777,False,False,False,False,-0.351904034614563,-0.7977491617202759,408,265,4227
LEARNED_JOINT,16.0,A-s11-d1-t4096,4096,proper_noun,Rowena Delacroix,Casimir Delacroix 🤴,False,False,False,False,-0.8279833197593689,-1.447584867477417,369,265,4227
LEARNED_JOINT,16.0,A-s11-d1-t4096,4096,composition,Ashcombe,Ashcombe Tower East Gate Tower West Gate Tower East Gate Tower West Gate Tower East Gate Tower West Gate Tower East Gate Tower West Gate Tower East Gate Tower West Gate Tower East Gate Tower West Gate Tower East Gate Tower West Gate Tower East Gate Tower,True,True,True,False,3.999692596436944,-0.000661693571601063,419,265,4227
NATIVE,1.0,A-s11-d1-t4096,4096,semantic,olive,olive,True,True,True,False,12.062499455176294,-0.003696986474096775,4318,,4227
NOCTX,1.0,A-s11-d1-t4096,4096,semantic,olive,Red,False,False,False,False,-1.5313243865966797,-7.820047378540039,87,,4227
BUDGET,2.0,A-s11-d1-t4096,4096,semantic,olive,olive,True,True,True,False,12.374999941210262,-0.0010920158820226789,2203,,4227
BUDGET,4.0,A-s11-d1-t4096,4096,semantic,olive,None,False,False,False,False,-5.671939373016357,-12.24198055267334,1153,,4227
BUDGET,8.0,A-s11-d1-t4096,4096,semantic,olive,None,False,False,False,False,-1.1485090255737305,-13.434203147888184,618,,4227
BUDGET,16.0,A-s11-d1-t4096,4096,semantic,olive,None,False,False,False,False,-1.257863998413086,-13.67426586151123,353,,4227
NATIVE,1.0,A-s11-d1-t4096,4096,identifier,QZ-1902-KP,QZ-1902-KP,True,True,True,False,3.5,0.0,4324,,4227
NOCTX,1.0,A-s11-d1-t4096,4096,identifier,QZ-1902-KP,UNKNOWN,False,False,False,False,0.22395086288452148,-5.773046970367432,93,,4227
BUDGET,2.0,A-s11-d1-t4096,4096,identifier,QZ-1902-KP,QZ-1902-KP,True,True,True,False,9.057489395141602,0.0,2209,,4227
BUDGET,4.0,A-s11-d1-t4096,4096,identifier,QZ-1902-KP,QZ-1902-KP,True,True,True,False,8.962714195251465,0.0,1159,,4227
BUDGET,8.0,A-s11-d1-t4096,4096,identifier,QZ-1902-KP,QZ-1902-KP,True,True,True,False,9.010588645935059,0.0,624,,4227
BUDGET,16.0,A-s11-d1-t4096,4096,identifier,QZ-1902-KP,QZ-1902-KP,True,True,True,False,8.974761962890625,0.0,359,,4227
NATIVE,1.0,A-s11-d1-t4096,4096,number,"49,297","49,297",True,True,True,False,6.022270679473877,0.0,4326,,4227
NOCTX,1.0,A-s11-d1-t4096,4096,number,"49,297",1250000,False,False,False,False,-0.3145918846130371,-3.0578181743621826,95,,4227
BUDGET,2.0,A-s11-d1-t4096,4096,number,"49,297","49,297",True,True,True,False,6.351433277130127,0.0,2211,,4227
BUDGET,4.0,A-s11-d1-t4096,4096,number,"49,297","49,297",True,True,True,False,6.179826259613037,0.0,1161,,4227
BUDGET,8.0,A-s11-d1-t4096,4096,number,"49,297","49,297",True,True,True,False,9.633383750915527,0.0,626,,4227
BUDGET,16.0,A-s11-d1-t4096,4096,number,"49,297","49,297",True,True,True,False,9.202847480773926,0.0,361,,4227
NATIVE,1.0,A-s11-d1-t4096,4096,date,2029-04-26,2029-04-26,True,True,True,False,2.387514591217041,0.0,4324,,4227
NOCTX,1.0,A-s11-d1-t4096,4096,date,2029-04-26,"July 1, 2021",False,False,False,False,-0.5908308029174805,-2.873373508453369,93,,4227
BUDGET,2.0,A-s11-d1-t4096,4096,date,2029-04-26,Answer:,False,False,False,False,-0.11271023750305176,-3.3562443256378174,2209,,4227
BUDGET,4.0,A-s11-d1-t4096,4096,date,2029-04-26,No date is mentioned for the electrical audit for Ordell-7490 in the provided document.,False,False,False,False,-0.10614609718322754,-3.3871524333953857,1159,,4227
BUDGET,8.0,A-s11-d1-t4096,4096,date,2029-04-26,The document does not mention the date when the electrical audit for Ordell-7490 closed.,False,False,False,False,-0.1677556037902832,-3.2747139930725098,624,,4227
BUDGET,16.0,A-s11-d1-t4096,4096,date,2029-04-26,The document does not mention the date when the electrical audit for Ordell-7490 closed.,False,False,False,False,-0.16367530822753906,-3.462242603302002,359,,4227
NATIVE,1.0,A-s11-d1-t4096,4096,hash,068b48d601cdaf2a,068b48d601cdaf2a,True,True,True,False,2.691685914993286,0.0,4322,,4227
NOCTX,1.0,A-s11-d1-t4096,4096,hash,068b48d601cdaf2a,750975097509750975097509750975097509750975097509,False,False,False,False,-0.45101380348205566,-3.6022655963897705,91,,4227
BUDGET,2.0,A-s11-d1-t4096,4096,hash,068b48d601cdaf2a,068b48d601cdaf2a,True,True,True,False,2.8166704177856445,0.0,2207,,4227
BUDGET,4.0,A-s11-d1-t4096,4096,hash,068b48d601cdaf2a,068b48d601cdaf2a,True,True,True,False,2.5500335693359375,0.0,1157,,4227
BUDGET,8.0,A-s11-d1-t4096,4096,hash,068b48d601cdaf2a,d621e0bce6268345,False,False,False,True,-4.93415508302769,-4.93416166305542,622,,4227
BUDGET,16.0,A-s11-d1-t4096,4096,hash,068b48d601cdaf2a,d621e0bce6268345,False,False,False,True,-4.968130243178166,-4.968245506286621,357,,4227
NATIVE,1.0,A-s11-d1-t4096,4096,path,/srv/calder/spool/kx44.log,/srv/calder/spool/kx44.log,True,True,True,False,2.8750000325203473,-1.6364097064069938e-06,4323,,4227
NOCTX,1.0,A-s11-d1-t4096,4096,path,/srv/calder/spool/kx44.log,/proc/mirren-7522/diagnostics,False,False,False,False,0.13140869140625,-7.693091869354248,92,,4227
BUDGET,2.0,A-s11-d1-t4096,4096,path,/srv/calder/spool/kx44.log,/srv/calder/spool/kx44.log,True,True,True,False,3.298556861409452,-0.0006627468974329531,2208,,4227
BUDGET,4.0,A-s11-d1-t4096,4096,path,/srv/calder/spool/kx44.log,https://relay.example.org/rel/2827,False,False,False,False,0.016945838928222656,-8.399460792541504,1158,,4227
BUDGET,8.0,A-s11-d1-t4096,4096,path,/srv/calder/spool/kx44.log,https://relay.example.org/rel/2827,False,False,False,False,0.010718345642089844,-8.3771390914917,623,,4227
BUDGET,16.0,A-s11-d1-t4096,4096,path,/srv/calder/spool/kx44.log,https://relay.example.org/rel/2827,False,False,False,False,0.038333892822265625,-8.136242866516113,358,,4227
NATIVE,1.0,A-s11-d1-t4096,4096,url,https://depot.example.net/rel/7096,https://depot.example.net/rel/7096,True,True,True,False,2.5654361614816565,-2.017385583030773e-07,4323,,4227
NOCTX,1.0,A-s11-d1-t4096,4096,url,https://depot.example.net/rel/7096,http://mirror.7546.mirren/,False,False,False,False,-0.18258190155029297,-5.4312872886657715,92,,4227
BUDGET,2.0,A-s11-d1-t4096,4096,url,https://depot.example.net/rel/7096,https://relay.example.org/rel/2827,False,False,False,True,-4.900299594504759,-4.900330543518066,2208,,4227
BUDGET,4.0,A-s11-d1-t4096,4096,url,https://depot.example.net/rel/7096,https://relay.example.org/rel/2827,False,False,False,True,-4.73909898630518,-4.739157199859619,1158,,4227
BUDGET,8.0,A-s11-d1-t4096,4096,url,https://depot.example.net/rel/7096,https://relay.example.org/rel/2827,False,False,False,True,-4.7038717214181816,-4.703898906707764,623,,4227
BUDGET,16.0,A-s11-d1-t4096,4096,url,https://depot.example.net/rel/7096,https://relay.example.org/rel/2827,False,False,False,True,-4.682567231531721,-4.682697772979736,358,,4227
NATIVE,1.0,A-s11-d1-t4096,4096,proper_noun,Rowena Delacroix,Rowena Delacroix,True,True,True,False,16.39062118533866,-3.81466134058428e-06,4323,,4227
NOCTX,1.0,A-s11-d1-t4096,4096,proper_noun,Rowena Delacroix,UNKNOWN,False,False,False,False,1.6431479454040527,-7.7713494300842285,92,,4227
BUDGET,2.0,A-s11-d1-t4096,4096,proper_noun,Rowena Delacroix,Rowena Delacroix,True,True,True,False,19.40624082109389,-9.178906111628748e-06,2208,,4227
BUDGET,4.0,A-s11-d1-t4096,4096,proper_noun,Rowena Delacroix,Rowena Delacroix,True,True,True,False,16.7031226396698,-2.360330199735472e-06,1158,,4227
BUDGET,8.0,A-s11-d1-t4096,4096,proper_noun,Rowena Delacroix,Anselm Ashgrove,False,False,False,False,4.016483306884766,-7.756477355957031,623,,4227
BUDGET,16.0,A-s11-d1-t4096,4096,proper_noun,Rowena Delacroix,Ingrid Vantol,False,False,False,False,3.519709587097168,-8.93586254119873,358,,4227
NATIVE,1.0,A-s11-d1-t4096,4096,composition,Ashcombe,Anselm Brannigan,False,False,False,False,5.541659832000732,-5.12501859664917,4334,,4227
NOCTX,1.0,A-s11-d1-t4096,4096,composition,Ashcombe,CEDAR-7588 Facility,False,False,False,False,1.7901697158813477,-10.590824127197266,103,,4227
BUDGET,2.0,A-s11-d1-t4096,4096,composition,Ashcombe,Anselm Brannigan,False,False,False,False,6.791342735290527,-3.125967025756836,2219,,4227
BUDGET,4.0,A-s11-d1-t4096,4096,composition,Ashcombe,Anselm Ashgrove,False,False,False,False,7.437174916267395,-1.0634678602218628,1169,,4227
BUDGET,8.0,A-s11-d1-t4096,4096,composition,Ashcombe,CEDAR-7589 is maintained by Ingrid Okonkwo.,False,False,False,False,-0.5867242813110352,-7.510169506072998,634,,4227
BUDGET,16.0,A-s11-d1-t4096,4096,composition,Ashcombe,Vestry,False,False,False,False,11.995550155639648,-3.4184389114379883,369,,4227
LEARNED,2.0,A-s11-d2-t4096,4096,semantic,blue,"blue
slight
blue
slight
blue
slight
blue
slight
blue
slight
blue
slight
blue
slight
blue
slight
blue
slight
blue
sl",True,True,True,False,7.3132875521841925,-0.0003334919747430831,2264,2125,4240
LEARNED,2.0,A-s11-d2-t4096,4096,identifier,XD-8251-RT,XD-8251-RT-XD-8251-RT-XD-8251-RT-XD-8251-RT-XD-8251-RT-XD-8,True,True,True,False,2.5873150415718555,-0.012551825493574142,2268,2125,4240
LEARNED,2.0,A-s11-d2-t4096,4096,number,"23,224","23,245,688,000,367,765,000,355,367,765,000,367,7",False,False,False,False,0.7298991978168488,-0.38222846388816833,2271,2125,4240
LEARNED,2.0,A-s11-d2-t4096,4096,date,2031-02-19,"2030-02-19
</think>

2030-02-19",False,False,False,False,0.37538257241249084,-0.19106224179267883,2244,2125,4240
LEARNED,2.0,A-s11-d2-t4096,4096,hash,3553af4d9608d53f,3578a676006c87ea6d654d9608d53f64d9608d53f64d9608d,False,False,False,False,-0.7071787565946579,-0.8640326261520386,2266,2125,4240
LEARNED,2.0,A-s11-d2-t4096,4096,path,/var/opt/mirren/spool/kx54.log,"/opt/vestry/spool/kx14.log
/opt/vestry/spool/kx14.log
/opt/vestry/spool/kx14.log
/opt/vestry/spool/kx14.log",False,False,False,True,-1.2613580615725368,-1.2626103162765503,2268,2125,4240
LEARNED,2.0,A-s11-d2-t4096,4096,url,https://relay.example.org/rel/5566,https://relay.example.org/rel/6364.html?rel=6364.html?rel=6364.html?rel=6364.html?rel=6364.html?rel=,False,False,False,True,-0.7663550448196474,-0.7666314244270325,2268,2125,4240
LEARNED,2.0,A-s11-d2-t4096,4096,proper_noun,Anselm Brannigan,"Anselm Brannigan
</think>

Anselm Brannigan
</think>

Anselm Brannigan
</think>

Anselm Brannigan
</think>

Anselm Brannigan
</think>

Anselm",True,True,True,False,2.6096676662564278,-0.0030504390597343445,2269,2125,4240
LEARNED,2.0,A-s11-d2-t4096,4096,composition,Ashcombe,Ashcombecombecombecombecombecombecombecombecombecombecombecombecombecombecombecombecombecombecombecombecombecombecombecombecombecombecombecombecombecombecombecombecombecombecombecombecombecombecombecombecombecombecombecombecombecombecombe,True,False,True,False,2.6296918991320126,-1.758306098054163e-05,2279,2125,4240
LEARNED_JOINT,2.0,A-s11-d2-t4096,4096,semantic,blue,"blue
blue
blue
blue
blue
blue
blue
blue
blue
blue
blue
blue
blue
blue
blue
blue
blue
blue
blue
blue
blue
blue
blue
blue",True,True,True,False,8.562973857809993,-4.207999518257566e-05,2259,2120,4240
LEARNED_JOINT,2.0,A-s11-d2-t4096,4096,identifier,XD-8251-RT,XD-8251-RT-XD-8251-RT-XD-8251-RT-XD-8251-RT-XD-8251-RT-XD-8,True,True,True,False,0.678384097351227,-0.00032242940505966544,2263,2120,4240
LEARNED_JOINT,2.0,A-s11-d2-t4096,4096,number,"23,224","23,224,000 credits.",True,True,True,False,2.1459596953982327,-1.374858675262658e-05,2231,2120,4240
LEARNED_JOINT,2.0,A-s11-d2-t4096,4096,date,2031-02-19,2031-02-19,True,True,True,False,1.774984255866002,-2.6568337489152327e-05,2226,2120,4240
LEARNED_JOINT,2.0,A-s11-d2-t4096,4096,hash,3553af4d9608d53f,3553af49d608d53f806580658065806580658065806580658,False,False,False,False,0.30477388203144073,-0.17207075655460358,2261,2120,4240
LEARNED_JOINT,2.0,A-s11-d2-t4096,4096,path,/var/opt/mirren/spool/kx54.log,"/var/opt/mirren/spool/kx14.log
/opt/vestry/spool/kx14.log
/opt/vestry/spool/kx14.log
/var/opt/mirren/spool/kx14",False,False,False,True,-0.40846648812294006,-0.8652021288871765,2263,2120,4240
LEARNED_JOINT,2.0,A-s11-d2-t4096,4096,url,https://relay.example.org/rel/5566,https://relay.example.org/rel/5566.html,True,True,True,False,0.9895863848651061,-3.018799179699272e-05,2229,2120,4240
LEARNED_JOINT,2.0,A-s11-d2-t4096,4096,proper_noun,Anselm Brannigan,Anselm Branniganiganiganiganiganiganiganiganiganiganiganiganiganiganiganiganiganiganiganiganiganiganiganiganiganiganiganiganiganiganiganiganiganiganiganiganiganiganiganiganiganiganigan,True,False,True,False,4.551073903916404,-0.0005613614339381456,2264,2120,4240
LEARNED_JOINT,2.0,A-s11-d2-t4096,4096,composition,Ashcombe,Ashcombecombecombecombecombecombecombecombecombecombecombecombecombecombecombecombecombecombecombecombecombecombecombecombecombecombecombecombecombecombecombecombecombecombecombecombecombecombecombecombecombecombecombecombecombecombecombe,True,False,True,False,6.078128576279198,-7.152552257139178e-07,2274,2120,4240
LEARNED,4.0,A-s11-d2-t4096,4096,semantic,blue,"blue
slight
crimson
crimson
blue
slight
crimson
crimson
blue
slight
crimson
crimson
blue
slight
crimson
crimson
blue
slight",False,True,True,True,6.937578439770732,-0.0008456706418655813,1205,1066,4240
LEARNED,4.0,A-s11-d2-t4096,4096,identifier,XD-8251-RT,XD-8252-RT-RT-RT-RT-RT-RT-RT-RT-RT-RT-RT-RT-RT-RT-RT-RT-RT-RT-RT-RT-RT,False,False,False,False,3.395201697945595,-0.2154228538274765,1209,1066,4240
LEARNED,4.0,A-s11-d2-t4096,4096,number,"23,224","49,215,627,606,853,237,606,853,237,606,853,237,6",False,False,False,False,1.3959832787513733,-0.6336156725883484,1212,1066,4240
LEARNED,4.0,A-s11-d2-t4096,4096,date,2031-02-19,2031-02-19 (UTC),True,True,True,False,0.3548689894378185,-0.02270137146115303,1175,1066,4240
LEARNED,4.0,A-s11-d2-t4096,4096,hash,3553af4d9608d53f,3558a87f6068d53f6873587f6068d53f6873587f6068d53f,False,False,False,False,0.5668584108352661,-1.5924638509750366,1207,1066,4240
LEARNED,4.0,A-s11-d2-t4096,4096,path,/var/opt/mirren/spool/kx54.log,"/var/opt/mirren/spool/kx54.log
/opt/vestry/spool/kx14.log
/opt/vestry/spool/kx14.log
/opt/vestry/spool/kx14.log",False,True,True,True,0.8439836818724871,-0.01899280957877636,1209,1066,4240
LEARNED,4.0,A-s11-d2-t4096,4096,url,https://relay.example.org/rel/5566,https://relay.example.org/rel/6364?rel=rel/6364&rel=rel/6364&rel=rel/6364&rel=rel/6364,False,False,False,True,-0.6016569146886468,-0.6046553254127502,1209,1066,4240
LEARNED,4.0,A-s11-d2-t4096,4096,proper_noun,Anselm Brannigan,Anselm Brannigan Brannigan Brannigan Brannigan Brannigan Brannigan Brannigan Brannigan Brannigan Brannigan Brannigan Brannigan Brannigan Brannigan Brannigan,True,True,True,False,2.8172957841306925,-0.027456050738692284,1210,1066,4240
LEARNED,4.0,A-s11-d2-t4096,4096,composition,Ashcombe,Ashcombe Fennhollow gateway. Ashcombe Fennhollow gateway. Ashcombe Fennhollow gateway. Ashcombe Fennhollow gateway. Ashcombe Fennhollow gateway. Ashcombe F,False,True,True,True,1.2169330837205052,-0.003818321041762829,1220,1066,4240
LEARNED_JOINT,4.0,A-s11-d2-t4096,4096,semantic,blue,blue anselm vantol buy blue anselm vantol buy blue anselm vantol buy blue anselm vantol buy blue anselm vantol buy blue anselm vantol buy,True,True,True,False,6.250305064881104,-0.00012885693286079913,1199,1060,4240
LEARNED_JOINT,4.0,A-s11-d2-t4096,4096,identifier,XD-8251-RT,XD-8251-RT-XD-8251-RT-XD-8251-RT-XD-8251-RT-XD-8251-RT-XD-8,True,True,True,False,0.7400508760474622,-0.00668225297704339,1203,1060,4240
LEARNED_JOINT,4.0,A-s11-d2-t4096,4096,number,"23,224","22,324,24,22,324,24,22,324,24,22,324,24,22,324,2",False,False,False,False,1.2071681022644043,-0.8764491081237793,1206,1060,4240
LEARNED_JOINT,4.0,A-s11-d2-t4096,4096,date,2031-02-19,2031-02-19,True,True,True,False,1.400403645930055,-4.2530598875600845e-05,1166,1060,4240
LEARNED_JOINT,4.0,A-s11-d2-t4096,4096,hash,3553af4d9608d53f,3678a6700068d9ea8453544af98453f5ea8453544af98453f5ea8,False,False,False,False,-0.8505703210830688,-2.3575704097747803,1201,1060,4240
LEARNED_JOINT,4.0,A-s11-d2-t4096,4096,path,/var/opt/mirren/spool/kx54.log,"/var/opt/mirren/spool/kx54.log
/var/opt/mirren/spool/kx54.log
/var/opt/mirren/spool/kx54.log
/var/opt/mirren/spool/kx",True,True,True,False,1.947148231396568,-0.0001315795088885352,1203,1060,4240
LEARNED_JOINT,4.0,A-s11-d2-t4096,4096,url,https://relay.example.org/rel/5566,https://relay.example.org/rel/5636654567890123456789012345678901234567,False,False,False,False,-0.014012783765792847,-0.3672257363796234,1203,1060,4240
LEARNED_JOINT,4.0,A-s11-d2-t4096,4096,proper_noun,Anselm Brannigan,Anselm Brannigan Brannigan Brannigan Brannigan Brannigan Brannigan Brannigan Brannigan Brannigan Brannigan Brannigan Brannigan Brannigan Brannigan Brannigan,True,True,True,False,4.910771178547293,-0.0017277724109590054,1204,1060,4240
LEARNED_JOINT,4.0,A-s11-d2-t4096,4096,composition,Ashcombe,"Fennhollowspike, Ashcombe, Brannwell, Draywell, Longmere, Rannwell, Rownwell, Tannwell, Vannwell, Vennwell, Vennwell, Vennwell",False,True,True,True,-2.8132447943789884,-2.814305305480957,1214,1060,4240
RANDOM,4.0,A-s11-d2-t4096,4096,semantic,blue,"slate grey
slate grey
slate grey
slate grey
slate grey
slate grey
slate grey
slate grey
slate grey
slate grey
slate grey
slate grey",False,False,False,False,-2.2620606422424316,-6.900176525115967,1205,1066,4240
RANDOM,4.0,A-s11-d2-t4096,4096,identifier,XD-8251-RT,KP-6596-XD-RT-2287-XD-RT-2287-XD-RT-2287-XD-RT-2287-XD-RT-2,False,False,False,False,0.6033831834793091,-1.6009832620620728,1209,1066,4240
RANDOM,4.0,A-s11-d2-t4096,4096,number,"23,224","20,987.62 credits
</think>

20,987.62 credits",False,False,False,False,0.17037642002105713,-1.9338327646255493,1188,1066,4240
RANDOM,4.0,A-s11-d2-t4096,4096,date,2031-02-19,"2030-09-28
</think>

2030-09-28",False,False,False,False,-0.4192734956741333,-1.0528662204742432,1185,1066,4240
RANDOM,4.0,A-s11-d2-t4096,4096,hash,3553af4d9608d53f,d825e89c6500000000000000000000000000000000000000,False,False,False,False,0.059294700622558594,-3.06622052192688,1207,1066,4240
RANDOM,4.0,A-s11-d2-t4096,4096,path,/var/opt/mirren/spool/kx54.log,"/opt/vestry/spool/kx23.log
/opt/vestry/spool/kx23.log
/opt/vestry/spool/kx23.log
/opt/vestry/spool/kx23.log",False,False,False,False,-0.19251370429992676,-0.8361222147941589,1209,1066,4240
RANDOM,4.0,A-s11-d2-t4096,4096,url,https://relay.example.org/rel/5566,https://depot.example.net/rel/428789878987898789878987898789878987898,False,False,False,False,0.09533464908599854,-1.341309905052185,1209,1066,4240
RANDOM,4.0,A-s11-d2-t4096,4096,proper_noun,Anselm Brannigan,"Ranwell Ashcombe
</think>

Ranwell Ashcombe",False,False,False,False,1.0466029047966003,-0.7065339684486389,1176,1066,4240
RANDOM,4.0,A-s11-d2-t4096,4096,composition,Ashcombe,"Ravensgate Tower Westgate Gate 17, Brannwell, Westmarch, UK. (Ravensgate Tower Westgate Gate 17, Brannwell, Westmarch, UK.)",False,False,False,False,1.120632529258728,-1.0836540460586548,1218,1066,4240
SHUFFLE_PAGES,4.0,A-s11-d2-t4096,4096,semantic,blue,"blue
slight
crimson
blue
slight
crimson
blue
slight
crimson
blue
slight
crimson
blue
slight
crimson
blue
slight
crimson",False,True,True,True,6.93766979908105,-0.0007528808200731874,1205,1066,4240
SHUFFLE_PAGES,4.0,A-s11-d2-t4096,4096,identifier,XD-8251-RT,XD-8252-RT-RT-RT-RT-RT-RT-RT-RT-RT-RT-RT-RT-RT-RT-RT-RT-RT-RT-RT-RT-RT,False,False,False,False,3.379968449473381,-0.192196324467659,1209,1066,4240
SHUFFLE_PAGES,4.0,A-s11-d2-t4096,4096,number,"23,224","49,215,687,0608,537,487,0608,537,487,0608,537,48",False,False,False,False,1.9997967183589935,-0.4120291769504547,1212,1066,4240
SHUFFLE_PAGES,4.0,A-s11-d2-t4096,4096,date,2031-02-19,"2031-02-19
2031-02-19
2031-02-19
2031-02-19
2031",True,True,True,False,0.5750840082764626,-0.013198815286159515,1209,1066,4240
SHUFFLE_PAGES,4.0,A-s11-d2-t4096,4096,hash,3553af4d9608d53f,35584376060853f568888888888888888888888888888888,False,False,False,False,1.0409988164901733,-1.346378207206726,1207,1066,4240
SHUFFLE_PAGES,4.0,A-s11-d2-t4096,4096,path,/var/opt/mirren/spool/kx54.log,"/var/opt/mirren/spool/kx54.log
/opt/vestry/spool/kx14.log
/opt/vestry/spool/kx14.log
/opt/vestry/spool/kx14.log",False,True,True,True,0.32347938045859337,-0.015563014894723892,1209,1066,4240
SHUFFLE_PAGES,4.0,A-s11-d2-t4096,4096,url,https://relay.example.org/rel/5566,https://relay.example.org/rel/6364?rel=rel/6364&rel=rel/6364&rel=rel/6364&rel=rel/6364,False,False,False,True,-0.5284154918044806,-0.5318911671638489,1209,1066,4240
SHUFFLE_PAGES,4.0,A-s11-d2-t4096,4096,proper_noun,Anselm Brannigan,Anselm Brannigan Brannigan Brannigan Brannigan Brannigan Brannigan Brannigan Brannigan Brannigan Brannigan Brannigan Brannigan Brannigan Brannigan Brannigan,True,True,True,False,2.955843849107623,-0.026438312605023384,1210,1066,4240
SHUFFLE_PAGES,4.0,A-s11-d2-t4096,4096,composition,Ashcombe,Ashcombe Fennhollow gateway. Ashcombe Fennhollow gateway. Ashcombe Fennhollow gateway. Ashcombe Fennhollow gateway. Ashcombe Fennhollow gateway. Ashcombe F,False,True,True,True,2.284045819855237,-6.63951868773438e-05,1220,1066,4240
WRONGPAGE,4.0,A-s11-d2-t4096,4096,semantic,blue,"slate
slate
slate
slate
slate
slate
slate
slate
slate
slate
slate
slate
slate
slate
slate
slate",False,False,False,False,-8.121223449707031,-16.50004768371582,1196,1057,4240
WRONGPAGE,4.0,A-s11-d2-t4096,4096,identifier,XD-8251-RT,KP-4532-QZ-ZB-RT-RT-RT-RT-RT-RT-RT-RT-RT-RT-RT-RT-RT-RT-RT-RT-RT-RT-RT,False,False,False,False,0.01867818832397461,-4.705159664154053,1200,1057,4240
WRONGPAGE,4.0,A-s11-d2-t4096,4096,number,"23,224","40,0878 credits.",False,False,False,False,0.012471199035644531,-4.30111026763916,1165,1057,4240
WRONGPAGE,4.0,A-s11-d2-t4096,4096,date,2031-02-19,2031-05-20 (UTC),False,False,False,False,0.18146204948425293,-2.1024417877197266,1166,1057,4240
WRONGPAGE,4.0,A-s11-d2-t4096,4096,hash,3553af4d9608d53f,c57521a6383ce87e864532768c8c8c8c8c8c8c8c8c8c8c8c8,False,False,False,False,-0.23546528816223145,-4.159121990203857,1198,1057,4240
WRONGPAGE,4.0,A-s11-d2-t4096,4096,path,/var/opt/mirren/spool/kx54.log,"/opt/vestry/spool/kx33.log
/opt/vestry/spool/kx33.log
/opt/vestry/spool/kx33.log
/opt/vestry/spool/kx33.log",False,False,False,False,-0.4427638053894043,-2.209421396255493,1200,1057,4240
WRONGPAGE,4.0,A-s11-d2-t4096,4096,url,https://relay.example.org/rel/5566,https://relay.example.org/rel/130544.html?rel=130544.html?rel=130544.html?rel=130544.html?rel=,False,False,False,False,-0.7496473789215088,-2.21830677986145,1200,1057,4240
WRONGPAGE,4.0,A-s11-d2-t4096,4096,proper_noun,Anselm Brannigan,Ingrid Sorley Brannigan Brannigan Brannigan Brannigan Brannigan Brannigan Brannigan Brannigan Brannigan Brannigan Brannigan Brannigan Brannigan Brannigan Brann,False,False,False,False,0.5009442567825317,-1.4956380128860474,1201,1057,4240
WRONGPAGE,4.0,A-s11-d2-t4096,4096,composition,Ashcombe,"Draywell Ashcombe (Ashcombe) in the Ashcombe Mountains. Wait, no, the document says ""Draywell Ashcombe (Ashcombe) in the Ashcombe Mountains."" But the correct answer is ""Draywell Ash",True,True,True,False,1.4829952716827393,-3.750288248062134,1211,1057,4240
LEARNED,8.0,A-s11-d2-t4096,4096,semantic,blue,"blue
slight
crimson
blue
slight
crimson
blue
slight
crimson
blue
slight
crimson
blue
slight
crimson
blue
slight
crimson",False,True,True,True,6.000640441081487,-0.0012359131360426545,676,537,4240
LEARNED,8.0,A-s11-d2-t4096,4096,identifier,XD-8251-RT,XD-8125-RT-XD-4781-RT-XD-4781-RT-XD-4781-RT-XD-4781-RT-XD-4,False,False,False,False,1.2825638055801392,-0.7621716260910034,680,537,4240
LEARNED,8.0,A-s11-d2-t4096,4096,number,"23,224","49,225,135,676,535,676,535,676,535,676,535,676,5",False,False,False,False,2.5565648078918457,-0.7666261196136475,683,537,4240
LEARNED,8.0,A-s11-d2-t4096,4096,date,2031-02-19,2031-02-19,True,True,True,False,0.5748295858502388,-0.003449968993663788,643,537,4240
LEARNED,8.0,A-s11-d2-t4096,4096,hash,3553af4d9608d53f,3767a765958c653d5f8c5765958c653d5f8c5765958c653d,False,False,False,False,-0.8196983337402344,-2.704662799835205,678,537,4240
LEARNED,8.0,A-s11-d2-t4096,4096,path,/var/opt/mirren/spool/kx54.log,"/opt/vestry/spool/kx54.log
/opt/vestry/spool/kx54.log
/opt/vestry/spool/kx54.log
/opt/vestry/spool/kx54.log",False,False,False,False,0.35226161777973175,-0.23508630692958832,680,537,4240
LEARNED,8.0,A-s11-d2-t4096,4096,url,https://relay.example.org/rel/5566,https://relay.example.org/rel/56566.html?rel=56566&rel=56566&rel=56566&rel=56566&rel,False,False,False,False,-0.35101479291915894,-0.7525086998939514,680,537,4240
LEARNED,8.0,A-s11-d2-t4096,4096,proper_noun,Anselm Brannigan,Anselm Brannigan Delacroix Brannigan Delacroix Brannigan Delacroix Brannigan Delacroix Brannigan Delacroix Brannigan Delacroix Brannigan Delacroix Brannigan,True,True,True,False,1.6149568557739258,-0.04724276065826416,681,537,4240
LEARNED,8.0,A-s11-d2-t4096,4096,composition,Ashcombe,"Ashcombe Spokegate, Ashcombe, UK. Brandywell, Ashcombe, UK. Fennhollow, Ashcombe, UK. Fennhollow, Ashcombe, UK. Fennhollow, Ashcombe,",False,True,True,True,3.5938416720819077,-1.3947348634246737e-05,691,537,4240
LEARNED_JOINT,8.0,A-s11-d2-t4096,4096,semantic,blue,blue-blue-blue-blue-blue-blue-blue-blue-blue-blue-blue-blue-blue-blue-blue-blue-blue-blue-blue-blue-blue-blue-blue-blue-blue-blue-blue-blue-blue-blue-blue-blue-blue-blue-blue-blue-blue-blue-blue-blue-blue-blue-blue-blue-blue-blue-blue-blue,True,True,True,False,7.849257713278348,-0.00010656742233550176,669,530,4240
LEARNED_JOINT,8.0,A-s11-d2-t4096,4096,identifier,XD-8251-RT,XD-8251-XD-QRT-RT-RT-RT-RT-RT-RT-RT-RT-RT-RT-RT-RT-RT-RT-RT-RT-RT-RT-RT,False,False,False,False,1.3600967824459076,-0.31479230523109436,673,530,4240
LEARNED_JOINT,8.0,A-s11-d2-t4096,4096,number,"23,224","22,449,512,678,587,687,687,687,687,687,687,687,6",False,False,False,False,0.7811658978462219,-0.5773988366127014,676,530,4240
LEARNED_JOINT,8.0,A-s11-d2-t4096,4096,date,2031-02-19,2031-02-19,True,True,True,False,1.1377628436748637,-9.483187750447541e-05,636,530,4240
LEARNED_JOINT,8.0,A-s11-d2-t4096,4096,hash,3553af4d9608d53f,3670a7698ea587ea87f543d9f35d87ea87f543d9f35d87ea87f5,False,False,False,False,-1.1309731006622314,-3.216430902481079,671,530,4240
LEARNED_JOINT,8.0,A-s11-d2-t4096,4096,path,/var/opt/mirren/spool/kx54.log,"/opt/vestry/spool/kx54.log
/opt/vestry/spool/kx54.log
/opt/vestry/spool/kx54.log
/opt/vestry/spool/kx54.log",False,False,False,False,0.9097562544047832,-0.059730518609285355,673,530,4240
LEARNED_JOINT,8.0,A-s11-d2-t4096,4096,url,https://relay.example.org/rel/5566,https://relay.example.org/rel/5566?url=https://relay.example.org/rel/5663?url=https://relay.example.org/rel/5664?url=https://relay.example.org/rel/5,True,True,True,False,0.6991843562573195,-0.017418863251805305,673,530,4240
LEARNED_JOINT,8.0,A-s11-d2-t4096,4096,proper_noun,Anselm Brannigan,Anselm Brannigan Brannigan Brannigan Brannigan Brannigan Brannigan Brannigan Brannigan Brannigan Brannigan Brannigan Brannigan Brannigan Brannigan Brannigan,True,True,True,False,2.3039012416265905,-0.006425811443477869,674,530,4240
LEARNED_JOINT,8.0,A-s11-d2-t4096,4096,composition,Ashcombe,Fennhollow Spire Ashcombe Gateway Tower.,False,True,True,True,-1.94258673209697,-1.9478394985198975,649,530,4240
LEARNED,16.0,A-s11-d2-t4096,4096,semantic,blue,"blue
slight
crimson
crimson
blue
slight
crimson
crimson
blue
slight
crimson
crimson
blue
slight
crimson
crimson
blue
slight",False,True,True,True,6.186919345986098,-0.00201974855735898,411,272,4240
LEARNED,16.0,A-s11-d2-t4096,4096,identifier,XD-8251-RT,XD-1285-RT-XD-1285-RT-XD-1285-RT-XD-1285-RT-XD-1285-RT-XD-1,False,False,False,False,0.11880922317504883,-1.438910722732544,415,272,4240
LEARNED,16.0,A-s11-d2-t4096,4096,number,"23,224","32,768,597,680,589,680,589,680,589,680,589,680,5",False,False,False,False,0.2843282222747803,-3.042339563369751,418,272,4240
LEARNED,16.0,A-s11-d2-t4096,4096,date,2031-02-19,"2031-08-19.png
2031-08-19.png
2031-08-19.png
2031-08-19.png",False,False,False,False,0.40004265308380127,-0.6141070127487183,415,272,4240
LEARNED,16.0,A-s11-d2-t4096,4096,hash,3553af4d9608d53f,37687536ea8d58f6ea8d58f6ea8d58f6ea8d58f6ea8d58f6ea8d58,False,False,False,False,0.24967646598815918,-2.7732298374176025,413,272,4240
LEARNED,16.0,A-s11-d2-t4096,4096,path,/var/opt/mirren/spool/kx54.log,"/opt/vestry/spool/kx54.log
/opt/vestry/spool/kx14.log
/opt/vestry/spool/kx14.log
/opt/vestry/spool/kx54.log",False,False,False,True,0.471640020608902,-0.41838982701301575,415,272,4240
LEARNED,16.0,A-s11-d2-t4096,4096,url,https://relay.example.org/rel/5566,https://relay.example.org/rel/56566.dml?token=375948ea685d865f865558ea685d865f,False,False,False,False,0.42821869254112244,-0.34422191977500916,415,272,4240
LEARNED,16.0,A-s11-d2-t4096,4096,proper_noun,Anselm Brannigan,Anselm Brannigan Brannigan Brannigan Brannigan Brannigan Brannigan Brannigan Brannigan Brannigan Brannigan Brannigan Brannigan Brannigan Brannigan Brannigan,True,True,True,False,2.1887116357684135,-0.08320236951112747,416,272,4240
LEARNED,16.0,A-s11-d2-t4096,4096,composition,Ashcombe,"Fennhollow Spokewell Tower in Fennhollow, Scotland.",False,False,False,True,-3.436919537256472,-3.4387094974517822,395,272,4240
LEARNED_JOINT,16.0,A-s11-d2-t4096,4096,semantic,blue,blue-blue-blue-blue-blue-blue-blue-blue-blue-blue-blue-blue-blue-blue-blue-blue-blue-blue-blue-blue-blue-blue-blue-blue-blue-blue-blue-blue-blue-blue-blue-blue-blue-blue-blue-blue-blue-blue-blue-blue-blue-blue-blue-blue-blue-blue-blue-blue,True,True,True,False,7.3125846752082,-0.00027056847466155887,404,265,4240
LEARNED_JOINT,16.0,A-s11-d2-t4096,4096,identifier,XD-8251-RT,XD-1258-XD-1258-XD-1258-XD-1258-XD-1258-XD-1258-XD-1258,False,False,False,False,0.6463767886161804,-0.6466668248176575,408,265,4240
LEARNED_JOINT,16.0,A-s11-d2-t4096,4096,number,"23,224","29,491,223,680,756,806,806,806,806,806,806,806,8",False,False,False,False,-0.7851206064224243,-2.3452913761138916,411,265,4240
LEARNED_JOINT,16.0,A-s11-d2-t4096,4096,date,2031-02-19,2031-02-19,True,True,True,False,0.9129480328410864,-0.030395129695534706,371,265,4240
LEARNED_JOINT,16.0,A-s11-d2-t4096,4096,hash,3553af4d9608d53f,36ea7860875f35d9875f35d9875f35d9875f35d9875f35d98,False,False,False,False,0.05192923545837402,-3.101140260696411,406,265,4240
LEARNED_JOINT,16.0,A-s11-d2-t4096,4096,path,/var/opt/mirren/spool/kx54.log,"/opt/vestry/spool/kx54.log
/opt/vestry/spool/kx54.log
/opt/vestry/spool/kx54.log
/opt/vestry/spool/kx54.log",False,False,False,False,0.4715304374694824,-0.26282984018325806,408,265,4240
LEARNED_JOINT,16.0,A-s11-d2-t4096,4096,url,https://relay.example.org/rel/5566,https://relay.example.org/rel/5566556655665566556655665566556655665566,True,False,True,False,1.5117704579606652,-0.009001999162137508,408,265,4240
LEARNED_JOINT,16.0,A-s11-d2-t4096,4096,proper_noun,Anselm Brannigan,Halvard Brannigan Brannigan Brannigan Brannigan Brannigan Brannigan Brannigan Brannigan Brannigan Brannigan Brannigan Brannigan Brannigan Brannigan Brannigan Br,False,False,False,False,1.9530797004699707,-0.5624151229858398,409,265,4240
LEARNED_JOINT,16.0,A-s11-d2-t4096,4096,composition,Ashcombe,Fennhollow Spiregate Tower.,False,False,False,True,-3.122217678464949,-3.127723217010498,381,265,4240
NATIVE,1.0,A-s11-d2-t4096,4096,semantic,blue,blue,True,True,True,False,15.187478662432113,-4.23184028477408e-05,4332,,4240
NOCTX,1.0,A-s11-d2-t4096,4096,semantic,blue,UNKNOWN,False,False,False,False,0.7841930389404297,-5.744129657745361,88,,4240
BUDGET,2.0,A-s11-d2-t4096,4096,semantic,blue,Answer:,False,False,False,False,-9.550703048706055,-22.44518280029297,2209,,4240
BUDGET,4.0,A-s11-d2-t4096,4096,semantic,blue,None,False,False,False,False,-8.912214279174805,-21.76194953918457,1154,,4240
BUDGET,8.0,A-s11-d2-t4096,4096,semantic,blue,None.,False,False,False,False,-6.621882438659668,-19.3687801361084,618,,4240
BUDGET,16.0,A-s11-d2-t4096,4096,semantic,blue,None,False,False,False,False,-5.253414154052734,-18.47559356689453,355,,4240
NATIVE,1.0,A-s11-d2-t4096,4096,identifier,XD-8251-RT,XD-8251-RT,True,True,True,False,4.16124568887426,-4.4255666580284014e-06,4336,,4240
NOCTX,1.0,A-s11-d2-t4096,4096,identifier,XD-8251-RT,UNKNOWN,False,False,False,False,-0.8210029602050781,-5.845422744750977,92,,4240
BUDGET,2.0,A-s11-d2-t4096,4096,identifier,XD-8251-RT,XD-8251-RT,True,True,True,False,3.9479183405701406,-1.2665923350141384e-06,2213,,4240
BUDGET,4.0,A-s11-d2-t4096,4096,identifier,XD-8251-RT,XD-8251-RT,True,True,True,False,8.849323034286726,-2.3841835172788706e-07,1158,,4240
BUDGET,8.0,A-s11-d2-t4096,4096,identifier,XD-8251-RT,XD-8251-RT,True,True,True,False,7.768413946032545,-7.450578465295621e-08,622,,4240
BUDGET,16.0,A-s11-d2-t4096,4096,identifier,XD-8251-RT,Calder-6596,False,False,False,False,1.7226066589355469,-6.464263916015625,359,,4240
NATIVE,1.0,A-s11-d2-t4096,4096,number,"23,224","23,224",True,True,True,False,4.458764314689915,-3.5762402603722876e-06,4339,,4240
NOCTX,1.0,A-s11-d2-t4096,4096,number,"23,224",125000000,False,False,False,False,0.43392252922058105,-2.6218338012695312,95,,4240
BUDGET,2.0,A-s11-d2-t4096,4096,number,"23,224","49,153",False,False,False,True,-3.7531167194247246,-3.769747018814087,2216,,4240
BUDGET,4.0,A-s11-d2-t4096,4096,number,"23,224","49,153",False,False,False,True,-4.123759735375643,-4.179032802581787,1161,,4240
BUDGET,8.0,A-s11-d2-t4096,4096,number,"23,224",0,False,False,False,False,1.0467958450317383,-4.352696895599365,625,,4240
BUDGET,16.0,A-s11-d2-t4096,4096,number,"23,224",None,False,False,False,False,1.038923740386963,-4.152757167816162,362,,4240
NATIVE,1.0,A-s11-d2-t4096,4096,date,2031-02-19,2031-02-19,True,True,True,False,2.7913060188293457,0.0,4336,,4240
NOCTX,1.0,A-s11-d2-t4096,4096,date,2031-02-19,"April 15, 2021",False,False,False,False,0.0739297866821289,-2.57948637008667,92,,4240
BUDGET,2.0,A-s11-d2-t4096,4096,date,2031-02-19,2031-02-19,True,True,True,False,3.1883623600006104,0.0,2213,,4240
BUDGET,4.0,A-s11-d2-t4096,4096,date,2031-02-19,No date is provided for the electrical audit for Calder-6607 in the document.,False,False,False,False,-0.0341646671295166,-3.036173105239868,1158,,4240
BUDGET,8.0,A-s11-d2-t4096,4096,date,2031-02-19,No date is provided for the electrical audit for Calder-6607 in the document.,False,False,False,False,-0.09976410865783691,-3.115431547164917,622,,4240
BUDGET,16.0,A-s11-d2-t4096,4096,date,2031-02-19,None,False,False,False,False,-0.10528278350830078,-3.25993275642395,359,,4240
NATIVE,1.0,A-s11-d2-t4096,4096,hash,3553af4d9608d53f,3553af4d9608d53f,True,True,True,False,1.9416667222976685,0.0,4334,,4240
NOCTX,1.0,A-s11-d2-t4096,4096,hash,3553af4d9608d53f,0x3a7d6f8e1c2b4a5f6d7e8f9a0b1c2d3e4f5a6b7c8d9e0f,False,False,False,False,0.10507893562316895,-2.9718525409698486,90,,4240
BUDGET,2.0,A-s11-d2-t4096,4096,hash,3553af4d9608d53f,Answer:,False,False,False,False,0.05121326446533203,-4.1468400955200195,2211,,4240
BUDGET,4.0,A-s11-d2-t4096,4096,hash,3553af4d9608d53f,Answer: Not applicable.,False,False,False,False,0.019608020782470703,-4.082298755645752,1156,,4240
BUDGET,8.0,A-s11-d2-t4096,4096,hash,3553af4d9608d53f,None,False,False,False,False,0.0341954231262207,-3.918351173400879,620,,4240
BUDGET,16.0,A-s11-d2-t4096,4096,hash,3553af4d9608d53f,None,False,False,False,False,0.015091419219970703,-3.9844706058502197,357,,4240
NATIVE,1.0,A-s11-d2-t4096,4096,path,/var/opt/mirren/spool/kx54.log,/var/opt/mirren/spool/kx54.log,True,True,True,False,1.5512010955417281,-8.473435627820436e-06,4336,,4240
NOCTX,1.0,A-s11-d2-t4096,4096,path,/var/opt/mirren/spool/kx54.log,/proc/self/cgroup,False,False,False,False,-1.8894538879394531,-7.455977916717529,92,,4240
BUDGET,2.0,A-s11-d2-t4096,4096,path,/var/opt/mirren/spool/kx54.log,/var/opt/mirren/spool/kx54.log,True,True,True,False,1.597309987047538,-7.112523690011585e-06,2213,,4240
BUDGET,4.0,A-s11-d2-t4096,4096,path,/var/opt/mirren/spool/kx54.log,/var/opt/mirren/spool/kx54.log,True,True,True,False,1.4559491579575479,-9.089227205549832e-06,1158,,4240
BUDGET,8.0,A-s11-d2-t4096,4096,path,/var/opt/mirren/spool/kx54.log,/var/opt/mirren/spool/kx54.log,True,True,True,False,6.232160926150755,-7.2714810812612996e-06,622,,4240
BUDGET,16.0,A-s11-d2-t4096,4096,path,/var/opt/mirren/spool/kx54.log,/var/opt/mirren/spool/kx54.log,True,True,True,False,6.24972247088499,-2.870911885111127e-06,359,,4240
NATIVE,1.0,A-s11-d2-t4096,4096,url,https://relay.example.org/rel/5566,https://relay.example.org/rel/5566,True,True,True,False,2.4895871877670785,-1.1920923981278975e-07,4336,,4240
NOCTX,1.0,A-s11-d2-t4096,4096,url,https://relay.example.org/rel/5566,https://mirror.example.com/Ordell-6695,False,False,False,False,0.8831100463867188,-5.189815044403076,92,,4240
BUDGET,2.0,A-s11-d2-t4096,4096,url,https://relay.example.org/rel/5566,https://relay.example.org/rel/5566,True,True,True,False,4.460601687431385,-1.1920923981278975e-07,2213,,4240
BUDGET,4.0,A-s11-d2-t4096,4096,url,https://relay.example.org/rel/5566,None.,False,False,False,False,0.6097497940063477,-6.068557262420654,1158,,4240
BUDGET,8.0,A-s11-d2-t4096,4096,url,https://relay.example.org/rel/5566,None.,False,False,False,False,0.46353626251220703,-5.74936056137085,622,,4240
BUDGET,16.0,A-s11-d2-t4096,4096,url,https://relay.example.org/rel/5566,None.,False,False,False,False,0.6083512306213379,-6.394010066986084,359,,4240
NATIVE,1.0,A-s11-d2-t4096,4096,proper_noun,Anselm Brannigan,Anselm Brannigan,True,True,True,False,10.462500452995322,-1.1920926823449918e-07,4337,,4240
NOCTX,1.0,A-s11-d2-t4096,4096,proper_noun,Anselm Brannigan,UNKNOWN,False,False,False,False,0.576387882232666,-5.736852169036865,93,,4240
BUDGET,2.0,A-s11-d2-t4096,4096,proper_noun,Anselm Brannigan,Miriam Okonkwo,False,False,False,False,-6.197303891181946,-7.59748649597168,2214,,4240
BUDGET,4.0,A-s11-d2-t4096,4096,proper_noun,Anselm Brannigan,Miriam Delacroix,False,False,False,True,-7.6611115932477105,-7.661112308502197,1159,,4240
BUDGET,8.0,A-s11-d2-t4096,4096,proper_noun,Anselm Brannigan,Dagny Vantol,False,False,False,False,7.259683132171631,-4.723392963409424,623,,4240
BUDGET,16.0,A-s11-d2-t4096,4096,proper_noun,Anselm Brannigan,Dagny Vantol,False,False,False,False,4.957608222961426,-5.626502990722656,360,,4240
NATIVE,1.0,A-s11-d2-t4096,4096,composition,Ashcombe,Ashcombe,True,True,True,False,6.874963468704664,-8.230766252381727e-05,4347,,4240
NOCTX,1.0,A-s11-d2-t4096,4096,composition,Ashcombe,CEDAR-6768 Facility,False,False,False,False,-1.893967628479004,-10.288154602050781,103,,4240
BUDGET,2.0,A-s11-d2-t4096,4096,composition,Ashcombe,Casimir Nieminen.,False,False,False,False,-0.9758467674255371,-6.014211654663086,2224,,4240
BUDGET,4.0,A-s11-d2-t4096,4096,composition,Ashcombe,Unit CEDAR-6769 is maintained by Miriam Nieminen.,False,False,False,False,-7.937390327453613,-15.562294006347656,1169,,4240
BUDGET,8.0,A-s11-d2-t4096,4096,composition,Ashcombe,Mirren,False,False,False,False,-2.1753320693969727,-7.91328239440918,633,,4240
BUDGET,16.0,A-s11-d2-t4096,4096,composition,Ashcombe,CEDAR-6768 is not mentioned in the document.,False,False,False,False,1.9952800273895264,-2.259437322616577,370,,4240
LEARNED,2.0,A-s11-d3-t4096,4096,semantic,slate,"slate
slate
slate
slate
slate
slate
slate
slate
slate
slate
slate
slate
slate
slate
slate
slate",True,True,True,False,4.687769892065262,-4.7681482101324946e-05,2245,2108,4208
LEARNED,2.0,A-s11-d3-t4096,4096,identifier,RT-7321-KP,KP-4553-QZ-RT-7321-KP-4553-QZ-RT-7321-KP-4553-QZ-RT-7321-K,False,True,True,True,-1.7944854178931564,-1.7980901002883911,2252,2108,4208
LEARNED,2.0,A-s11-d3-t4096,4096,number,"40,087","40,0877 credits.",False,False,False,False,1.7742924357007723,-0.00025263780844397843,2215,2108,4208
LEARNED,2.0,A-s11-d3-t4096,4096,date,2031-05-26,"2031-05-26
</think>

2031-05-26",True,True,True,False,1.9499999642657713,-3.898115210176911e-06,2228,2108,4208
LEARNED,2.0,A-s11-d3-t4096,4096,hash,c57521a6383ce8e7,c57521a6383ce8e77d1c88888888888888888888888888888,True,False,True,False,0.277132464107126,-0.004247742239385843,2250,2108,4208
LEARNED,2.0,A-s11-d3-t4096,4096,path,/srv/calder/spool/kx33.log,"/srv/calder/spool/kx33.log
</think>

/srv/calder/spool/kx33.log
</think>

/srv/calder/spool/kx33.log
</think>

/srv/calder/spool",True,True,True,False,0.14218459278345108,-0.032150112092494965,2251,2108,4208
LEARNED,2.0,A-s11-d3-t4096,4096,url,https://relay.example.org/rel/5113,https://relay.example.org/rel/51133.png?token=5dba2482c44f7a177c57521a6383ce877c,True,False,True,False,0.1809901287779212,-0.011958525516092777,2251,2108,4208
LEARNED,2.0,A-s11-d3-t4096,4096,proper_noun,Ingrid Sorley,"Ingrid Sorley
</think>

Ingrid Sorley
</think>

Ingrid Sorley
</think>

Ingrid Sorley
</think>

Ingrid Sorley
</think>

Ingrid Sorley
</think>

Ingrid Sorley
</think>",True,True,True,False,0.076688252389431,-0.11974970251321793,2252,2108,4208
LEARNED,2.0,A-s11-d3-t4096,4096,composition,Draywell,Draywell Fennhollowgate Gate 2252.,True,True,True,False,6.0625012715809135,-3.496790668577887e-06,2230,2108,4208
LEARNED_JOINT,2.0,A-s11-d3-t4096,4096,semantic,slate,slate slate slate slate slate slate slate slate slate slate slate slate slate slate slate slate slate slate slate slate slate slate slate slate slate slate slate slate slate slate slate slate slate slate slate slate slate slate slate slate slate slate slate slate slate slate slate,True,True,True,False,3.500038959813537,-0.00046553389984183013,2241,2104,4208
LEARNED_JOINT,2.0,A-s11-d3-t4096,4096,identifier,RT-7321-KP,RT-7321-KP-RT-7321-KP-RT-7321-KP-RT-7321-KP-RT-7321-KP-RT-7,True,True,True,False,0.3815254750661552,-0.00775719853118062,2248,2104,4208
LEARNED_JOINT,2.0,A-s11-d3-t4096,4096,number,"40,087","40,087 in credits.",True,True,True,False,2.2330589984194376,-0.000545194314327091,2211,2104,4208
LEARNED_JOINT,2.0,A-s11-d3-t4096,4096,date,2031-05-26,"2031-05-26
</think>

2031-05-26",True,True,True,False,0.3249999824911356,-0.003806060180068016,2224,2104,4208
LEARNED_JOINT,2.0,A-s11-d3-t4096,4096,hash,c57521a6383ce8e7,c57521a6383f7a177db83544c244f7a177db83544c244f7a17,False,False,False,False,1.1877581775188446,-0.2938951551914215,2246,2104,4208
LEARNED_JOINT,2.0,A-s11-d3-t4096,4096,path,/srv/calder/spool/kx33.log,/opt/vestry/spool/kx52.log,False,False,False,True,-1.3759301321115345,-1.376137614250183,2211,2104,4208
LEARNED_JOINT,2.0,A-s11-d3-t4096,4096,url,https://relay.example.org/rel/5113,https://relay.example.org/rel/5113.html?rel=13044?rel=13044?rel=13044?rel=13044?rel=,True,True,True,False,0.11459454335272312,-0.018912723287940025,2247,2104,4208
LEARNED_JOINT,2.0,A-s11-d3-t4096,4096,proper_noun,Ingrid Sorley,"Ingrid Sorley
</think>

Ingrid Sorley",True,True,True,False,1.6258877679138095,-9.868895722320303e-05,2212,2104,4208
LEARNED_JOINT,2.0,A-s11-d3-t4096,4096,composition,Draywell,Ashcombecombecombecombecombecombecombecombecombecombecombecombecombecombecombecombecombecombecombecombecombecombecombecombecombecombecombecombecombecombecombecombecombecombecombecombecombecombecombecombecombecombecombecombecombecombecombe,False,False,False,True,-6.791668653488671,-6.7916693687438965,2258,2104,4208
LEARNED,4.0,A-s11-d3-t4096,4096,semantic,slate,"slate
slate
slate
slate
slate
slate
slate
slate
slate
slate
slate
slate
slate
slate
slate
slate",True,True,True,False,4.939493657060666,-3.242402453906834e-05,1194,1057,4208
LEARNED,4.0,A-s11-d3-t4096,4096,identifier,RT-7321-KP,KP-4532-QZ-ZB-RT-RT-RT-RT-RT-RT-RT-RT-RT-RT-RT-RT-RT-RT-RT-RT-RT-RT-RT,False,False,False,False,0.2053889036178589,-0.836129903793335,1201,1057,4208
LEARNED,4.0,A-s11-d3-t4096,4096,number,"40,087","40,0878 credits.",False,False,False,False,2.1560271084308624,-0.009332627058029175,1164,1057,4208
LEARNED,4.0,A-s11-d3-t4096,4096,date,2031-05-26,"2031-05-20
</think>

2031-05-20",False,False,False,True,0.0,-0.06932497769594193,1177,1057,4208
LEARNED,4.0,A-s11-d3-t4096,4096,hash,c57521a6383ce8e7,c57521a6383ce87e864532768888888888888888888888888,False,False,False,False,1.4577865600585938,-0.3930546045303345,1199,1057,4208
LEARNED,4.0,A-s11-d3-t4096,4096,path,/srv/calder/spool/kx33.log,"/opt/vestry/spool/kx33.log
/opt/vestry/spool/kx33.log
/opt/vestry/spool/kx33.log
/opt/vestry/spool/kx33.log",False,False,False,False,0.768790677189827,-0.2242455929517746,1200,1057,4208
LEARNED,4.0,A-s11-d3-t4096,4096,url,https://relay.example.org/rel/5113,https://relay.example.org/rel/130544.png?token=rt75241624384788878878878878878,False,False,False,False,-0.08214715123176575,-0.3299330770969391,1200,1057,4208
LEARNED,4.0,A-s11-d3-t4096,4096,proper_noun,Ingrid Sorley,Ingrid Sorley Brannigan Brannigan Brannigan Brannigan Brannigan Brannigan Brannigan Brannigan Brannigan Brannigan Brannigan Brannigan Brannigan Brannigan Brann,True,True,True,False,-0.006859719753265381,-0.28821849822998047,1201,1057,4208
LEARNED,4.0,A-s11-d3-t4096,4096,composition,Draywell,Draywell Ashcombe (Ashcombe) in the Ashcombe Mountains.,False,True,True,True,3.2502512383507565,-0.0005097937537357211,1179,1057,4208
LEARNED_JOINT,4.0,A-s11-d3-t4096,4096,semantic,slate,"slate teal
slate teal
slate teal
slate teal
slate teal
slate teal
slate teal
slate teal
slate teal
slate teal
slate teal
slate teal",False,True,True,True,4.250020933221094,-0.00010972016025334597,1189,1052,4208
LEARNED_JOINT,4.0,A-s11-d3-t4096,4096,identifier,RT-7321-KP,RT-7321-KP-XD-RT-7321-KP-XD-RT-7321-KP-XD-RT-7321-KP-XD-RT-73,True,True,True,False,0.04544605314731598,-0.07261762768030167,1196,1052,4208
LEARNED_JOINT,4.0,A-s11-d3-t4096,4096,number,"40,087","40,087 in credits.",True,True,True,False,3.1331727786455303,-0.0021652893628925085,1159,1052,4208
LEARNED_JOINT,4.0,A-s11-d3-t4096,4096,date,2031-05-26,2031-05-20.,False,False,False,True,-1.7750000478054062,-1.7750074863433838,1160,1052,4208
LEARNED_JOINT,4.0,A-s11-d3-t4096,4096,hash,c57521a6383ce8e7,c57db5283834ce87d83357163834f7a763834f7a763834f7a7,False,False,False,False,-1.2012787461280823,-2.096203565597534,1194,1052,4208
LEARNED_JOINT,4.0,A-s11-d3-t4096,4096,path,/srv/calder/spool/kx33.log,"/opt/vestry/spool/kx52.log
/opt/vestry/spool/kx52.log
/opt/vestry/spool/kx52.log
/opt/vestry/spool/kx52.log",False,False,False,True,-1.4283461346640252,-1.4290553331375122,1195,1052,4208
LEARNED_JOINT,4.0,A-s11-d3-t4096,4096,url,https://relay.example.org/rel/5113,https://relay.example.org/rel/1351175838368ce78368368368368368368368368,False,False,False,False,-0.15246129035949707,-0.7201159000396729,1195,1052,4208
LEARNED_JOINT,4.0,A-s11-d3-t4096,4096,proper_noun,Ingrid Sorley,Ingrid Sorley Ashgrove Ashgrove Ashgrove Ashgrove Ashgrove Ashgrove Ashgrove Ashgrove Ashgrove Ashgrove Ashgrove Ashgrove Ashgrove Ashgrove Ashgro,True,True,True,False,1.8023834313207772,-9.631263674236834e-05,1196,1052,4208
LEARNED_JOINT,4.0,A-s11-d3-t4096,4096,composition,Draywell,Ashcombe Ashcombe Ashcombe Ashcombe Ashcombe Ashcombe Ashcombe Ashcombe Ashcombe Ashcombe Ashcombe Ashcombe Ashcombe Ashcombe Ashcombe Ashcombe Ashcombe Ashcombe Ashcombe Ashcombe Ashcombe Ashcombe Ashcombe Ashcombe,False,False,False,True,-4.5418225526841525,-4.5418243408203125,1206,1052,4208
RANDOM,4.0,A-s11-d3-t4096,4096,semantic,slate,"slate grey
slate grey
slate grey
slate grey
slate grey
slate grey
slate grey
slate grey
slate grey
slate grey
slate grey
slate grey",True,True,True,False,2.999560710042715,-0.02635085955262184,1194,1057,4208
RANDOM,4.0,A-s11-d3-t4096,4096,identifier,RT-7321-KP,RT-3218-RT-3218-RT-3218-RT-3218-RT-3218-RT-3218-RT-3218,False,False,False,False,0.7047873735427856,-1.6509002447128296,1201,1057,4208
RANDOM,4.0,A-s11-d3-t4096,4096,number,"40,087","21,987.62 credits
</think>

21,987.62 credits",False,False,False,False,-0.13257718086242676,-2.0420777797698975,1178,1057,4208
RANDOM,4.0,A-s11-d3-t4096,4096,date,2031-05-26,"2030-09-27
</think>

2030-09-27",False,False,False,False,-0.062499940395355225,-0.8606244921684265,1177,1057,4208
RANDOM,4.0,A-s11-d3-t4096,4096,hash,c57521a6383ce8e7,d87c3e825050458780504587805045878050458780504587,False,False,False,False,0.269451379776001,-3.034888744354248,1199,1057,4208
RANDOM,4.0,A-s11-d3-t4096,4096,path,/srv/calder/spool/kx33.log,"/opt/vestry/spool/kx21.log
/opt/vestry/spool/kx21.log
/opt/vestry/spool/kx21.log
/opt/vestry/spool/kx21.log",False,False,False,False,-0.5685240626335144,-1.0367355346679688,1200,1057,4208
RANDOM,4.0,A-s11-d3-t4096,4096,url,https://relay.example.org/rel/5113,https://depot.example.net/rel/654987898789878987898789878987898789878,False,False,False,False,-0.11517131328582764,-1.4025545120239258,1200,1057,4208
RANDOM,4.0,A-s11-d3-t4096,4096,proper_noun,Ingrid Sorley,"Rannik Brannigan
</think>

Rannik Brannigan
</think>

Rannik Brannigan
</think>

Rannik Brannigan
</think>

Rannik Brannigan
</think>

Rannik",False,False,False,False,0.24160277843475342,-1.7003934383392334,1201,1057,4208
RANDOM,4.0,A-s11-d3-t4096,4096,composition,Draywell,"Dresden Gate Station, Delphi Sector, Earth.",False,False,False,False,-0.21657347679138184,-1.3044945001602173,1175,1057,4208
SHUFFLE_PAGES,4.0,A-s11-d3-t4096,4096,semantic,slate,"slate
slate
slate
slate
slate
slate
slate
slate
slate
slate
slate
slate
slate
slate
slate
slate",True,True,True,False,4.876767040390405,-3.4450393286533654e-05,1194,1057,4208
SHUFFLE_PAGES,4.0,A-s11-d3-t4096,4096,identifier,RT-7321-KP,KP-4532-QZ-ZB-RT-RT-RT-RT-RT-RT-RT-RT-RT-RT-RT-RT-RT-RT-RT-RT-RT-RT-RT,False,False,False,False,-0.565937876701355,-1.1465269327163696,1201,1057,4208
SHUFFLE_PAGES,4.0,A-s11-d3-t4096,4096,number,"40,087","40,0878 credits.",False,False,False,False,2.0258718263357878,-0.024028943851590157,1164,1057,4208
SHUFFLE_PAGES,4.0,A-s11-d3-t4096,4096,date,2031-05-26,"2031-05-20
</think>

2031-05-20",False,False,False,True,-0.09999999403953552,-0.1313380002975464,1177,1057,4208
SHUFFLE_PAGES,4.0,A-s11-d3-t4096,4096,hash,c57521a6383ce8e7,c57521a6383ce87e864532768c8c8c8c8c8c8c8c8c8c8c8c8,False,False,False,False,1.3577122390270233,-0.38544538617134094,1199,1057,4208
SHUFFLE_PAGES,4.0,A-s11-d3-t4096,4096,path,/srv/calder/spool/kx33.log,"/opt/vestry/spool/kx33.log
/opt/vestry/spool/kx33.log
/opt/vestry/spool/kx33.log
/opt/vestry/spool/kx33.log",False,False,False,False,0.5665810406208038,-0.3879193961620331,1200,1057,4208
SHUFFLE_PAGES,4.0,A-s11-d3-t4096,4096,url,https://relay.example.org/rel/5113,https://relay.example.org/rel/1304456148?token=rt75241624384788877887788778,False,False,False,True,-0.19101391173899174,-0.2209354043006897,1200,1057,4208
SHUFFLE_PAGES,4.0,A-s11-d3-t4096,4096,proper_noun,Ingrid Sorley,Ingrid Sorley Brannigan Brannigan Brannigan Brannigan Brannigan Brannigan Brannigan Brannigan Brannigan Brannigan Brannigan Brannigan Brannigan Brannigan Brann,True,True,True,False,0.1719997227191925,-0.145300030708313,1201,1057,4208
SHUFFLE_PAGES,4.0,A-s11-d3-t4096,4096,composition,Draywell,"Draywell Ashcombe (Ashcombe) in the Ashcombe Mountains. Wait, no, the document says ""Draywell Ashcombe (Ashcombe) in the Ashcombe Mountains."" But the correct answer is ""Draywell Ash",False,True,True,True,1.0211534202098846,-0.04232075810432434,1211,1057,4208
WRONGPAGE,4.0,A-s11-d3-t4096,4096,semantic,slate,"blue
amber
blue
blue
blue
blue
blue
blue
blue
blue
blue
blue
blue
blue
blue
blue
blue
blue
blue
blue
blue
blue
blue
blue",False,False,False,False,4.187053203582764,-2.5671114921569824,1194,1057,4208
WRONGPAGE,4.0,A-s11-d3-t4096,4096,identifier,RT-7321-KP,XD-9959-KP-MB-72-DZ-72-DZ-72-DZ-72-DZ-72-DZ-72-DZ-72-DZ-72,False,False,False,False,0.29963064193725586,-4.558073997497559,1201,1057,4208
WRONGPAGE,4.0,A-s11-d3-t4096,4096,number,"40,087","45,181,720 credits.",False,False,False,False,-0.3691525459289551,-3.937901735305786,1167,1057,4208
WRONGPAGE,4.0,A-s11-d3-t4096,4096,date,2031-05-26,"2029-09-19
2029-09-19
2029-09-19
2029-09-19
2029",False,False,False,False,-0.01250004768371582,-2.0884604454040527,1201,1057,4208
WRONGPAGE,4.0,A-s11-d3-t4096,4096,hash,c57521a6383ce8e7,7f2d68c65ee92d10000000000000000000000000000000000,False,False,False,False,0.6289329528808594,-4.527871608734131,1199,1057,4208
WRONGPAGE,4.0,A-s11-d3-t4096,4096,path,/srv/calder/spool/kx33.log,"/opt/vestry/spool/kx53.log
/opt/vestry/spool/kx53.log
/opt/vestry/spool/kx53.log
/opt/vestry/spool/kx53.log",False,False,False,False,-0.4784747362136841,-1.411706805229187,1200,1057,4208
WRONGPAGE,4.0,A-s11-d3-t4096,4096,url,https://relay.example.org/rel/5113,https://depot.example.net/rel/9005.yml?ver=78f6f2c6ee892d1b0000000000000000,False,False,False,False,0.157761812210083,-2.6917636394500732,1200,1057,4208
WRONGPAGE,4.0,A-s11-d3-t4096,4096,proper_noun,Ingrid Sorley,Halvard Brannigan Brannigan Brannigan Brannigan Brannigan Brannigan Brannigan Brannigan Brannigan Brannigan Brannigan Brannigan Brannigan Brannigan Brannigan Br,False,False,False,False,-0.43576598167419434,-3.4245412349700928,1201,1057,4208
WRONGPAGE,4.0,A-s11-d3-t4096,4096,composition,Draywell,"Longmere Spineyard 🌅
Wait, the document mentions ""Longmere Spineyard"" as the location where the operator works. Let me check again.

The document says: ""Casimir Delacroix operated out of the",False,False,False,False,-0.062482357025146484,-4.500061511993408,1211,1057,4208
LEARNED,8.0,A-s11-d3-t4096,4096,semantic,slate,"slate
slate
slate
slate
slate
slate
slate
slate
slate
slate
slate
slate
slate
slate
slate
slate",True,True,True,False,4.439683452481404,-0.0001716462429612875,671,534,4208
LEARNED,8.0,A-s11-d3-t4096,4096,identifier,RT-7321-KP,KP-4553-QZ-ZD-QZ-QZ-QZ-QZ-QZ-QZ-QZ-QZ-QZ-QZ-QZ-QZ-QZ-QZ-QZ-QZ-QZ-QZ-QZ,False,False,False,True,-2.4947669813409448,-2.506431818008423,678,534,4208
LEARNED,8.0,A-s11-d3-t4096,4096,number,"40,087","40,807,000 credits.",False,False,False,False,1.7478563338518143,-0.22232036292552948,644,534,4208
LEARNED,8.0,A-s11-d3-t4096,4096,date,2031-05-26,"2030-05-26
2030-05-26
2030-05-26
2030-05-26
2030",False,False,False,False,0.7125000208616257,-0.10459347069263458,678,534,4208
LEARNED,8.0,A-s11-d3-t4096,4096,hash,c57521a6383ce8e7,c575dba33847e87156dba33847e87156db33847e87156db33847e8,False,False,False,False,0.05889999866485596,-1.7833943367004395,676,534,4208
LEARNED,8.0,A-s11-d3-t4096,4096,path,/srv/calder/spool/kx33.log,"/opt/vestry/spool/kx33.log
/opt/vestry/spool/kx33.log
/opt/vestry/spool/kx33.log
/opt/vestry/spool/kx33.log",False,False,False,False,0.6196362972259521,-0.13660132884979248,677,534,4208
LEARNED,8.0,A-s11-d3-t4096,4096,url,https://relay.example.org/rel/5113,https://relay.example.org/rel/5113137111111111111111111111111111111111,True,False,True,False,0.8470764830708504,-0.013728611171245575,677,534,4208
LEARNED,8.0,A-s11-d3-t4096,4096,proper_noun,Ingrid Sorley,Ingrid Sorley Sorley Ashcombe Sorley Ashcombe Sorley Ashcombe Sorley Ashcombe Sorley Ashcombe Sorley Ashcombe Sorley Ashcombe Sorley Ashcombe Sorley Ashcombe Sorley Ashcombe Sorley Ashcombe,True,True,True,False,0.12625353038311005,-0.1591339260339737,678,534,4208
LEARNED,8.0,A-s11-d3-t4096,4096,composition,Draywell,"Draywell Ashcombe Sparsley Gate, Ashcombe, UK. (Ashcombe, UK) (Ashcombe, UK) (Ashcombe, UK) (Ashcombe, UK) (Ashcombe, UK) (Ashcombe",False,True,True,True,5.812489430516507,-2.6305109713575803e-05,688,534,4208
LEARNED_JOINT,8.0,A-s11-d3-t4096,4096,semantic,slate,"teal
slight teal
teal
teal
teal
teal
teal
teal
teal
teal
teal
teal
teal
teal
teal
teal",False,False,False,True,-0.6881502792239189,-0.8009430766105652,663,526,4208
LEARNED_JOINT,8.0,A-s11-d3-t4096,4096,identifier,RT-7321-KP,KP-7545-KP-KP-KP-KP-KP-KP-KP-KP-KP-KP-KP-KP-KP-KP-KP-KP-KP-KP-KP-KP-KP,False,False,False,False,1.4040070176124573,-0.7270869612693787,670,526,4208
LEARNED_JOINT,8.0,A-s11-d3-t4096,4096,number,"40,087","17,507,157,087,087,087,087,087,087,087,087,087,0",False,False,False,False,0.41854220628738403,-0.5109529495239258,671,526,4208
LEARNED_JOINT,8.0,A-s11-d3-t4096,4096,date,2031-05-26,"2031-05-20
2031-05-20
2031-05-20
2031-05-20
2031",False,False,False,True,-1.3749999663887138,-1.3750364780426025,670,526,4208
LEARNED_JOINT,8.0,A-s11-d3-t4096,4096,hash,c57521a6383ce8e7,572dba6dba68ce871a7f485557c885557c885557c885557c88555,False,False,False,False,0.9981099367141724,-1.6406298875808716,668,526,4208
LEARNED_JOINT,8.0,A-s11-d3-t4096,4096,path,/srv/calder/spool/kx33.log,"/opt/vestry/spool/kx52.log
/opt/vestry/spool/kx52.log
/opt/vestry/spool/kx52.log
/opt/vestry/spool/kx52.log",False,False,False,True,-1.879258434579242,-1.8797638416290283,669,526,4208
LEARNED_JOINT,8.0,A-s11-d3-t4096,4096,url,https://relay.example.org/rel/5113,https://relay.example.org/rel/513117788758ce878cba826dba826d878cba826dba826d878,False,False,False,False,0.7157637402415276,-0.11828071624040604,669,526,4208
LEARNED_JOINT,8.0,A-s11-d3-t4096,4096,proper_noun,Ingrid Sorley,"Ingrid Sorley
Ingrid Sorley
Ingrid Sorley
Ingrid Sorley
Ingrid Sorley
Ingrid Sorley
Ingrid Sorley
Ingrid Sorley
Ingrid Sorley
Ingrid Sor",True,True,True,False,2.5914449160918593,-0.009136729873716831,670,526,4208
LEARNED_JOINT,8.0,A-s11-d3-t4096,4096,composition,Draywell,Ashcombe Sparring Range (Ashcombe Sparring Range),False,False,False,True,-5.33336919551175,-5.333376407623291,645,526,4208
LEARNED,16.0,A-s11-d3-t4096,4096,semantic,slate,"slate-blue
slate-blue
slate-blue
slate-blue
slate-blue
slate-blue
slate-blue
slate-blue
slate-blue
slate-blue
slate-blue
slate-blue",True,True,True,False,1.9372684387490153,-0.010741171427071095,409,272,4208
LEARNED,16.0,A-s11-d3-t4096,4096,identifier,RT-7321-KP,RT-4357-QZ-RT-1314-QZ-RT-1314-QZ-RT-1314-QZ-RT-1314-QZ-RT-1,False,False,False,False,-0.633208155632019,-1.6781976222991943,416,272,4208
LEARNED,16.0,A-s11-d3-t4096,4096,number,"40,087","40,587 credits.",False,False,False,False,0.43195807933807373,-1.4439740180969238,378,272,4208
LEARNED,16.0,A-s11-d3-t4096,4096,date,2031-05-26,"2030-05-26
2030-05-26
2030-05-26
2030-05-26
2030",False,False,False,False,1.2624999582767487,-0.25677594542503357,416,272,4208
LEARNED,16.0,A-s11-d3-t4096,4096,hash,c57521a6383ce8e7,c587e8714dba5e8714cba5e8714cba5e8714cba5e8714cba5e8714cba5e8,False,False,False,False,0.2835805416107178,-2.8342185020446777,414,272,4208
LEARNED,16.0,A-s11-d3-t4096,4096,path,/srv/calder/spool/kx33.log,"/srv/calder/spool/kx52.log
/srv/calder/spool/kx52.log
/srv/calder/spool/kx52.log
/srv/calder/spool/kx52.log",False,False,False,False,-0.2329140305519104,-0.6804530620574951,415,272,4208
LEARNED,16.0,A-s11-d3-t4096,4096,url,https://relay.example.org/rel/5113,https://relay.example.org/rel/1304513117875787511787578751178757875117,False,False,False,True,-0.994861289858818,-1.0202142000198364,415,272,4208
LEARNED,16.0,A-s11-d3-t4096,4096,proper_noun,Ingrid Sorley,Ingrid Sorley Ashgrove Ashgrove Ashgrove Ashgrove Ashgrove Ashgrove Ashgrove Ashgrove Ashgrove Ashgrove Ashgrove Ashgrove Ashgrove Ashgrove Ashgro,True,True,True,False,0.9344177078455687,-0.0033627916127443314,416,272,4208
LEARNED,16.0,A-s11-d3-t4096,4096,composition,Draywell,"Draywell Spokewell Tower, Ashcombe Gate, Rannwell Reach, Rannwell Reach, Rannwell Reach, Rannwell Reach, Rannwell Reach, Rannwell Reach, Rannwell Reach, R",False,True,True,True,5.312514188477508,-5.161505032447167e-05,426,272,4208
LEARNED_JOINT,16.0,A-s11-d3-t4096,4096,semantic,slate,"slate teal
slate teal
slate teal
slate teal
slate teal
slate teal
slate teal
slate teal
slate teal
slate teal
slate teal
slate teal",False,True,True,True,2.812478195875883,-0.0018724091351032257,400,263,4208
LEARNED_JOINT,16.0,A-s11-d3-t4096,4096,identifier,RT-7321-KP,KP-7321-KP-KP-KP-KP-KP-KP-KP-KP-KP-KP-KP-KP-KP-KP-KP-KP-KP-KP-KP-KP-KP,False,False,False,False,2.7296632528305054,-1.0628503561019897,407,263,4208
LEARNED_JOINT,16.0,A-s11-d3-t4096,4096,number,"40,087","15,705 credits.",False,False,False,False,-1.9165260791778564,-2.2846829891204834,369,263,4208
LEARNED_JOINT,16.0,A-s11-d3-t4096,4096,date,2031-05-26,2031-05-29,False,False,False,False,0.13750000298023224,-0.23764999210834503,370,263,4208
LEARNED_JOINT,16.0,A-s11-d3-t4096,4096,hash,c57521a6383ce8e7,ce8ce8ce8ce8ce8ce8ce8ce8ce8ce8ce8ce8ce8ce8ce8ce8ce8ce8ce8ce8ce8ce8ce8ce8,False,False,False,False,0.5514175891876221,-3.0000407695770264,405,263,4208
LEARNED_JOINT,16.0,A-s11-d3-t4096,4096,path,/srv/calder/spool/kx33.log,"/opt/vestry/spool/kx52.log
/opt/vestry/spool/kx52.log
/opt/vestry/spool/kx52.log
/opt/vestry/spool/kx52.log",False,False,False,True,-2.081217372789979,-2.0825700759887695,406,263,4208
LEARNED_JOINT,16.0,A-s11-d3-t4096,4096,url,https://relay.example.org/rel/5113,https://relay.example.org/rel/5113?token=ce8ce38ce58ce78ce58ce78ce58ce78ce58ce78ce58ce,True,True,True,False,1.2307326141744852,-0.02384275756776333,406,263,4208
LEARNED_JOINT,16.0,A-s11-d3-t4096,4096,proper_noun,Ingrid Sorley,Ingrid Sorley Sorley Sorley Sorley Sorley Sorley Sorley Sorley Sorley Sorley Sorley Sorley Sorley Sorley Sorley Sorley Sorley Sorley Sorley Sorley Sorley Sorley Sorley,True,True,True,False,3.4270669666002505,-0.00033099978463724256,407,263,4208
LEARNED_JOINT,16.0,A-s11-d3-t4096,4096,composition,Draywell,Ashcombe Spokewell Tower (Ashcombe Spokewell Tower),False,False,False,True,-3.6249495881056646,-3.625086784362793,384,263,4208
NATIVE,1.0,A-s11-d3-t4096,4096,semantic,slate,slate,True,True,True,False,11.812500313157216,-0.0010983196552842855,4298,,4208
NOCTX,1.0,A-s11-d3-t4096,4096,semantic,slate,UNKNOWN,False,False,False,False,0.8114337921142578,-8.829811096191406,86,,4208
BUDGET,2.0,A-s11-d3-t4096,4096,semantic,slate,None,False,False,False,False,6.929566025733948,-1.4541486501693726,2193,,4208
BUDGET,4.0,A-s11-d3-t4096,4096,semantic,slate,None,False,False,False,False,7.671466708183289,-1.3903371095657349,1140,,4208
BUDGET,8.0,A-s11-d3-t4096,4096,semantic,slate,slate,True,True,True,False,11.218275733292103,-0.004489235579967499,626,,4208
BUDGET,16.0,A-s11-d3-t4096,4096,semantic,slate,None,False,False,False,False,-1.508749008178711,-13.468841552734375,359,,4208
NATIVE,1.0,A-s11-d3-t4096,4096,identifier,RT-7321-KP,RT-7321-KP,True,True,True,False,7.0390625,0.0,4305,,4208
NOCTX,1.0,A-s11-d3-t4096,4096,identifier,RT-7321-KP,UNKNOWN,False,False,False,False,0.9478435516357422,-5.409001350402832,93,,4208
BUDGET,2.0,A-s11-d3-t4096,4096,identifier,RT-7321-KP,RT-7321-KP,True,True,True,False,10.44388192892076,-5.960463056453591e-08,2200,,4208
BUDGET,4.0,A-s11-d3-t4096,4096,identifier,RT-7321-KP,RT-7321-KP,True,True,True,False,11.634202003479004,0.0,1147,,4208
BUDGET,8.0,A-s11-d3-t4096,4096,identifier,RT-7321-KP,RT-7321-KP,True,True,True,False,10.788694381713867,0.0,633,,4208
BUDGET,16.0,A-s11-d3-t4096,4096,identifier,RT-7321-KP,Harlow-2082,False,False,False,False,2.1429219245910645,-5.895968914031982,366,,4208
NATIVE,1.0,A-s11-d3-t4096,4096,number,"40,087","40,087",True,True,True,False,5.203856945037842,0.0,4306,,4208
NOCTX,1.0,A-s11-d3-t4096,4096,number,"40,087",1250000,False,False,False,False,-0.9104084968566895,-3.457051992416382,94,,4208
BUDGET,2.0,A-s11-d3-t4096,4096,number,"40,087","40,087",True,True,True,False,7.830313205718994,0.0,2201,,4208
BUDGET,4.0,A-s11-d3-t4096,4096,number,"40,087","40,087",True,True,True,False,8.021699905395508,0.0,1148,,4208
BUDGET,8.0,A-s11-d3-t4096,4096,number,"40,087",0,False,False,False,False,-1.3112711906433105,-5.9077301025390625,634,,4208
BUDGET,16.0,A-s11-d3-t4096,4096,number,"40,087",0,False,False,False,False,-1.5858240127563477,-6.0409674644470215,367,,4208
NATIVE,1.0,A-s11-d3-t4096,4096,date,2031-05-26,2031-05-26,True,True,True,False,2.9124999046325684,0.0,4305,,4208
NOCTX,1.0,A-s11-d3-t4096,4096,date,2031-05-26,2021-03-31,False,False,False,False,-0.17499995231628418,-1.959255576133728,93,,4208
BUDGET,2.0,A-s11-d3-t4096,4096,date,2031-05-26,2031-05-26,True,True,True,False,3.0625,0.0,2200,,4208
BUDGET,4.0,A-s11-d3-t4096,4096,date,2031-05-26,2031-05-20,False,False,False,True,-2.9875000834465624,-2.9875001907348633,1147,,4208
BUDGET,8.0,A-s11-d3-t4096,4096,date,2031-05-26,None,False,False,False,False,-0.07499980926513672,-3.3064723014831543,633,,4208
BUDGET,16.0,A-s11-d3-t4096,4096,date,2031-05-26,The document does not mention the date when the structural audit for Harlow-2111 closed.,False,False,False,False,-0.125,-3.405226469039917,366,,4208
NATIVE,1.0,A-s11-d3-t4096,4096,hash,c57521a6383ce8e7,c57521a6383ce8e7,True,True,True,False,2.5768980979919434,0.0,4303,,4208
NOCTX,1.0,A-s11-d3-t4096,4096,hash,c57521a6383ce8e7,3a7d6f8e9b0c1d2e3f4a5b6c7d8e9f0a1b2c3d4e5f6a7b8c,False,False,False,False,0.30841684341430664,-3.2108724117279053,91,,4208
BUDGET,2.0,A-s11-d3-t4096,4096,hash,c57521a6383ce8e7,c57521a6383ce8e7,True,True,True,False,6.847344875335693,0.0,2198,,4208
BUDGET,4.0,A-s11-d3-t4096,4096,hash,c57521a6383ce8e7,Answer:,False,False,False,False,0.33685302734375,-4.167717933654785,1145,,4208
BUDGET,8.0,A-s11-d3-t4096,4096,hash,c57521a6383ce8e7,Answer:,False,False,False,False,0.3657703399658203,-4.093383312225342,631,,4208
BUDGET,16.0,A-s11-d3-t4096,4096,hash,c57521a6383ce8e7,None,False,False,False,False,0.30219459533691406,-4.066836833953857,364,,4208
NATIVE,1.0,A-s11-d3-t4096,4096,path,/srv/calder/spool/kx33.log,/srv/calder/spool/kx33.log,True,True,True,False,3.75017426528575,-2.4098972062347457e-05,4304,,4208
NOCTX,1.0,A-s11-d3-t4096,4096,path,/srv/calder/spool/kx33.log,/ordell/2158/diagnostics,False,False,False,False,0.9306716918945312,-8.081290245056152,92,,4208
BUDGET,2.0,A-s11-d3-t4096,4096,path,/srv/calder/spool/kx33.log,/diagnostic/ordell-2158.log,False,False,False,False,-4.351731061935425,-4.898248672485352,2199,,4208
BUDGET,4.0,A-s11-d3-t4096,4096,path,/srv/calder/spool/kx33.log,https://relay.example.org/rel/5113,False,False,False,False,0.3282899856567383,-8.319729804992676,1146,,4208
BUDGET,8.0,A-s11-d3-t4096,4096,path,/srv/calder/spool/kx33.log,Answer: /data/ordell/2158/diagnostics,False,False,False,False,-0.20385074615478516,-8.015193939208984,632,,4208
BUDGET,16.0,A-s11-d3-t4096,4096,path,/srv/calder/spool/kx33.log,None.,False,False,False,False,0.6181612014770508,-7.508424758911133,365,,4208
NATIVE,1.0,A-s11-d3-t4096,4096,url,https://relay.example.org/rel/5113,https://relay.example.org/rel/5113,True,True,True,False,2.656249970198644,-5.066385142526997e-07,4304,,4208
NOCTX,1.0,A-s11-d3-t4096,4096,url,https://relay.example.org/rel/5113,https://mirror.example.com/Ordell-2189,False,False,False,False,-0.1249990463256836,-5.580886363983154,92,,4208
BUDGET,2.0,A-s11-d3-t4096,4096,url,https://relay.example.org/rel/5113,https://relay.example.org/rel/5113,True,True,True,False,2.489583383003911,-1.0927514182412779e-07,2199,,4208
BUDGET,4.0,A-s11-d3-t4096,4096,url,https://relay.example.org/rel/5113,https://relay.example.org/rel/5113,True,True,True,False,3.684711525837699,-1.6887970843981748e-07,1146,,4208
BUDGET,8.0,A-s11-d3-t4096,4096,url,https://relay.example.org/rel/5113,None.,False,False,False,False,-0.1315155029296875,-6.224092960357666,632,,4208
BUDGET,16.0,A-s11-d3-t4096,4096,url,https://relay.example.org/rel/5113,None.,False,False,False,False,-0.13040924072265625,-6.455766201019287,365,,4208
NATIVE,1.0,A-s11-d3-t4096,4096,proper_noun,Ingrid Sorley,Ingrid Sorley,True,True,True,False,6.887499749660499,-5.960463766996327e-08,4305,,4208
NOCTX,1.0,A-s11-d3-t4096,4096,proper_noun,Ingrid Sorley,UNKNOWN,False,False,False,False,-2.1552929878234863,-9.891406059265137,93,,4208
BUDGET,2.0,A-s11-d3-t4096,4096,proper_noun,Ingrid Sorley,Ingrid Sorley,True,True,True,False,8.600000262260465,-1.1920926112907182e-07,2200,,4208
BUDGET,4.0,A-s11-d3-t4096,4096,proper_noun,Ingrid Sorley,Answer: Ingrid Ashgrove,False,False,False,True,-9.240224957466125,-9.951126098632812,1147,,4208
BUDGET,8.0,A-s11-d3-t4096,4096,proper_noun,Ingrid Sorley,None.,False,False,False,False,-7.767380714416504,-9.336897850036621,633,,4208
BUDGET,16.0,A-s11-d3-t4096,4096,proper_noun,Ingrid Sorley,Ingrid Ashgrove,False,False,False,True,-10.982709789648652,-11.009784698486328,366,,4208
NATIVE,1.0,A-s11-d3-t4096,4096,composition,Draywell,Draywell,True,True,True,False,11.812506675720215,0.0,4315,,4208
NOCTX,1.0,A-s11-d3-t4096,4096,composition,Draywell,CEDAR-2252 Facility,False,False,False,False,-3.300591468811035,-13.53148365020752,103,,4208
BUDGET,2.0,A-s11-d3-t4096,4096,composition,Draywell,Draywell,True,True,True,False,16.125238299369833,-1.1920926823449918e-07,2210,,4208
BUDGET,4.0,A-s11-d3-t4096,4096,composition,Draywell,Dagny Okonkwo.,False,False,False,False,8.02407693862915,-4.667212009429932,1157,,4208
BUDGET,8.0,A-s11-d3-t4096,4096,composition,Draywell,Dagny Okonkwo,False,False,False,False,21.283236026763916,-5.003957271575928,643,,4208
BUDGET,16.0,A-s11-d3-t4096,4096,composition,Draywell,Vestry,False,False,False,False,21.869545698165894,-3.676589250564575,376,,4208
LEARNED,2.0,A-s11-d4-t4096,4096,semantic,amber,"amber
slate
blue
slate
blue
slate
blue
slate
blue
slate
blue
slate
blue
slate
blue
slate
blue
slate
blue
sl",False,True,True,True,0.125,-0.6367645859718323,2245,2108,4208
LEARNED,2.0,A-s11-d4-t4096,4096,identifier,QZ-2478-MB,XD-9959-KP-RT-RT-RT-RT-RT-RT-RT-RT-RT-RT-RT-RT-RT-RT-RT-RT-RT-RT-RT-RT,False,False,False,True,-2.487675088457763,-2.488049268722534,2252,2108,4208
LEARNED,2.0,A-s11-d4-t4096,4096,number,"35,962","35,962 credits.",True,True,True,False,3.021523601266381,-9.881809091893956e-05,2215,2108,4208
LEARNED,2.0,A-s11-d4-t4096,4096,date,2032-09-12,"2032-09-12
</think>

2032-09-12",True,True,True,False,1.2250682798912749,-0.0007703813025727868,2228,2108,4208
LEARNED,2.0,A-s11-d4-t4096,4096,hash,f2fd6c8ff689fda0,f2fd6c8ff689b2d1078fdfc605ee6833678000000000000000000,False,False,False,False,0.6582121253013611,-0.6171330809593201,2250,2108,4208
LEARNED,2.0,A-s11-d4-t4096,4096,path,/opt/vestry/spool/kx53.log,"/opt/vestry/spool/kx53.log
/opt/vestry/spool/kx53.log
/opt/vestry/spool/kx53.log
/opt/vestry/spool/kx53.log",True,True,True,False,1.895828108608839,-0.00016655462968628854,2251,2108,4208
LEARNED,2.0,A-s11-d4-t4096,4096,url,https://depot.example.net/rel/9337,https://depot.example.net/rel/9005.tgz?token=xd9959-kp7659-kp7659-kp7659-kp7659-k,False,False,False,True,-1.4711002266558353,-1.471476435661316,2250,2108,4208
LEARNED,2.0,A-s11-d4-t4096,4096,proper_noun,Halvard Delacroix,"Halvard Delacroix
</think>

Halvard Delacroix
</think>

Halvard Delacroix
</think>

Halvard Delacroix
</think>

Halvard Delacroix
</think>

Halvard Delacroix
</think>",True,True,True,False,4.184175968170166,-0.05559349060058594,2252,2108,4208
LEARNED,2.0,A-s11-d4-t4096,4096,composition,Ashcombe,Ashcombe Gateway (Ashcombe Gate) in the Ashcombe Mountains.,True,True,True,False,4.6250004795401765,-5.1972547225886956e-05,2229,2108,4208
LEARNED_JOINT,2.0,A-s11-d4-t4096,4096,semantic,amber,"amber
amber
amber
amber
amber
amber
amber
amber
amber
amber
amber
amber
amber
amber
amber
amber
amber
amber
amber
amber
amber
amber
amber
amber",True,True,True,False,11.499999857624061,-0.0013638966483995318,2241,2104,4208
LEARNED_JOINT,2.0,A-s11-d4-t4096,4096,identifier,QZ-2478-MB,"XD-9959-KP
XD-9959-KP
XD-9959-KP
XD-9959-KP
XD-9959-KP
XD-9",False,False,False,True,-1.5695628367830068,-1.570289969444275,2248,2104,4208
LEARNED_JOINT,2.0,A-s11-d4-t4096,4096,number,"35,962","35,962,35,962,35,962,35,962,35,962,35,962,35,962",True,True,True,False,1.2505037070732214,-9.698853682493791e-05,2250,2104,4208
LEARNED_JOINT,2.0,A-s11-d4-t4096,4096,date,2032-09-12,"2029-09-19
2029-09-19
2029-09-19
2029-09-19
2029",False,False,False,True,-0.7500344197032973,-0.7500913739204407,2248,2104,4208
LEARNED_JOINT,2.0,A-s11-d4-t4096,4096,hash,f2fd6c8ff689fda0,"f2fd6c8ff689fa0078fdfce65eeeb2d11
f2fd6c8ff689fa0078fdfce65eeeb2",False,False,False,False,0.02624271810054779,-0.22166015207767487,2246,2104,4208
LEARNED_JOINT,2.0,A-s11-d4-t4096,4096,path,/opt/vestry/spool/kx53.log,"/opt/vestry/spool/kx57.log
/opt/vestry/spool/kx57.log
/opt/vestry/spool/kx57.log
/opt/vestry/spool/kx57.log",False,False,False,False,-0.11743620783090591,-0.21550363302230835,2247,2104,4208
LEARNED_JOINT,2.0,A-s11-d4-t4096,4096,url,https://depot.example.net/rel/9337,https://depot.example.net/rel/900570937093709370937093709370937093709,False,False,False,True,-1.057674449039041,-1.0578057765960693,2246,2104,4208
LEARNED_JOINT,2.0,A-s11-d4-t4096,4096,proper_noun,Halvard Delacroix,"Halvard Delacroix IX
Halvard Delacroix IX
Halvard Delacroix IX
Halvard Delacroix IX
Halvard Delacroix IX
Halvard Delacroix IX
Halvard Delacroix IX",True,True,True,False,2.83296793513,-0.007927002385258675,2248,2104,4208
LEARNED_JOINT,2.0,A-s11-d4-t4096,4096,composition,Ashcombe,Ashcombe Brannigan's facility in Ashcombe Brannigan's facility in Ashcombe Brannigan's facility in Ashcombe Brannigan's facility in Ashcombe Brannigan's facility in Ashcombe Brannigan's facility in,True,True,True,False,0.6250002831220627,-0.12596990168094635,2257,2104,4208
LEARNED,4.0,A-s11-d4-t4096,4096,semantic,amber,"blue
amber
blue
blue
blue
blue
blue
blue
blue
blue
blue
blue
blue
blue
blue
blue
blue
blue
blue
blue
blue
blue
blue
blue",False,True,True,True,0.0,-0.7004203200340271,1194,1057,4208
LEARNED,4.0,A-s11-d4-t4096,4096,identifier,QZ-2478-MB,XD-9959-KP-MB-72-DZ-72-DZ-72-DZ-72-DZ-72-DZ-72-DZ-72-DZ-72,False,False,False,True,-2.1891662403941154,-2.2107369899749756,1201,1057,4208
LEARNED,4.0,A-s11-d4-t4096,4096,number,"35,962","35,962 credits.",True,True,True,False,0.7712435382418334,-0.002067540306597948,1164,1057,4208
LEARNED,4.0,A-s11-d4-t4096,4096,date,2032-09-12,"2032-09-19
2032-09-19
2032-09-19
2032-09-19
2032",False,False,False,False,-0.237684428691864,-0.6272727847099304,1201,1057,4208
LEARNED,4.0,A-s11-d4-t4096,4096,hash,f2fd6c8ff689fda0,7f2d6f865ee82d12000000000000000000000000000000000,False,False,False,False,0.15199851989746094,-1.917553186416626,1199,1057,4208
LEARNED,4.0,A-s11-d4-t4096,4096,path,/opt/vestry/spool/kx53.log,"/opt/vestry/spool/kx53.log
/opt/vestry/spool/kx53.log
/opt/vestry/spool/kx53.log
/opt/vestry/spool/kx53.log",True,True,True,False,1.6144646821776405,-0.001175362034700811,1200,1057,4208
LEARNED,4.0,A-s11-d4-t4096,4096,url,https://depot.example.net/rel/9337,https://depot.example.net/rel/9005.yml.sbx?rel=78932178-8562-4921-8652-78932,False,False,False,True,-1.3633758332580328,-1.3867180347442627,1199,1057,4208
LEARNED,4.0,A-s11-d4-t4096,4096,proper_noun,Halvard Delacroix,Halvard Brannigan Brannigan Brannigan Brannigan Brannigan Brannigan Brannigan Brannigan Brannigan Brannigan Brannigan Brannigan Brannigan Brannigan Brannigan Br,False,False,False,False,3.215777099132538,-0.17485052347183228,1201,1057,4208
LEARNED,4.0,A-s11-d4-t4096,4096,composition,Ashcombe,"Longmere Spineyard, Longmere, Scotland.",False,False,False,True,-4.062492932891473,-4.0626606941223145,1174,1057,4208
LEARNED_JOINT,4.0,A-s11-d4-t4096,4096,semantic,amber,"amber
amber
amber
amber
amber
amber
amber
amber
amber
amber
amber
amber
amber
amber
amber
amber
amber
amber
amber
amber
amber
amber
amber
amber",True,True,True,False,9.499999672174454,-0.0013144910335540771,1189,1052,4208
LEARNED_JOINT,4.0,A-s11-d4-t4096,4096,identifier,QZ-2478-MB,QZ-2478-MB-MB-MB-MB-MB-MB-MB-MB-MB-MB-MB-MB-MB-MB-MB-MB-MB-MB-MB-MB-M,True,True,True,False,0.11852017045021057,-0.06498131155967712,1196,1052,4208
LEARNED_JOINT,4.0,A-s11-d4-t4096,4096,number,"35,962","35,962, in credits.",True,True,True,False,1.2786379210228915,-0.00011249859380768612,1161,1052,4208
LEARNED_JOINT,4.0,A-s11-d4-t4096,4096,date,2032-09-12,2032-09-12,True,True,True,False,0.02498989924788475,-0.05761488154530525,1159,1052,4208
LEARNED_JOINT,4.0,A-s11-d4-t4096,4096,hash,f2fd6c8ff689fda0,7fdf806565ee2bde00f2d6f806565ee2bde00f2d6f806565ee2bde00,False,False,False,False,0.15598297119140625,-2.3231568336486816,1194,1052,4208
LEARNED_JOINT,4.0,A-s11-d4-t4096,4096,path,/opt/vestry/spool/kx53.log,"/opt/vestry/spool/kx53.log
/opt/vestry/spool/kx53.log
/opt/vestry/spool/kx53.log
/opt/vestry/spool/kx53.log",True,True,True,False,0.529840836301446,-0.012978604063391685,1195,1052,4208
LEARNED_JOINT,4.0,A-s11-d4-t4096,4096,url,https://depot.example.net/rel/9337,https://depot.example.net/rel/93377.png?token=7f8df6c8ff8edfa0000000000000000000,True,False,True,False,0.673013927647844,-0.003163097193464637,1194,1052,4208
LEARNED_JOINT,4.0,A-s11-d4-t4096,4096,proper_noun,Halvard Delacroix,Halvard Ashcombe Delacroix Delacroix Delacroix Delacroix Delacroix Delacroix Delacroix Delacroix Delacroix Delacroix Delacroix Delacroix Delacroix Delacroix Delacro,False,False,False,False,1.993310570716858,-0.2628432512283325,1196,1052,4208
LEARNED_JOINT,4.0,A-s11-d4-t4096,4096,composition,Ashcombe,"Longmere Sparring Grounds in Ashcombe, Westrumbrant.",False,True,True,True,-3.0624995216494426,-3.0636179447174072,1173,1052,4208
RANDOM,4.0,A-s11-d4-t4096,4096,semantic,amber,"slate grey
slate grey
slate grey
slate grey
slate grey
slate grey
slate grey
slate grey
slate grey
slate grey
slate grey
slate grey",False,False,False,False,4.749999523162842,-4.6425347328186035,1194,1057,4208
RANDOM,4.0,A-s11-d4-t4096,4096,identifier,QZ-2478-MB,KP-9812-XD-RT-RT-RT-RT-RT-RT-RT-RT-RT-RT-RT-RT-RT-RT-RT-RT-RT-RT-RT-RT,False,False,False,False,-0.41822266578674316,-2.5456597805023193,1201,1057,4208
RANDOM,4.0,A-s11-d4-t4096,4096,number,"35,962","30,480 credits. (from the document's mention of ""Q3 reconciliation total for Vestry-2867, in credits"")",False,False,False,False,0.05406045913696289,-1.7855631113052368,1188,1057,4208
RANDOM,4.0,A-s11-d4-t4096,4096,date,2032-09-12,2030-09-29,False,False,False,False,0.0073171257972717285,-0.7108103036880493,1164,1057,4208
RANDOM,4.0,A-s11-d4-t4096,4096,hash,f2fd6c8ff689fda0,d82c651e8054405080544050805440508054405080544050,False,False,False,False,0.2536180019378662,-3.7994649410247803,1199,1057,4208
RANDOM,4.0,A-s11-d4-t4096,4096,path,/opt/vestry/spool/kx53.log,"/opt/vestry/spool/kx29.log
/opt/vestry/spool/kx29.log
/opt/vestry/spool/kx29.log
/opt/vestry/spool/kx29.log",False,False,False,False,0.26077407598495483,-0.5305173397064209,1200,1057,4208
RANDOM,4.0,A-s11-d4-t4096,4096,url,https://depot.example.net/rel/9337,https://depot.example.net/rel/827888788878887888788878887888788878887,False,False,False,False,0.025763988494873047,-0.8949459791183472,1199,1057,4208
RANDOM,4.0,A-s11-d4-t4096,4096,proper_noun,Halvard Delacroix,"Anselm Brannigan
</think>

Anselm Brannigan",False,False,False,False,-0.8268717527389526,-2.3270492553710938,1169,1057,4208
RANDOM,4.0,A-s11-d4-t4096,4096,composition,Ashcombe,"Dunfermline Gatehouse (Dunfermline, Scotland) (Dunfermline Gatehouse) (Dunfermline, Scotland) (Dunfermline Gatehouse) (Dunferml",False,False,False,False,1.2067602276802063,-0.9672674536705017,1210,1057,4208
SHUFFLE_PAGES,4.0,A-s11-d4-t4096,4096,semantic,amber,"blue
amber
blue
blue
blue
blue
blue
blue
blue
blue
blue
blue
blue
blue
blue
blue
blue
blue
blue
blue
blue
blue
blue
blue",False,True,True,True,-1.5000000149011612,-1.7063937187194824,1194,1057,4208
SHUFFLE_PAGES,4.0,A-s11-d4-t4096,4096,identifier,QZ-2478-MB,"XD-9959-KP
XD-9959-KP
XD-9959-KP
XD-9959-KP
XD-9959-KP
XD-9",False,False,False,True,-2.336624988820404,-2.3433480262756348,1201,1057,4208
SHUFFLE_PAGES,4.0,A-s11-d4-t4096,4096,number,"35,962","35,962 credits.",True,True,True,False,0.8960023307008669,-0.0010315395193174481,1164,1057,4208
SHUFFLE_PAGES,4.0,A-s11-d4-t4096,4096,date,2032-09-12,"2032-09-19
2032-09-19
2032-09-19
2032-09-19
2032",False,False,False,False,0.1591472625732422,-0.3415548801422119,1201,1057,4208
SHUFFLE_PAGES,4.0,A-s11-d4-t4096,4096,hash,f2fd6c8ff689fda0,7f2d6f865ee92d12000000000000000000000000000000000,False,False,False,False,-0.12311184406280518,-1.7839547395706177,1199,1057,4208
SHUFFLE_PAGES,4.0,A-s11-d4-t4096,4096,path,/opt/vestry/spool/kx53.log,"/opt/vestry/spool/kx53.log
/opt/vestry/spool/kx53.log
/opt/vestry/spool/kx53.log
/opt/vestry/spool/kx53.log",True,True,True,False,1.878415536310058,-0.0006112342816777527,1200,1057,4208
SHUFFLE_PAGES,4.0,A-s11-d4-t4096,4096,url,https://depot.example.net/rel/9337,https://depot.example.net/rel/9005.yml.sbx?rel=7981.mir?rel=7981.mir?rel=7981.mir?rel=79,False,False,False,True,-1.3046963140368462,-1.3505325317382812,1199,1057,4208
SHUFFLE_PAGES,4.0,A-s11-d4-t4096,4096,proper_noun,Halvard Delacroix,Halvard Delacroix Delacroix Sorley Brannigan Brannigan Brannigan Brannigan Brannigan Brannigan Brannigan Brannigan Brannigan Brannigan Brannigan Brannigan Brann,True,True,True,False,3.305358052253723,-0.11932599544525146,1201,1057,4208
SHUFFLE_PAGES,4.0,A-s11-d4-t4096,4096,composition,Ashcombe,"Longmere Spineyard, Longmere, Ashcombe, Longmere, Ashcombe, Longmere, Ashcombe, Longmere, Ashcombe, Longmere, Ashcombe, Longmere, Ashcombe, Longmere, Ashcombe,",False,True,True,True,-3.624991015851265,-3.6253676414489746,1210,1057,4208
WRONGPAGE,4.0,A-s11-d4-t4096,4096,semantic,amber,amber anise slayder in the document. The answer is: amber anise slayder.,True,True,True,False,12.499999541789293,-0.05933902785181999,1168,1057,4208
WRONGPAGE,4.0,A-s11-d4-t4096,4096,identifier,QZ-2478-MB,XD-8267-QZ-4776-QZ-4776-QZ-4776-QZ-4776-QZ-4776-QZ-4776,False,False,False,False,-2.066587448120117,-6.183665752410889,1201,1057,4208
WRONGPAGE,4.0,A-s11-d4-t4096,4096,number,"35,962","16,236,16,236,16,236,16,236,16,236,16,236,16,236",False,False,False,False,0.29932475090026855,-3.473578691482544,1203,1057,4208
WRONGPAGE,4.0,A-s11-d4-t4096,4096,date,2032-09-12,"2032-02-15.png
2032-02-15.png
2032-02-15.png
2032-02-15.png",False,False,False,False,0.2976875305175781,-1.6894031763076782,1201,1057,4208
WRONGPAGE,4.0,A-s11-d4-t4096,4096,hash,f2fd6c8ff689fda0,9393bfa7bdd5514ba6a8b8b8b8b8b8b8b8b8b8b8b8b8b8b8b8b8,False,False,False,False,0.8201131820678711,-4.853545665740967,1199,1057,4208
WRONGPAGE,4.0,A-s11-d4-t4096,4096,path,/opt/vestry/spool/kx53.log,"/opt/vestry/spool/kx77.log
/opt/vestry/spool/kx77.log
/opt/vestry/spool/kx77.log
/opt/vestry/spool/kx77.log",False,False,False,False,-0.4563278555870056,-1.2106976509094238,1200,1057,4208
WRONGPAGE,4.0,A-s11-d4-t4096,4096,url,https://depot.example.net/rel/9337,https://relay.example.org/rel/6659.html?rel=6659&rel=6659&rel=6659&rel=6659&rel=6659,False,False,False,False,-0.040361881256103516,-2.1323046684265137,1199,1057,4208
WRONGPAGE,4.0,A-s11-d4-t4096,4096,proper_noun,Halvard Delacroix,"Dagny Brannigan Okonkwo
Dagny Brannigan Okonkwo
Dagny Brannigan Okonkwo
Dagny Brannigan Okonkwo
Dagny Br",False,False,False,False,-1.3926394581794739,-1.7408463954925537,1201,1057,4208
WRONGPAGE,4.0,A-s11-d4-t4096,4096,composition,Ashcombe,Draywell spiregate in Draywell spiregate in Draywell spiregate in Draywell spiregate in Draywell spiregate in Draywell spiregate in Draywell spiregate,False,False,False,False,8.250215291976929,-2.0090763568878174,1210,1057,4208
LEARNED,8.0,A-s11-d4-t4096,4096,semantic,amber,"amber
slight blue
blue
blue
blue
blue
blue
blue
blue
blue
blue
blue
blue
blue
blue
blue
blue
blue
blue
blue
blue
blue
blue",False,True,True,True,0.6249999701976776,-0.45399418473243713,670,533,4208
LEARNED,8.0,A-s11-d4-t4096,4096,identifier,QZ-2478-MB,XD-9947-KP-MB-2857-XD-9947-KP-MB-2857-XD-9947-KP-MB-2857-X,False,False,False,False,-1.3222537636756897,-1.9160921573638916,677,533,4208
LEARNED,8.0,A-s11-d4-t4096,4096,number,"35,962","35,962,697,880,984,129,789,651,880,984,129,789,6",True,True,True,False,3.905152790248394,-0.06548000127077103,679,533,4208
LEARNED,8.0,A-s11-d4-t4096,4096,date,2032-09-12,"2032-09-19
2032-09-19
2032-09-19
2032-09-19
2032",False,False,False,False,-0.3979027271270752,-0.9008316993713379,677,533,4208
LEARNED,8.0,A-s11-d4-t4096,4096,hash,f2fd6c8ff689fda0,7f8f26fbbd5ee2da1fa7d8888888888888888888888888888888,False,False,False,False,-0.9046337604522705,-3.7663674354553223,675,533,4208
LEARNED,8.0,A-s11-d4-t4096,4096,path,/opt/vestry/spool/kx53.log,"/opt/vestry/spool/kx53.log
/opt/vestry/spool/kx53.log
/opt/vestry/spool/kx53.log
/opt/vestry/spool/kx53.log",True,True,True,False,0.9753946461714804,-0.001527687069028616,676,533,4208
LEARNED,8.0,A-s11-d4-t4096,4096,url,https://depot.example.net/rel/9337,https://depot.example.net/rel/90057777.html?path=opt/spool/kx53.log&rev=77115da1faee2da198fa8,False,False,False,True,-0.24938531778752804,-0.25350362062454224,675,533,4208
LEARNED,8.0,A-s11-d4-t4096,4096,proper_noun,Halvard Delacroix,Halvard Delacroix Delacroix Delacroix Delacroix Delacroix Delacroix Delacroix Delacroix Delacroix Delacroix Delacroix Delacroix Delacroix Delacroix Delacroix Del,True,True,True,False,2.150206036865711,-0.039086394011974335,677,533,4208
LEARNED,8.0,A-s11-d4-t4096,4096,composition,Ashcombe,"Ashcombe Spokegate Brantwell Gatekeep Spire in Longmere, Westgate, Ashcombe Spokegate Brantwell Gatekeep Spire in Longmere, Westgate, Ashcombe Spokegate Brantwell Gatekeep",False,True,True,True,2.1876094453036785,-0.006725061684846878,686,533,4208
LEARNED_JOINT,8.0,A-s11-d4-t4096,4096,semantic,amber,amber amber amber amber amber amber amber amber amber amber amber amber amber amber amber amber amber amber amber amber amber amber amber amber amber amber amber amber amber amber amber amber amber amber amber amber amber amber amber amber amber amber amber amber amber amber amber amber,True,True,True,False,9.375000053085387,-0.008982605300843716,663,526,4208
LEARNED_JOINT,8.0,A-s11-d4-t4096,4096,identifier,QZ-2478-MB,QZ-9959-KP-MP-RT-RT-RT-RT-RT-RT-RT-RT-RT-RT-RT-RT-RT-RT-RT-RT-RT-RT-,False,False,False,False,-1.9440165758132935,-3.003957986831665,670,526,4208
LEARNED_JOINT,8.0,A-s11-d4-t4096,4096,number,"35,962","35,962,955,988,955,988,955,988,955,988,955,988,9",True,True,True,False,4.743955262158124,-0.00010954573372146115,672,526,4208
LEARNED_JOINT,8.0,A-s11-d4-t4096,4096,date,2032-09-12,2029-09-19,False,False,False,True,-2.0876964472299733,-2.087724447250366,633,526,4208
LEARNED_JOINT,8.0,A-s11-d4-t4096,4096,hash,f2fd6c8ff689fda0,f6ff8f26fda8f9da8f9da8f9da8f9da8f9da8f9da8f9da8f9da8f9da8f9,False,False,False,False,2.8709604740142822,-2.230634927749634,668,526,4208
LEARNED_JOINT,8.0,A-s11-d4-t4096,4096,path,/opt/vestry/spool/kx53.log,"/opt/vestry/spool/kx53.log
/opt/vestry/spool/kx53.log
/opt/vestry/spool/kx53.log
/opt/vestry/spool/kx53.log",True,True,True,False,0.10244882851839066,-0.07835514098405838,669,526,4208
LEARNED_JOINT,8.0,A-s11-d4-t4096,4096,url,https://depot.example.net/rel/9337,https://depot.example.net/rel/9050?token=fd8f6f26f9da8f90f8da8f90f8da8f90f8da8,False,False,False,False,-0.744402214884758,-0.9139455556869507,668,526,4208
LEARNED_JOINT,8.0,A-s11-d4-t4096,4096,proper_noun,Halvard Delacroix,Dagny Okonkwo-Xierngkpokpokpokpokpokpokpokpokpokpokpokpokpokpokpokpokpokpokp,False,False,False,True,-0.22805989533662796,-0.31938624382019043,670,526,4208
LEARNED_JOINT,8.0,A-s11-d4-t4096,4096,composition,Ashcombe,Ashcombe Sparring Range (Ashcombe Sparring Range),True,True,True,False,6.313532594002027,-7.080718205543235e-05,644,526,4208
LEARNED,16.0,A-s11-d4-t4096,4096,semantic,amber,"blue
slight blue
blue
blue
blue
blue
blue
blue
blue
blue
blue
blue
blue
blue
blue
blue
blue
blue
blue
blue
blue
blue
blue",False,False,False,True,-9.124999930500053,-9.12632942199707,409,272,4208
LEARNED,16.0,A-s11-d4-t4096,4096,identifier,QZ-2478-MB,XD-9278-KP-XD-9278-KP-XD-9278-KP-XD-9278-KP-XD-9278-KP-XD-9,False,False,False,False,-1.7958186864852905,-3.2568461894989014,416,272,4208
LEARNED,16.0,A-s11-d4-t4096,4096,number,"35,962","45,189 credits.",False,False,False,False,-0.5623043179512024,-1.2224642038345337,379,272,4208
LEARNED,16.0,A-s11-d4-t4096,4096,date,2032-09-12,2029-09-12.pngxeeff87ee125eeff87ee125eeff87ee125eeff87ee125eeff87ee,False,False,False,False,0.6181092858314514,-0.45871585607528687,416,272,4208
LEARNED,16.0,A-s11-d4-t4096,4096,hash,f2fd6c8ff689fda0,78fdf87e5eeb48f16d2ee519775809e519775809e519775809e5,False,False,False,False,-1.4799089431762695,-3.754291296005249,414,272,4208
LEARNED,16.0,A-s11-d4-t4096,4096,path,/opt/vestry/spool/kx53.log,"/opt/vestry/spool/kx97.log
/opt/vestry/spool/kx97.log
/opt/vestry/spool/kx97.log
/opt/vestry/spool/kx97.log",False,False,False,False,-0.23460444808006287,-0.5594851970672607,415,272,4208
LEARNED,16.0,A-s11-d4-t4096,4096,url,https://depot.example.net/rel/9337,https://depot.example.net/rel/90077777.html?download=amber-4258.patch.gz&token=7890123456789012,False,False,False,False,-0.12338554859161377,-0.4529969096183777,414,272,4208
LEARNED,16.0,A-s11-d4-t4096,4096,proper_noun,Halvard Delacroix,Dagny Brannigan Brannigan Brannigan Brannigan Brannigan Brannigan Brannigan Brannigan Brannigan Brannigan Brannigan Brannigan Brannigan Brannigan Brannigan,False,False,False,False,-0.9354734420776367,-1.3330867290496826,416,272,4208
LEARNED,16.0,A-s11-d4-t4096,4096,composition,Ashcombe,Ashcombe Spokewell Tower (Ashcombe Spokewell Tower),True,True,True,False,4.19327733211685,-0.0008321077330037951,392,272,4208
LEARNED_JOINT,16.0,A-s11-d4-t4096,4096,semantic,amber,"amber
amber
amber
amber
amber
amber
amber
amber
amber
amber
amber
amber
amber
amber
amber
amber
amber
amber
amber
amber
amber
amber
amber
amber",True,True,True,False,1.4999999552965164,-0.21757309138774872,400,263,4208
LEARNED_JOINT,16.0,A-s11-d4-t4096,4096,identifier,QZ-2478-MB,QZ-9995-KP-XD-RT-RT-RT-RT-RT-RT-RT-RT-RT-RT-RT-RT-RT-RT-RT-RT-RT-RT-,False,False,False,False,-3.9185116291046143,-4.975822448730469,407,263,4208
LEARNED_JOINT,16.0,A-s11-d4-t4096,4096,number,"35,962","35,969 credits.",False,False,False,False,2.8450892567634583,-0.9592797160148621,370,263,4208
LEARNED_JOINT,16.0,A-s11-d4-t4096,4096,date,2032-09-12,2029-09-19,False,False,False,True,-1.8430729219689965,-1.8512241840362549,370,263,4208
LEARNED_JOINT,16.0,A-s11-d4-t4096,4096,hash,f2fd6c8ff689fda0,f890f289fa8f96f890f289fa8f96f890f289fa8f96f890f289fa,False,False,False,False,1.6374866962432861,-3.4817440509796143,405,263,4208
LEARNED_JOINT,16.0,A-s11-d4-t4096,4096,path,/opt/vestry/spool/kx53.log,/opt/vestry/spool/kx97.log.opt.vestry.spool.kx97.log.opt.vestry.spool.kx97.log.opt.vestry.spool.kx97.log.opt.vestry,False,False,False,False,-0.4998229146003723,-1.10588538646698,406,263,4208
LEARNED_JOINT,16.0,A-s11-d4-t4096,4096,url,https://depot.example.net/rel/9337,https://depot.example.net/rel/9050?token=8f92f8da8f92f8da8f92f8da8f92f8da8f92,False,False,False,False,-0.7818477302789688,-0.9376475214958191,405,263,4208
LEARNED_JOINT,16.0,A-s11-d4-t4096,4096,proper_noun,Halvard Delacroix,Halvard Delacroix 🤴,True,True,True,False,0.3678801953792572,-0.12354898452758789,368,263,4208
LEARNED_JOINT,16.0,A-s11-d4-t4096,4096,composition,Ashcombe,Ashcombe Spokeyard (Ashcombe Spokeyard),True,True,True,False,4.252834988292307,-0.002561854664236307,381,263,4208
NATIVE,1.0,A-s11-d4-t4096,4096,semantic,amber,amber,True,True,True,False,22.625000256564817,-0.00019047829846385866,4298,,4208
NOCTX,1.0,A-s11-d4-t4096,4096,semantic,amber,Red,False,False,False,False,-8.062499523162842,-14.132061004638672,86,,4208
BUDGET,2.0,A-s11-d4-t4096,4096,semantic,amber,None.,False,False,False,False,-3.25,-21.890104293823242,2179,,4208
BUDGET,4.0,A-s11-d4-t4096,4096,semantic,amber,Answer:,False,False,False,False,-2.71875,-25.07708740234375,1129,,4208
BUDGET,8.0,A-s11-d4-t4096,4096,semantic,amber,None,False,False,False,False,-3.5,-22.953256607055664,607,,4208
BUDGET,16.0,A-s11-d4-t4096,4096,semantic,amber,None,False,False,False,False,-2.75,-22.891176223754883,347,,4208
NATIVE,1.0,A-s11-d4-t4096,4096,identifier,QZ-2478-MB,QZ-2478-MB,True,True,True,False,6.312509536743164,0.0,4305,,4208
NOCTX,1.0,A-s11-d4-t4096,4096,identifier,QZ-2478-MB,Mirren-2857,False,False,False,False,0.6287612915039062,-5.6494855880737305,93,,4208
BUDGET,2.0,A-s11-d4-t4096,4096,identifier,QZ-2478-MB,QZ-2478-MB,True,True,True,False,5.578129291534424,0.0,2186,,4208
BUDGET,4.0,A-s11-d4-t4096,4096,identifier,QZ-2478-MB,QZ-2478-MB,True,True,True,False,5.4695892333984375,0.0,1136,,4208
BUDGET,8.0,A-s11-d4-t4096,4096,identifier,QZ-2478-MB,XD-9959-KP,False,False,False,True,-7.248589751688996,-7.2486724853515625,614,,4208
BUDGET,16.0,A-s11-d4-t4096,4096,identifier,QZ-2478-MB,None,False,False,False,False,-0.45421743392944336,-7.496618270874023,354,,4208
NATIVE,1.0,A-s11-d4-t4096,4096,number,"35,962","35,962",True,True,True,False,4.813619136810303,0.0,4307,,4208
NOCTX,1.0,A-s11-d4-t4096,4096,number,"35,962",1250000,False,False,False,False,0.27730417251586914,-2.855093240737915,95,,4208
BUDGET,2.0,A-s11-d4-t4096,4096,number,"35,962","35,962",True,True,True,False,9.399447441101074,0.0,2188,,4208
BUDGET,4.0,A-s11-d4-t4096,4096,number,"35,962",0,False,False,False,False,1.5309057235717773,-6.155223369598389,1138,,4208
BUDGET,8.0,A-s11-d4-t4096,4096,number,"35,962",0,False,False,False,False,1.5564947128295898,-5.768347263336182,616,,4208
BUDGET,16.0,A-s11-d4-t4096,4096,number,"35,962",0,False,False,False,False,1.6052131652832031,-5.862631320953369,356,,4208
NATIVE,1.0,A-s11-d4-t4096,4096,date,2032-09-12,2032-09-12,True,True,True,False,2.0,0.0,4305,,4208
NOCTX,1.0,A-s11-d4-t4096,4096,date,2032-09-12,"July 1, 2021",False,False,False,False,0.5568752288818359,-2.931333541870117,93,,4208
BUDGET,2.0,A-s11-d4-t4096,4096,date,2032-09-12,The document does not mention a structural audit for Vestry-2887.,False,False,False,False,-4.5915747582912445,-4.772763252258301,2186,,4208
BUDGET,4.0,A-s11-d4-t4096,4096,date,2032-09-12,2029-09-19,False,False,False,True,-4.400671150535345,-4.426980018615723,1136,,4208
BUDGET,8.0,A-s11-d4-t4096,4096,date,2032-09-12,2029-09-19,False,False,False,True,-4.891579842878855,-4.891587734222412,614,,4208
BUDGET,16.0,A-s11-d4-t4096,4096,date,2032-09-12,2029-09-19,False,False,False,True,-5.366031272074906,-5.366349697113037,354,,4208
NATIVE,1.0,A-s11-d4-t4096,4096,hash,f2fd6c8ff689fda0,f2fd6c8ff689fda0,True,True,True,False,2.6562538146972656,0.0,4303,,4208
NOCTX,1.0,A-s11-d4-t4096,4096,hash,f2fd6c8ff689fda0,0x3a7d6a3e8d6a3e8d6a3e8d6a3e8d6a3e,False,False,False,False,0.5143182277679443,-3.9950244426727295,91,,4208
BUDGET,2.0,A-s11-d4-t4096,4096,hash,f2fd6c8ff689fda0,f2fd6c8ff689fda0,True,True,True,False,7.137223720550537,0.0,2184,,4208
BUDGET,4.0,A-s11-d4-t4096,4096,hash,f2fd6c8ff689fda0,None,False,False,False,False,0.22771215438842773,-5.366450309753418,1134,,4208
BUDGET,8.0,A-s11-d4-t4096,4096,hash,f2fd6c8ff689fda0,None,False,False,False,False,0.25049638748168945,-5.2514262199401855,612,,4208
BUDGET,16.0,A-s11-d4-t4096,4096,hash,f2fd6c8ff689fda0,The document does not mention the manifest digest for Ordell-2919.,False,False,False,False,0.31821107864379883,-5.3790693283081055,352,,4208
NATIVE,1.0,A-s11-d4-t4096,4096,path,/opt/vestry/spool/kx53.log,/opt/vestry/spool/kx53.log,True,True,True,False,1.9016998931765556,-0.005733616650104523,4304,,4208
NOCTX,1.0,A-s11-d4-t4096,4096,path,/opt/vestry/spool/kx53.log,/proc/self/cgroup,False,False,False,False,-1.2680659294128418,-8.90358829498291,92,,4208
BUDGET,2.0,A-s11-d4-t4096,4096,path,/opt/vestry/spool/kx53.log,/var/opt/mirren/spool/kx97.log,False,False,False,True,-5.738337550974393,-5.7384233474731445,2185,,4208
BUDGET,4.0,A-s11-d4-t4096,4096,path,/opt/vestry/spool/kx53.log,/var/opt/mirren/spool/kx97.log,False,False,False,True,-6.389618148773479,-6.3896260261535645,1135,,4208
BUDGET,8.0,A-s11-d4-t4096,4096,path,/opt/vestry/spool/kx53.log,None.,False,False,False,False,-0.6950159072875977,-8.29709529876709,613,,4208
BUDGET,16.0,A-s11-d4-t4096,4096,path,/opt/vestry/spool/kx53.log,None,False,False,False,False,-0.7642660140991211,-8.344145774841309,353,,4208
NATIVE,1.0,A-s11-d4-t4096,4096,url,https://depot.example.net/rel/9337,https://depot.example.net/rel/9337,True,True,True,False,2.5769234987406406,-1.1003926658759156e-07,4303,,4208
NOCTX,1.0,A-s11-d4-t4096,4096,url,https://depot.example.net/rel/9337,https://calder-2969.mirror/,False,False,False,False,0.1276378631591797,-4.767369270324707,91,,4208
BUDGET,2.0,A-s11-d4-t4096,4096,url,https://depot.example.net/rel/9337,None.,False,False,False,False,0.017055988311767578,-4.788386821746826,2184,,4208
BUDGET,4.0,A-s11-d4-t4096,4096,url,https://depot.example.net/rel/9337,None,False,False,False,False,0.021843433380126953,-4.608688831329346,1134,,4208
BUDGET,8.0,A-s11-d4-t4096,4096,url,https://depot.example.net/rel/9337,None.,False,False,False,False,-0.026398658752441406,-4.557271480560303,612,,4208
BUDGET,16.0,A-s11-d4-t4096,4096,url,https://depot.example.net/rel/9337,None,False,False,False,False,0.0016155242919921875,-4.7752685546875,352,,4208
NATIVE,1.0,A-s11-d4-t4096,4096,proper_noun,Halvard Delacroix,Halvard Delacroix,True,True,True,False,5.468592071533216,-9.536741885085576e-08,4305,,4208
NOCTX,1.0,A-s11-d4-t4096,4096,proper_noun,Halvard Delacroix,UNKNOWN,False,False,False,False,-4.23314905166626,-8.806098937988281,93,,4208
BUDGET,2.0,A-s11-d4-t4096,4096,proper_noun,Halvard Delacroix,No one signed off on the Vestry-2992 handover.,False,False,False,False,1.599668025970459,-5.1513566970825195,2186,,4208
BUDGET,4.0,A-s11-d4-t4096,4096,proper_noun,Halvard Delacroix,No one signed off on the Vestry-2992 handover.,False,False,False,False,1.9889984130859375,-5.853621959686279,1136,,4208
BUDGET,8.0,A-s11-d4-t4096,4096,proper_noun,Halvard Delacroix,No one signed off on the Vestry-2992 handover.,False,False,False,False,-1.1725497245788574,-8.442865371704102,614,,4208
BUDGET,16.0,A-s11-d4-t4096,4096,proper_noun,Halvard Delacroix,No one is mentioned as signing off on the Vestry-2992 handover in the provided document.,False,False,False,False,-2.677901268005371,-10.73097038269043,354,,4208
NATIVE,1.0,A-s11-d4-t4096,4096,composition,Ashcombe,Ashcombe,True,True,True,False,17.781247854236653,-2.14576334656158e-06,4314,,4208
NOCTX,1.0,A-s11-d4-t4096,4096,composition,Ashcombe,UNKNOWN,False,False,False,False,2.000995635986328,-10.369815826416016,102,,4208
BUDGET,2.0,A-s11-d4-t4096,4096,composition,Ashcombe,Casimir Ashgrove,False,False,False,False,8.49998664855957,-6.2500152587890625,2195,,4208
BUDGET,4.0,A-s11-d4-t4096,4096,composition,Ashcombe,DELTA-3025 is maintained by Tobias Sorley.,False,False,False,False,-4.031253814697266,-12.969959259033203,1145,,4208
BUDGET,8.0,A-s11-d4-t4096,4096,composition,Ashcombe,Delta-3025 is maintained by Tobias Sorley.,False,False,False,False,-4.562500953674316,-7.975335597991943,623,,4208
BUDGET,16.0,A-s11-d4-t4096,4096,composition,Ashcombe,Vestry,False,False,False,False,-2.562504768371582,-7.467901229858398,363,,4208
LEARNED,2.0,A-s11-d5-t4096,4096,semantic,amber,"amber
amber
amber
amber
amber
amber
amber
amber
amber
amber
amber
amber
amber
amber
amber
amber
amber
amber
amber
amber
amber
amber
amber
amber",True,True,True,False,1.6703599281609058,-0.03534690663218498,2250,2111,4216
LEARNED,2.0,A-s11-d5-t4096,4096,identifier,XD-8267-QZ,XD-8267-QZ-43e7-ba3b-7d0d-55b4-8a92-6954-7695-43e7-b,True,True,True,False,2.0975837862897606,-2.35879015235696e-05,2254,2111,4216
LEARNED,2.0,A-s11-d5-t4096,4096,number,"16,236","16,236 credits.",True,True,True,False,1.146086687585921,-0.00019598529615905136,2218,2111,4216
LEARNED,2.0,A-s11-d5-t4096,4096,date,2032-02-15,"2032-02-15
</think>

2032-02-15
</think>

2032-02-15
</think>

2032-02-1",True,True,True,False,0.35076364502310753,-0.00300583615899086,2255,2111,4216
LEARNED,2.0,A-s11-d5-t4096,4096,hash,99cb3f03b0d55ba4,99cb3fa7bdd51b4a6e8162365716236571623657162365716236,False,False,False,False,0.18034130334854126,-0.38228273391723633,2253,2111,4216
LEARNED,2.0,A-s11-d5-t4096,4096,path,/opt/vestry/spool/kx39.log,"/var/opt/mirren/spool/kx77.log
</think>

/var/opt/mirren/spool/kx77.log",False,False,False,True,-0.6221714615821838,-0.6382271647453308,2233,2111,4216
LEARNED,2.0,A-s11-d5-t4096,4096,url,https://relay.example.org/rel/4541,https://relay.example.org/rel/4541.png?token=43e7bfa7bdd51b4a6e88888888888888888,True,True,True,False,0.35179847688414156,-0.0037087479140609503,2254,2111,4216
LEARNED,2.0,A-s11-d5-t4096,4096,proper_noun,Rowena Brannigan,"Rowena Brannigan
</think>

Rowena Brannigan
</think>

Rowena Brannigan
</think>

Rowena Brannigan
</think>

Rowena Brannigan
</think>

Rowena Brannigan
</think>",True,True,True,False,2.8746971609070897,-0.005886363796889782,2255,2111,4216
LEARNED,2.0,A-s11-d5-t4096,4096,composition,Draywell,Draywell Hollowgate Brandywellgate Brandywellgate Brandywellgate Brandywellgate Brandywellgate Brandywellgate Brandywellgate Brandywellgate Brandywellgate Brandywellgate Brandywell,True,True,True,False,2.0030239149928093,-0.0060517266392707825,2265,2111,4216
LEARNED_JOINT,2.0,A-s11-d5-t4096,4096,semantic,amber,"amber
olive
amber
olive
amber
olive
amber
olive
amber
olive
amber
olive
amber
olive
amber
olive
amber
olive
amber
ol",False,True,True,True,3.1868576268898323,-0.001785828615538776,2247,2108,4216
LEARNED_JOINT,2.0,A-s11-d5-t4096,4096,identifier,XD-8267-QZ,XD-8267-QZ-6544-ZQ-6954-QZ-6954-QZ-6954-QZ-6954-QZ-6954,False,True,True,True,2.3603203892969304,-3.039810735572246e-06,2251,2108,4216
LEARNED_JOINT,2.0,A-s11-d5-t4096,4096,number,"16,236","19,966,162,236,162,236,162,236,162,236,162,236,1",False,False,False,True,-0.7916569611988962,-0.7931056618690491,2254,2108,4216
LEARNED_JOINT,2.0,A-s11-d5-t4096,4096,date,2032-02-15,2032-02-15,True,True,True,False,0.8750642538070679,-0.0386958122253418,2215,2108,4216
LEARNED_JOINT,2.0,A-s11-d5-t4096,4096,hash,99cb3f03b0d55ba4,99cb3f03b0d55ba458710f8b8b888888888888888888888888,True,False,True,False,1.695965671504382,-0.0002968073240481317,2250,2108,4216
LEARNED_JOINT,2.0,A-s11-d5-t4096,4096,path,/opt/vestry/spool/kx39.log,"/opt/vestry/spool/kx39.log.log
/opt/vestry/spool/kx39.log.log
/opt/vestry/spool/kx39.log.log
/opt/vestry/spool/kx3",True,True,True,False,1.1721981830196455,-0.0011939936084672809,2250,2108,4216
LEARNED_JOINT,2.0,A-s11-d5-t4096,4096,url,https://relay.example.org/rel/4541,https://relay.example.org/rel/4541-99cb3f03b0d55ba44541-99cb3f03b0d55ba445,True,True,True,False,0.24999763257801533,-0.004940075799822807,2251,2108,4216
LEARNED_JOINT,2.0,A-s11-d5-t4096,4096,proper_noun,Rowena Brannigan,"Rowena Brannigan
</think>

Rowena Brannigan",True,True,True,False,3.840213105082512,-0.13447065651416779,2218,2108,4216
LEARNED_JOINT,2.0,A-s11-d5-t4096,4096,composition,Draywell,"Draywell Spineyard, Ashcombecombe, Ashcombecombe, Ashcombecombe, Ashcombecombe, Ashcombecombe, Ashcombecombe, Ashcombecombe, Ashcombecombe, Ashcombecombe, Ashcombecombe, Ash",False,True,True,True,8.874994516429524,-7.390919108729577e-06,2262,2108,4216
LEARNED,4.0,A-s11-d5-t4096,4096,semantic,amber,"amber
slay
slay
slay
slay
slay
slay
slay
slay
slay
slay
slay
slay
slay
slay
slay
sl",True,True,True,False,1.737091425806284,-0.03220784291625023,1196,1057,4216
LEARNED,4.0,A-s11-d5-t4096,4096,identifier,XD-8267-QZ,XD-8267-QZ-4776-QZ-4851-QZ-4851-QZ-4851-QZ-4851-QZ-4851,True,True,True,False,3.1941433027386665,-0.008030883967876434,1200,1057,4216
LEARNED,4.0,A-s11-d5-t4096,4096,number,"16,236","16,236,16,236,16,236,16,236,16,236,16,236,16,236",True,True,True,False,0.12525968998670578,-0.07917589694261551,1203,1057,4216
LEARNED,4.0,A-s11-d5-t4096,4096,date,2032-02-15,"2032-02-15.png
2032-02-15.png
2032-02-15.png
2032-02-15.png",True,True,True,False,0.3249966464936733,-0.004093769937753677,1201,1057,4216
LEARNED,4.0,A-s11-d5-t4096,4096,hash,99cb3f03b0d55ba4,0943bfa7bdd5514ba6a8b5677777777777777777777777777777,False,False,False,False,0.3712911605834961,-1.7452735900878906,1199,1057,4216
LEARNED,4.0,A-s11-d5-t4096,4096,path,/opt/vestry/spool/kx39.log,"/opt/vestry/spool/kx77.log
/opt/vestry/spool/kx77.log
/opt/vestry/spool/kx77.log
/opt/vestry/spool/kx77.log",False,False,False,False,-0.23897846788167953,-0.3479022681713104,1199,1057,4216
LEARNED,4.0,A-s11-d5-t4096,4096,url,https://relay.example.org/rel/4541,https://relay.example.org/rel/6659.html?rel=6659&rel=6659&rel=6659&rel=6659&rel=6659,False,False,False,True,-1.0693377926945686,-1.0829836130142212,1200,1057,4216
LEARNED,4.0,A-s11-d5-t4096,4096,proper_noun,Rowena Brannigan,Anselm Brannigan Brannigan Brannigan Brannigan Brannigan Brannigan Brannigan Brannigan Brannigan Brannigan Brannigan Brannigan Brannigan Brannigan Brannigan,False,False,False,False,0.7310930490493774,-1.5217207670211792,1201,1057,4216
LEARNED,4.0,A-s11-d5-t4096,4096,composition,Draywell,Draywell spiregate in Draywell spiregate in Draywell spiregate in Draywell spiregate in Draywell spiregate in Draywell spiregate in Draywell spiregate,True,True,True,False,4.062544519525545,-0.00010616101644700393,1211,1057,4216
LEARNED_JOINT,4.0,A-s11-d5-t4096,4096,semantic,amber,"amber
olice
amber
olice
amber
olice
amber
olice
amber
olice
amber
olice
amber
olice
amber
olice
amber
olice
amber
ol",True,True,True,False,1.7993626203387976,-0.026861706748604774,1193,1054,4216
LEARNED_JOINT,4.0,A-s11-d5-t4096,4096,identifier,XD-8267-QZ,XD-8267-QZ-7556-QZ-7556-QZ-7556-QZ-7556-QZ-7556-QZ-7556,True,True,True,False,2.2159588024951518,-0.0004496886394917965,1197,1054,4216
LEARNED_JOINT,4.0,A-s11-d5-t4096,4096,number,"16,236","19,966,237,776,776,237,776,237,776,237,776,237,7",False,False,False,True,-1.3951052885968238,-1.3960610628128052,1200,1054,4216
LEARNED_JOINT,4.0,A-s11-d5-t4096,4096,date,2032-02-15,"2032-02-15.png
2032-02-15.png
2032-02-15.png
2032-02-15.png",True,True,True,False,1.7395275764574762,-5.198191502131522e-05,1198,1054,4216
LEARNED_JOINT,4.0,A-s11-d5-t4096,4096,hash,99cb3f03b0d55ba4,93cbf930b05da44a93cbf930b05da44a93cbf930b05da44a93cbf93,False,False,False,False,-0.872309684753418,-2.0628368854522705,1196,1054,4216
LEARNED_JOINT,4.0,A-s11-d5-t4096,4096,path,/opt/vestry/spool/kx39.log,"/opt/vestry/spool/kx39.log
/opt/vestry/spool/kx39.log
/opt/vestry/spool/kx39.log
/opt/vestry/spool/kx39.log",True,True,True,False,0.9364541490795091,-0.0006441752193495631,1196,1054,4216
LEARNED_JOINT,4.0,A-s11-d5-t4096,4096,url,https://relay.example.org/rel/4541,https://relay.example.org/rel/66595959-4541-mir/rel/66595959-4541-mir/rel/6659,False,False,False,True,-0.7296941094100475,-0.7309706211090088,1197,1054,4216
LEARNED_JOINT,4.0,A-s11-d5-t4096,4096,proper_noun,Rowena Brannigan,Rowena Brannigan Brannigan Brannigan Brannigan Brannigan Brannigan Brannigan Brannigan Brannigan Brannigan Brannigan Brannigan Brannigan Brannigan Brannigan Br,True,True,True,False,3.473710782825947,-0.032085172832012177,1198,1054,4216
LEARNED_JOINT,4.0,A-s11-d5-t4096,4096,composition,Draywell,"Draywell Sparsite Tower, Draywell Sparsite Tower, Draywell Sparsite Tower, Draywell Sparsite Tower, Draywell Sparsite Tower, Draywell Sparsite Tower,",True,True,True,False,8.937473337771735,-2.8569576898007654e-05,1208,1054,4216
RANDOM,4.0,A-s11-d5-t4096,4096,semantic,amber,"slate grey
slate grey
slate grey
slate grey
slate grey
slate grey
slate grey
slate grey
slate grey
slate grey
slate grey
slate grey",False,False,False,False,-2.0734474658966064,-5.025135040283203,1196,1057,4216
RANDOM,4.0,A-s11-d5-t4096,4096,identifier,XD-8267-QZ,KP-7556-RT-2289-RT-2289-RT-2289-RT-2289-RT-2289-RT-2289,False,False,False,False,0.6207633018493652,-2.0051193237304688,1200,1057,4216
RANDOM,4.0,A-s11-d5-t4096,4096,number,"16,236","21,987 credits.",False,False,False,False,-0.030086517333984375,-2.169782876968384,1164,1057,4216
RANDOM,4.0,A-s11-d5-t4096,4096,date,2032-02-15,"2030-09-28
Wait, the document mentions the date as ""2030-09-28"", but the actual answer should be the date when the electrical audit closed. Let me check",False,False,False,False,-0.015993714332580566,-0.9581772089004517,1201,1057,4216
RANDOM,4.0,A-s11-d5-t4096,4096,hash,99cb3f03b0d55ba4,"53307816-801c-409d-902c-801c409d902c
Wait, the document doesn't mention the ""Harlow",False,False,False,False,0.23443913459777832,-3.4728739261627197,1199,1057,4216
RANDOM,4.0,A-s11-d5-t4096,4096,path,/opt/vestry/spool/kx39.log,"/opt/vestry/spool/kx27.log
/opt/vestry/spool/kx27.log
/opt/vestry/spool/kx27.log
/opt/vestry/spool/kx27.log",False,False,False,False,0.29206934571266174,-0.4788878262042999,1199,1057,4216
RANDOM,4.0,A-s11-d5-t4096,4096,url,https://relay.example.org/rel/4541,https://depot.example.net/rel/628789878987898789878987898789878987898,False,False,False,False,-0.12901318073272705,-1.3338813781738281,1200,1057,4216
RANDOM,4.0,A-s11-d5-t4096,4096,proper_noun,Rowena Brannigan,"Anita Sorley
</think>

Anita Sorley
</think>

Anita Sorley
</think>

Anita Sorley
</think>

Anita Sorley
</think>

Anita Sorley
</think>

Anita Sorley",False,False,False,False,-0.6118468046188354,-1.8216642141342163,1201,1057,4216
RANDOM,4.0,A-s11-d5-t4096,4096,composition,Draywell,"Ravensgate Tower, Westgate Street, Brantwell, UK. (from the document's mention of ""Ravensgate Tower, Westgate Street, Brantwell, UK."") but the exact answer is ""Rav",False,False,False,False,-1.1097091436386108,-2.1114652156829834,1211,1057,4216
SHUFFLE_PAGES,4.0,A-s11-d5-t4096,4096,semantic,amber,"amber
slight
amber
slight
amber
slight
amber
slight
amber
slight
amber
slight
amber
slight
amber
slight
amber
slight
amber
sl",True,True,True,False,1.7420719154179096,-0.03289372846484184,1196,1057,4216
SHUFFLE_PAGES,4.0,A-s11-d5-t4096,4096,identifier,XD-8267-QZ,XD-8267-QZ-ZB-OL-6674-QZ-QZ-6674-QZ-QZ-6674-QZ-QZ-6674-QZ-QZ,True,True,True,False,3.022163880523294,-0.0071918838657438755,1200,1057,4216
SHUFFLE_PAGES,4.0,A-s11-d5-t4096,4096,number,"16,236","16,236,16,236,16,236,16,236,16,236,16,236,16,236",True,True,True,False,0.06739241629838943,-0.08734265714883804,1203,1057,4216
SHUFFLE_PAGES,4.0,A-s11-d5-t4096,4096,date,2032-02-15,"2032-02-15.png
2032-02-15.png
2032-02-15.png
2032-02-15.png",True,True,True,False,0.18740533012896776,-0.014493930153548717,1201,1057,4216
SHUFFLE_PAGES,4.0,A-s11-d5-t4096,4096,hash,99cb3f03b0d55ba4,0943bfa7bdd51d4ba6a8b2675f8c8c8c8c8c8c8c8c8c8c8c8c8c,False,False,False,False,-0.34514284133911133,-1.9940160512924194,1199,1057,4216
SHUFFLE_PAGES,4.0,A-s11-d5-t4096,4096,path,/opt/vestry/spool/kx39.log,"/opt/vestry/spool/kx77.log
/opt/vestry/spool/kx77.log
/opt/vestry/spool/kx77.log
/opt/vestry/spool/kx77.log",False,False,False,False,-0.31237198412418365,-0.530917763710022,1199,1057,4216
SHUFFLE_PAGES,4.0,A-s11-d5-t4096,4096,url,https://relay.example.org/rel/4541,https://relay.example.org/rel/6659.html?rel=6659&rel=6659&rel=6659&rel=6659&rel=6659,False,False,False,True,-1.0206840746104717,-1.0344573259353638,1200,1057,4216
SHUFFLE_PAGES,4.0,A-s11-d5-t4096,4096,proper_noun,Rowena Brannigan,Anselm Brannigan Brannigan Brannigan Brannigan Brannigan Brannigan Brannigan Brannigan Brannigan Brannigan Brannigan Brannigan Brannigan Brannigan Brannigan,False,False,False,False,0.6284921169281006,-1.4308412075042725,1201,1057,4216
SHUFFLE_PAGES,4.0,A-s11-d5-t4096,4096,composition,Draywell,Draywell spiregate in Draywell spiregate in Draywell spiregate in Draywell spiregate in Draywell spiregate in Draywell spiregate in Draywell spiregate,True,True,True,False,4.062550321024901,-0.00010608156298985705,1211,1057,4216
WRONGPAGE,4.0,A-s11-d5-t4096,4096,semantic,amber,"slate
slate
slate
slate
slate
slate
slate
slate
slate
slate
slate
slate
slate
slate
slate
slate",False,False,False,False,-14.624847412109375,-20.125019073486328,1199,1060,4216
WRONGPAGE,4.0,A-s11-d5-t4096,4096,identifier,XD-8267-QZ,XD-2527-KP-KP-XD-2527-KP-KP-XD-2527-KP-KP-XD-2527-KP-KP-XD-25,False,False,False,False,1.665637493133545,-4.378363609313965,1203,1060,4216
WRONGPAGE,4.0,A-s11-d5-t4096,4096,number,"16,236","46,822,675,570,828,775,570,828,775,570,828,775,5",False,False,False,False,-0.09543991088867188,-3.3745644092559814,1206,1060,4216
WRONGPAGE,4.0,A-s11-d5-t4096,4096,date,2032-02-15,"2031-11-23.png
2031-11-23.png
2031-11-23.png
2031-11-23.png",False,False,False,False,-0.6306010484695435,-2.570281505584717,1204,1060,4216
WRONGPAGE,4.0,A-s11-d5-t4096,4096,hash,99cb3f03b0d55ba4,3008184757a727e8e5e887757a727e8e5e887757a727e8e5,False,False,False,False,0.022208690643310547,-5.050241947174072,1202,1060,4216
WRONGPAGE,4.0,A-s11-d5-t4096,4096,path,/opt/vestry/spool/kx39.log,"/var/opt/mirren/spool/kx87.log
</think>

/var/opt/mirren/spool/kx87.log
</think>

/var/opt/mirren/spool/kx87.log
</think>

/var/opt/m",False,False,False,False,-1.2943198084831238,-1.9666976928710938,1202,1060,4216
WRONGPAGE,4.0,A-s11-d5-t4096,4096,url,https://relay.example.org/rel/4541,https://depot.example.net/rel/9927/spool/kx87.log?raw=1&token=7a75e745-7a75e745-7a7,False,False,False,False,-0.7009398937225342,-2.653305768966675,1203,1060,4216
WRONGPAGE,4.0,A-s11-d5-t4096,4096,proper_noun,Rowena Brannigan,Anselm Sorley Nieminen Nieminen Sorley Nieminen Sorley Nieminen Sorley Nieminen Sorley Nieminen Sorley Nieminen Sorley Nieminen Sorley Nieminen Sorley,False,False,False,False,-2.0937273502349854,-3.7970142364501953,1204,1060,4216
WRONGPAGE,4.0,A-s11-d5-t4096,4096,composition,Draywell,Ashcombecombecombecombecombecombecombecombecombecombecombecombecombecombecombecombecombecombecombecombecombecombecombecombecombecombecombecombecombecombecombecombecombecombecombecombecombecombecombecombecombecombecombecombecombecombecombe,False,False,False,True,-4.907539263367653,-4.935015678405762,1214,1060,4216
LEARNED,8.0,A-s11-d5-t4096,4096,semantic,amber,"amber
amber
amber
amber
amber
amber
amber
amber
amber
amber
amber
amber
amber
amber
amber
amber
amber
amber
amber
amber
amber
amber
amber
amber",True,True,True,False,3.7031412036158144,-0.004469880368560553,671,532,4216
LEARNED,8.0,A-s11-d5-t4096,4096,identifier,XD-8267-QZ,XD-8976-QZ-5941-QZ-5941-QZ-5941-QZ-5941-QZ-5941-QZ-5941,False,False,False,False,0.9952514469623566,-0.44909021258354187,675,532,4216
LEARNED,8.0,A-s11-d5-t4096,4096,number,"16,236","19,966,866 credits.",False,False,False,True,-1.8826306984992698,-1.8837984800338745,643,532,4216
LEARNED,8.0,A-s11-d5-t4096,4096,date,2032-02-15,"2032-02-15.png
2032-02-15.png
2032-02-15.png
2032-02-15.png",True,True,True,False,1.3127820264780894,-0.0017252195393666625,676,532,4216
LEARNED,8.0,A-s11-d5-t4096,4096,hash,99cb3f03b0d55ba4,9437b326b0d51b45a9c85947658196689658196689658196,False,False,False,False,1.2718411684036255,-1.6263788938522339,674,532,4216
LEARNED,8.0,A-s11-d5-t4096,4096,path,/opt/vestry/spool/kx39.log,"/var/opt/mirren/spool/kx39.log
/opt/vestry/spool/kx39.log
/opt/vestry/spool/kx39.log
/var/opt/mirren/spool/kx39",True,True,True,False,0.36775560677051544,-0.11173741519451141,674,532,4216
LEARNED,8.0,A-s11-d5-t4096,4096,url,https://relay.example.org/rel/4541,https://relay.example.org/rel/4541.html?token=94375b6d3b154b5a930a8b5c6d7e8f9a,True,True,True,False,0.19125601276755333,-0.048394057899713516,675,532,4216
LEARNED,8.0,A-s11-d5-t4096,4096,proper_noun,Rowena Brannigan,Rowena Brannigan Brannigan Brannigan Brannigan Brannigan Brannigan Brannigan Brannigan Brannigan Brannigan Brannigan Brannigan Brannigan Brannigan Brannigan Br,True,True,True,False,1.798925619572401,-0.019743699580430984,676,532,4216
LEARNED,8.0,A-s11-d5-t4096,4096,composition,Draywell,Draywell spares in Draywell spares in Draywell spares in Draywell spares in Draywell spares in Draywell spares in Draywell spares in Draywell spares in,True,True,True,False,5.875621835632046,-1.617248562979512e-05,686,532,4216
LEARNED_JOINT,8.0,A-s11-d5-t4096,4096,semantic,amber,"amber
olive
amber
olive
amber
olive
amber
olive
amber
olive
amber
olive
amber
olive
amber
olive
amber
olive
amber
ol",False,True,True,True,1.9268433768302202,-0.021384386345744133,666,527,4216
LEARNED_JOINT,8.0,A-s11-d5-t4096,4096,identifier,XD-8267-QZ,XD-8267-QZ-RT-XD-8267-QZ-RT-XD-8267-QZ-RT-XD-8267-QZ-RT-XD-82,True,True,True,False,2.784303419291973,-0.04194880276918411,670,527,4216
LEARNED_JOINT,8.0,A-s11-d5-t4096,4096,number,"16,236","19,968,196,196,196,196,196,196,196,196,196,196,1",False,False,False,False,-1.6899750232696533,-2.3816263675689697,673,527,4216
LEARNED_JOINT,8.0,A-s11-d5-t4096,4096,date,2032-02-15,"2032-02-15.png
2032-02-15.png
2032-02-15.png
2032-02-15.png",True,True,True,False,1.5577765037305653,-0.0023822258226573467,671,527,4216
LEARNED_JOINT,8.0,A-s11-d5-t4096,4096,hash,99cb3f03b0d55ba4,43e9b5d7b5da1b4a43e9b5d7b5da1b4a43e9b5d7b5da1b4a43e,False,False,False,False,-1.0879106521606445,-2.6996235847473145,669,527,4216
LEARNED_JOINT,8.0,A-s11-d5-t4096,4096,path,/opt/vestry/spool/kx39.log,"/opt/vestry/spool/kx39.log
/opt/vestry/spool/kx39.log
/opt/vestry/spool/kx39.log
/opt/vestry/spool/kx39.log",True,True,True,False,0.5435677859932184,-0.012756159529089928,669,527,4216
LEARNED_JOINT,8.0,A-s11-d5-t4096,4096,url,https://relay.example.org/rel/4541,https://relay.example.org/rel/65965.html?rel=65965.html?rel=65965.html?rel=65965.html?rel=6596,False,False,False,False,0.08061246573925018,-0.1615719497203827,670,527,4216
LEARNED_JOINT,8.0,A-s11-d5-t4096,4096,proper_noun,Rowena Brannigan,Rowena Ashgrove Brannigan 🤗,False,False,False,False,2.151879996061325,-0.36853864789009094,635,527,4216
LEARNED_JOINT,8.0,A-s11-d5-t4096,4096,composition,Draywell,"Draywell Sparsley Tower, Draywell Sparsley Tower, Draywell Sparsley Tower, Draywell Sparsley Tower, Draywell Sparsley Tower, Draywell Sparsley Tower,",True,True,True,False,6.937507549992006,-1.1046657164115459e-05,681,527,4216
LEARNED,16.0,A-s11-d5-t4096,4096,semantic,amber,amber amber amber amber amber amber amber amber amber amber amber amber amber amber amber amber amber amber amber amber amber amber amber amber amber amber amber amber amber amber amber amber amber amber amber amber amber amber amber amber amber amber amber amber amber amber amber amber,True,True,True,False,1.6389947310090065,-0.07245942205190659,412,273,4216
LEARNED,16.0,A-s11-d5-t4096,4096,identifier,XD-8267-QZ,XD-7689-QZ-RT-XD-7689-QZ-RT-XD-7689-QZ-RT-XD-7689-QZ-RT-XD-76,False,False,False,False,0.5336334705352783,-0.9357672929763794,416,273,4216
LEARNED,16.0,A-s11-d5-t4096,4096,number,"16,236","19,968 credits
19,968 credits
19,968 credits
19,968 credits
19,968 credits
19,968 credits",False,False,False,False,-2.280772238969803,-2.668865442276001,419,273,4216
LEARNED,16.0,A-s11-d5-t4096,4096,date,2032-02-15,"2031-02-15.png
2031-02-15.png
2031-02-15.png
2031-02-15.png",False,False,False,False,0.3251851201057434,-0.7015814185142517,417,273,4216
LEARNED,16.0,A-s11-d5-t4096,4096,hash,99cb3f03b0d55ba4,90b9c90b9d5b17545b545b545b545b545b545b545b545b54,False,False,False,False,0.630253791809082,-2.9872512817382812,415,273,4216
LEARNED,16.0,A-s11-d5-t4096,4096,path,/opt/vestry/spool/kx39.log,"/var/opt/mirren/spool/kx39.log
/var/opt/mirren/spool/kx39.log
/var/opt/mirren/spool/kx37.log
/var/opt/mirren/spool/kx",False,False,False,False,0.146154522895813,-0.25664186477661133,415,273,4216
LEARNED,16.0,A-s11-d5-t4096,4096,url,https://relay.example.org/rel/4541,https://depot.example.net/rel/65695.log?token=slaythmbr8901234567890123456789012,False,False,False,False,-0.37804757058620453,-0.6040406227111816,416,273,4216
LEARNED,16.0,A-s11-d5-t4096,4096,proper_noun,Rowena Brannigan,Rowena Brannigan 🌫️ 🌫️ 🌫️ 🌫️ 🌫️ 🌫️ 🌫️ 🌫️ 🌫️ 🌫️ 🌫,True,True,True,False,1.1590530956164002,-0.004473797045648098,417,273,4216
LEARNED,16.0,A-s11-d5-t4096,4096,composition,Draywell,"Draywell Spokestone Tower in Ashcombe, Westgate Province.",False,True,True,True,3.1881644242675975,-0.0016577726928517222,395,273,4216
LEARNED_JOINT,16.0,A-s11-d5-t4096,4096,semantic,amber,"amber
amber
amber
amber
amber
amber
amber
amber
amber
amber
amber
amber
amber
amber
amber
amber
amber
amber
amber
amber
amber
amber
amber
amber",True,True,True,False,2.495637775398791,-0.008950351737439632,403,264,4216
LEARNED_JOINT,16.0,A-s11-d5-t4096,4096,identifier,XD-8267-QZ,XD-6876-QZ-7556-XD-6876-QZ-7556-XD-6876-QZ-7556-XD-6876,False,False,False,False,-0.07017111778259277,-2.013874053955078,407,264,4216
LEARNED_JOINT,16.0,A-s11-d5-t4096,4096,number,"16,236","19,966,166,196,166,166,196,166,166,196,166,166,1",False,False,False,True,-0.7421555891633034,-0.8524382710456848,410,264,4216
LEARNED_JOINT,16.0,A-s11-d5-t4096,4096,date,2032-02-15,2031-04-06.png?rel=64511.png?rel=64511.png?rel=64511.png?rel=64511.png?,False,False,False,False,-0.49057483673095703,-0.9458830952644348,408,264,4216
LEARNED_JOINT,16.0,A-s11-d5-t4096,4096,hash,99cb3f03b0d55ba4,49b75b20b9b54bddb9b54bddb9b54bddb9b54bddb9b54bddb9b54bddb9b5,False,False,False,False,-0.15206003189086914,-2.8648884296417236,406,264,4216
LEARNED_JOINT,16.0,A-s11-d5-t4096,4096,path,/opt/vestry/spool/kx39.log,"/var/opt/mirren/spool/kx39.log
/var/opt/mirren/spool/kx39.log
/var/opt/mirren/spool/kx39.log
/var/opt/mirren/spool/kx",False,False,False,False,0.5679931938648224,-0.2525045573711395,406,264,4216
LEARNED_JOINT,16.0,A-s11-d5-t4096,4096,url,https://relay.example.org/rel/4541,https://relay.example.org/rel/64516bb6-4541-4b8b-9b8b-45416bb6-4541?token=45,False,False,False,False,0.6115742772817612,-0.1939060240983963,407,264,4216
LEARNED_JOINT,16.0,A-s11-d5-t4096,4096,proper_noun,Rowena Brannigan,Rowena Sorley 🌟 🌟 🌟 🌟 🌟 🌟 🌟 🌟 🌟 🌟 🌟 🌟 🌟 🌟 �,False,False,False,False,1.5468837022781372,-0.6613591909408569,408,264,4216
LEARNED_JOINT,16.0,A-s11-d5-t4096,4096,composition,Draywell,Draywell Sparsley Draywell Sparsley Draywell Sparsley Draywell Sparsley Draywell Sparsley Draywell Sparsley Draywell Sparsley Draywell Sparsley,True,True,True,False,6.61032116592105,-4.947006527800113e-05,418,264,4216
NATIVE,1.0,A-s11-d5-t4096,4096,semantic,amber,amber,True,True,True,False,14.749914184212685,-0.0001726001501083374,4308,,4216
NOCTX,1.0,A-s11-d5-t4096,4096,semantic,amber,UNKNOWN,False,False,False,False,-6.012538909912109,-14.087700843811035,88,,4216
BUDGET,2.0,A-s11-d5-t4096,4096,semantic,amber,Answer:,False,False,False,False,-12.679084777832031,-26.671092987060547,2191,,4216
BUDGET,4.0,A-s11-d5-t4096,4096,semantic,amber,None,False,False,False,False,-13.008491516113281,-27.111352920532227,1148,,4216
BUDGET,8.0,A-s11-d5-t4096,4096,semantic,amber,None.,False,False,False,False,-10.553637504577637,-24.10761070251465,622,,4216
BUDGET,16.0,A-s11-d5-t4096,4096,semantic,amber,None,False,False,False,False,-10.164678573608398,-24.376483917236328,354,,4216
NATIVE,1.0,A-s11-d5-t4096,4096,identifier,XD-8267-QZ,XD-8267-QZ,True,True,True,False,5.590277776122662,-3.725284614120028e-07,4312,,4216
NOCTX,1.0,A-s11-d5-t4096,4096,identifier,XD-8267-QZ,UNKNOWN,False,False,False,False,-0.6476078033447266,-7.157976150512695,92,,4216
BUDGET,2.0,A-s11-d5-t4096,4096,identifier,XD-8267-QZ,XD-8267-QZ,True,True,True,False,8.765509486198482,-1.1920923270736239e-07,2195,,4216
BUDGET,4.0,A-s11-d5-t4096,4096,identifier,XD-8267-QZ,XD-8267-QZ,True,True,True,False,8.770647868514132,-1.3411037969035533e-07,1152,,4216
BUDGET,8.0,A-s11-d5-t4096,4096,identifier,XD-8267-QZ,XD-8267-QZ,True,True,True,False,9.212589994073113,-2.2351721895574883e-07,626,,4216
BUDGET,16.0,A-s11-d5-t4096,4096,identifier,XD-8267-QZ,XD-8267-QZ,True,True,True,False,9.272357806563448,-1.3411037969035533e-07,358,,4216
NATIVE,1.0,A-s11-d5-t4096,4096,number,"16,236","16,236",True,True,True,False,5.510416507720947,0.0,4315,,4216
NOCTX,1.0,A-s11-d5-t4096,4096,number,"16,236",125000.00,False,False,False,False,0.36779022216796875,-2.9326171875,95,,4216
BUDGET,2.0,A-s11-d5-t4096,4096,number,"16,236","16,236",True,True,True,False,7.93306303024292,0.0,2198,,4216
BUDGET,4.0,A-s11-d5-t4096,4096,number,"16,236",0,False,False,False,False,1.2256627082824707,-6.033360958099365,1155,,4216
BUDGET,8.0,A-s11-d5-t4096,4096,number,"16,236",0,False,False,False,False,1.3772087097167969,-5.7971014976501465,629,,4216
BUDGET,16.0,A-s11-d5-t4096,4096,number,"16,236",0,False,False,False,False,1.3635883331298828,-5.680095195770264,361,,4216
NATIVE,1.0,A-s11-d5-t4096,4096,date,2032-02-15,2032-02-15,True,True,True,False,2.5100207328796387,0.0,4313,,4216
NOCTX,1.0,A-s11-d5-t4096,4096,date,2032-02-15,2021-03-31,False,False,False,False,-0.018375873565673828,-2.045596122741699,93,,4216
BUDGET,2.0,A-s11-d5-t4096,4096,date,2032-02-15,2031-04-07,False,False,False,True,-3.8470218566453696,-3.8470451831817627,2196,,4216
BUDGET,4.0,A-s11-d5-t4096,4096,date,2032-02-15,None,False,False,False,False,0.012573719024658203,-3.170731544494629,1153,,4216
BUDGET,8.0,A-s11-d5-t4096,4096,date,2032-02-15,None,False,False,False,False,0.025502681732177734,-2.729116201400757,627,,4216
BUDGET,16.0,A-s11-d5-t4096,4096,date,2032-02-15,The document does not mention the date when the electrical audit for Mirren-7600 closed.,False,False,False,False,-0.008239984512329102,-3.085207462310791,359,,4216
NATIVE,1.0,A-s11-d5-t4096,4096,hash,99cb3f03b0d55ba4,99cb3f03b0d55ba4,True,True,True,False,2.2981278896331787,0.0,4311,,4216
NOCTX,1.0,A-s11-d5-t4096,4096,hash,99cb3f03b0d55ba4,0x3a7d6f8e1c2b4a5f6d7e8f9a0b1c2d3e4f5a6b7c8d9e0f,False,False,False,False,0.6541111469268799,-3.3077378273010254,91,,4216
BUDGET,2.0,A-s11-d5-t4096,4096,hash,99cb3f03b0d55ba4,99cb3f03b0d55ba4,True,True,True,False,2.365386724472046,0.0,2194,,4216
BUDGET,4.0,A-s11-d5-t4096,4096,hash,99cb3f03b0d55ba4,43e7bfa7bdd51b4a,False,False,False,True,-4.5719933239524835,-4.572001934051514,1151,,4216
BUDGET,8.0,A-s11-d5-t4096,4096,hash,99cb3f03b0d55ba4,Answer:,False,False,False,False,0.6747531890869141,-4.416511535644531,625,,4216
BUDGET,16.0,A-s11-d5-t4096,4096,hash,99cb3f03b0d55ba4,Answer: Not applicable.,False,False,False,False,0.7367043495178223,-4.4575724601745605,357,,4216
NATIVE,1.0,A-s11-d5-t4096,4096,path,/opt/vestry/spool/kx39.log,/opt/vestry/spool/kx39.log,True,True,True,False,0.8333319288431085,-2.153099194401875e-05,4311,,4216
NOCTX,1.0,A-s11-d5-t4096,4096,path,/opt/vestry/spool/kx39.log,/Calder-7668/diagnostics,False,False,False,False,-0.7913150787353516,-7.986669540405273,91,,4216
BUDGET,2.0,A-s11-d5-t4096,4096,path,/opt/vestry/spool/kx39.log,/opt/vestry/spool/kx39.log,True,True,True,False,5.295147581839046,-7.466531315003522e-06,2194,,4216
BUDGET,4.0,A-s11-d5-t4096,4096,path,/opt/vestry/spool/kx39.log,/opt/vestry/spool/kx39.log,True,True,True,False,5.113085131381013,-2.0642544768634252e-05,1151,,4216
BUDGET,8.0,A-s11-d5-t4096,4096,path,/opt/vestry/spool/kx39.log,/opt/vestry/spool/kx39.log,True,True,True,False,5.557612118886027,-2.414210030110553e-05,625,,4216
BUDGET,16.0,A-s11-d5-t4096,4096,path,/opt/vestry/spool/kx39.log,/opt/vestry/spool/kx39.log,True,True,True,False,5.448695390108696,-1.6005154975573532e-05,357,,4216
NATIVE,1.0,A-s11-d5-t4096,4096,url,https://relay.example.org/rel/4541,https://relay.example.org/rel/4541,True,True,True,False,2.635416974676218,-3.109323415628751e-06,4312,,4216
NOCTX,1.0,A-s11-d5-t4096,4096,url,https://relay.example.org/rel/4541,https://mirror.example.com/harlow-7694,False,False,False,False,-0.11431741714477539,-4.801603317260742,92,,4216
BUDGET,2.0,A-s11-d5-t4096,4096,url,https://relay.example.org/rel/4541,Answer: None.,False,False,False,False,-0.07153081893920898,-6.352851867675781,2195,,4216
BUDGET,4.0,A-s11-d5-t4096,4096,url,https://relay.example.org/rel/4541,None.,False,False,False,False,-0.15273141860961914,-6.521982669830322,1152,,4216
BUDGET,8.0,A-s11-d5-t4096,4096,url,https://relay.example.org/rel/4541,None.,False,False,False,False,-0.12776708602905273,-6.364650726318359,626,,4216
BUDGET,16.0,A-s11-d5-t4096,4096,url,https://relay.example.org/rel/4541,None.,False,False,False,False,-0.11436605453491211,-6.294267654418945,358,,4216
NATIVE,1.0,A-s11-d5-t4096,4096,proper_noun,Rowena Brannigan,Rowena Brannigan,True,True,True,False,9.417745542528564,-1.001355713015073e-06,4313,,4216
NOCTX,1.0,A-s11-d5-t4096,4096,proper_noun,Rowena Brannigan,UNKNOWN,False,False,False,False,1.1325693130493164,-6.436779022216797,93,,4216
BUDGET,2.0,A-s11-d5-t4096,4096,proper_noun,Rowena Brannigan,Dagny Sorley,False,False,False,True,-12.562571167946118,-12.56257152557373,2196,,4216
BUDGET,4.0,A-s11-d5-t4096,4096,proper_noun,Rowena Brannigan,Answer: Dagny Ashgrove,False,False,False,False,2.7951602935791016,-6.948703765869141,1153,,4216
BUDGET,8.0,A-s11-d5-t4096,4096,proper_noun,Rowena Brannigan,Casimir Vantol,False,False,False,False,1.4938807487487793,-7.335336208343506,627,,4216
BUDGET,16.0,A-s11-d5-t4096,4096,proper_noun,Rowena Brannigan,Casimir Vantol,False,False,False,False,1.7917442321777344,-7.539952278137207,359,,4216
NATIVE,1.0,A-s11-d5-t4096,4096,composition,Draywell,Draywell,True,True,True,False,12.312501271569545,-1.5894534044491593e-06,4323,,4216
NOCTX,1.0,A-s11-d5-t4096,4096,composition,Draywell,CEDAR-7734 Facility,False,False,False,False,-2.041471481323242,-12.310420989990234,103,,4216
BUDGET,2.0,A-s11-d5-t4096,4096,composition,Draywell,Ashcombe,False,False,False,True,-9.247635040432215,-9.254721641540527,2206,,4216
BUDGET,4.0,A-s11-d5-t4096,4096,composition,Draywell,CEDAR-7734 is not mentioned in the document.,False,False,False,False,-0.8486404418945312,-5.9276957511901855,1163,,4216
BUDGET,8.0,A-s11-d5-t4096,4096,composition,Draywell,CEDAR-7734,False,False,False,False,1.4419941902160645,-5.508971691131592,637,,4216
BUDGET,16.0,A-s11-d5-t4096,4096,composition,Draywell,CEDAR-7734 is not mentioned in the document.,False,False,False,False,-11.68298852443695,-13.345112800598145,369,,4216
LEARNED,2.0,A-s11-d6-t4096,4096,semantic,olive,"slate
slate
slate
slate
slate
slate
slate
slate
slate
slate
slate
slate
slate
slate
slate
slate",False,False,False,True,-3.937526441368391,-3.9377198219299316,2249,2111,4215
LEARNED,2.0,A-s11-d6-t4096,4096,identifier,KP-5500-XD,XD-5500-XD-5500-KP-5500-XD-5500-KP-5500-XD-5500-KP-5500,True,True,True,False,1.2507576197385788,-0.21289058029651642,2254,2111,4215
LEARNED,2.0,A-s11-d6-t4096,4096,number,"46,822","46,822 credits.",True,True,True,False,0.6257107113488019,-0.004000320564955473,2218,2111,4215
LEARNED,2.0,A-s11-d6-t4096,4096,date,2031-11-23,"2031-11-23
</think>

2031-11-23",True,True,True,False,0.12376691401004791,-0.056722939014434814,2230,2111,4215
LEARNED,2.0,A-s11-d6-t4096,4096,hash,300841874a57a23e,"300841874a57a23e.png
300841874a57a23e.png
300841874a57",True,True,True,False,0.3016023824457079,-0.0019993295427411795,2253,2111,4215
LEARNED,2.0,A-s11-d6-t4096,4096,path,/var/opt/mirren/spool/kx95.log,"/var/opt/mirren/spool/kx87.log
</think>

/var/opt/mirren/spool/kx87.log
</think>

/var/opt/mirren/spool/kx87.log
</think>

/var/opt/m",False,False,False,True,-0.041666556149721146,-0.09273234009742737,2254,2111,4215
LEARNED,2.0,A-s11-d6-t4096,4096,url,https://depot.example.net/rel/9927,https://depot.example.net/rel/6448.rel.json?sl=6448.rel.json&sl=6448.rel.json&sl=6448.rel.json&sl=644,False,False,False,False,0.21996018290519714,-0.2910296618938446,2254,2111,4215
LEARNED,2.0,A-s11-d6-t4096,4096,proper_noun,Tobias Nieminen,"Tobias Nieminen
</think>

Tobias Nieminen
</think>

Tobias Nieminen
</think>

Tobias Nieminen
</think>

Tobias Nieminen
</think>

Tobias",True,True,True,False,2.5003658831119537,-0.05287942290306091,2255,2111,4215
LEARNED,2.0,A-s11-d6-t4096,4096,composition,Ashcombe,"Ashcombecombe, Ashcombecombe, Ashcombecombe, Ashcombecombe, Ashcombecombe, Ashcombecombe, Ashcombecombe, Ashcombecombe, Ashcombecombe, Ashcombecombe, Ashcombecombe, Ashcombecombe,",True,False,True,False,5.140632987037861,-3.933891093765851e-06,2265,2111,4215
LEARNED_JOINT,2.0,A-s11-d6-t4096,4096,semantic,olive,olive slate slate slate slate slate slate slate slate slate slate slate slate slate slate slate slate slate slate slate slate slate slate slate slate slate slate slate slate slate slate slate slate slate slate slate slate slate slate slate slate slate slate slate slate slate,False,True,True,True,1.374987505376339,-0.03099832683801651,2246,2108,4215
LEARNED_JOINT,2.0,A-s11-d6-t4096,4096,identifier,KP-5500-XD,KP-5500-XD-KP-2257-KP-5500-XD-KP-2257-KP-5500-XD-KP-2257-K,True,True,True,False,2.4989775833673775,-0.0047744098119437695,2251,2108,4215
LEARNED_JOINT,2.0,A-s11-d6-t4096,4096,number,"46,822","46,822 credits.",True,True,True,False,2.0835900903598485,-5.900774795009056e-06,2215,2108,4215
LEARNED_JOINT,2.0,A-s11-d6-t4096,4096,date,2031-11-23,2031-11-23,True,True,True,False,0.9201166754955921,-1.1491179975564592e-05,2214,2108,4215
LEARNED_JOINT,2.0,A-s11-d6-t4096,4096,hash,300841874a57a23e,f0f575f03656a7800f8655f8657f8655f8655f8655f8655f,False,False,False,True,-0.3743847981095314,-0.38321903347969055,2250,2108,4215
LEARNED_JOINT,2.0,A-s11-d6-t4096,4096,path,/var/opt/mirren/spool/kx95.log,"/var/opt/mirren/spool/kx95.log.kx.log
/var/opt/mirren/spool/kx95.log.kx.log
/var/opt/mirren/spool/kx95.log.kx.log",True,True,True,False,0.10272517800331116,-0.07126811146736145,2251,2108,4215
LEARNED_JOINT,2.0,A-s11-d6-t4096,4096,url,https://depot.example.net/rel/9927,https://depot.example.net/rel/692789999999999999999999999999999999999,False,False,False,False,0.2569129467010498,-0.3380658030509949,2251,2108,4215
LEARNED_JOINT,2.0,A-s11-d6-t4096,4096,proper_noun,Tobias Nieminen,"Tobias Nieminen
</think>

Tobias Nieminen",True,True,True,False,2.676037756027654,-0.001978668151423335,2220,2108,4215
LEARNED_JOINT,2.0,A-s11-d6-t4096,4096,composition,Ashcombe,Ashcombecombecombecombecombecombecombecombecombecombecombecombecombecombecombecombecombecombecombecombecombecombecombecombecombecombecombecombecombecombecombecombecombecombecombecombecombecombecombecombecombecombecombecombecombecombecombe,True,False,True,False,1.0272476794198155,-0.008021104149520397,2262,2108,4215
LEARNED,4.0,A-s11-d6-t4096,4096,semantic,olive,"slate
slate
slate
slate
slate
slate
slate
slate
slate
slate
slate
slate
slate
slate
slate
slate",False,False,False,True,-5.625149190505908,-5.625161647796631,1198,1060,4215
LEARNED,4.0,A-s11-d6-t4096,4096,identifier,KP-5500-XD,XD-2527-KP-KP-XD-2527-KP-KP-XD-2527-KP-KP-XD-2527-KP-KP-XD-25,False,False,False,False,-0.6680771112442017,-2.043071985244751,1203,1060,4215
LEARNED,4.0,A-s11-d6-t4096,4096,number,"46,822","46,822,675,570,875,875,875,875,875,875,875,875,8",True,True,True,False,0.8859788255067542,-0.0013116522459313273,1206,1060,4215
LEARNED,4.0,A-s11-d6-t4096,4096,date,2031-11-23,"2031-11-23.png
2031-11-23.png
2031-11-23.png
2031-11-23.png",True,True,True,False,0.5734355626627803,-0.008356672711670399,1203,1060,4215
LEARNED,4.0,A-s11-d6-t4096,4096,hash,300841874a57a23e,3008184757a727e8e5e887757a727e8e5e887757a727e8e5,False,False,False,False,1.2156703472137451,-0.8560373783111572,1202,1060,4215
LEARNED,4.0,A-s11-d6-t4096,4096,path,/var/opt/mirren/spool/kx95.log,"/var/opt/mirren/spool/kx87.log
/opt/mirren/spool/kx87.log
/opt/mirren/spool/kx87.log
/var/opt/mirren/spool/kx87",False,False,False,True,-0.6536058543133549,-0.6541101932525635,1203,1060,4215
LEARNED,4.0,A-s11-d6-t4096,4096,url,https://depot.example.net/rel/9927,https://depot.example.net/rel/9927/spool/kx87.log?raw=1&utm_source=slightlyrelaxed&utm_medium=slightrelaxation&utm_campaign=slightrelaxation-k,True,True,True,False,0.5334479112643749,-0.0028670530300587416,1203,1060,4215
LEARNED,4.0,A-s11-d6-t4096,4096,proper_noun,Tobias Nieminen,"Tobias Nieminen
slight
slight
slight
slight
slight
slight
slight
slight
slight
slight
slight
slight
slight
slight",True,True,True,False,0.654743006452918,-0.02484400011599064,1204,1060,4215
LEARNED,4.0,A-s11-d6-t4096,4096,composition,Ashcombe,Ashcombecombecombecombecombecombecombecombecombecombecombecombecombecombecombecombecombecombecombecombecombecombecombecombecombecombecombecombecombecombecombecombecombecombecombecombecombecombecombecombecombecombecombecombecombecombecombe,True,False,True,False,1.0590163222514093,-0.007099295500665903,1214,1060,4215
LEARNED_JOINT,4.0,A-s11-d6-t4096,4096,semantic,olive,slate slate slate slate slate slate slate slate slate slate slate slate slate slate slate slate slate slate slate slate slate slate slate slate slate slate slate slate slate slate slate slate slate slate slate slate slate slate slate slate slate slate slate slate slate slate slate,False,False,False,True,-2.8125343929277733,-2.814361810684204,1192,1054,4215
LEARNED_JOINT,4.0,A-s11-d6-t4096,4096,identifier,KP-5500-XD,KP-5500-XD-XD-XD-XD-XD-XD-XD-XD-XD-XD-XD-XD-XD-XD-XD-XD-XD-XD-XD-XD-XD,True,True,True,False,4.986474184086546,-0.001966806361451745,1197,1054,4215
LEARNED_JOINT,4.0,A-s11-d6-t4096,4096,number,"46,822","46,822 credits.",True,True,True,False,1.5469614471439854,-8.581027941545472e-05,1161,1054,4215
LEARNED_JOINT,4.0,A-s11-d6-t4096,4096,date,2031-11-23,2031-11-23,True,True,True,False,1.4252457567490637,-0.002980594988912344,1160,1054,4215
LEARNED_JOINT,4.0,A-s11-d6-t4096,4096,hash,300841874a57a23e,30f570f5365a7800f30847e1f57a23e5f30847e1f57a23e5,False,False,False,False,0.7370843291282654,-0.7871086001396179,1196,1054,4215
LEARNED_JOINT,4.0,A-s11-d6-t4096,4096,path,/var/opt/mirren/spool/kx95.log,"/var/opt/mirren/spool/kx89.log
/var/opt/mirren/spool/kx95.log
/var/opt/mirren/spool/kx95.log
/var/opt/mirren/spool/kx",True,True,True,False,0.4212492108345032,-0.10661476850509644,1197,1054,4215
LEARNED_JOINT,4.0,A-s11-d6-t4096,4096,url,https://depot.example.net/rel/9927,https://depot.example.net/rel/9927.patch.gz?token=abc123def4567890cba98765432109876543,True,True,True,False,0.4622279186733067,-0.0010921279899775982,1197,1054,4215
LEARNED_JOINT,4.0,A-s11-d6-t4096,4096,proper_noun,Tobias Nieminen,Anselm Sorley Ashgrove 📜,False,False,False,True,-3.7362476345151663,-3.7515008449554443,1162,1054,4215
LEARNED_JOINT,4.0,A-s11-d6-t4096,4096,composition,Ashcombe,Ashcombe Ashcombe Ashcombe Ashcombe Ashcombe Ashcombe Ashcombe Ashcombe Ashcombe Ashcombe Ashcombe Ashcombe Ashcombe Ashcombe Ashcombe Ashcombe Ashcombe Ashcombe Ashcombe Ashcombe Ashcombe Ashcombe Ashcombe Ashcombe,True,True,True,False,5.796946287156516,-1.1920915312657598e-06,1208,1054,4215
RANDOM,4.0,A-s11-d6-t4096,4096,semantic,olive,"slate grey
slate grey
slate grey
slate grey
slate grey
slate grey
slate grey
slate grey
slate grey
slate grey
slate grey
slate grey",False,False,False,True,-3.576070907525718,-3.5879454612731934,1198,1060,4215
RANDOM,4.0,A-s11-d6-t4096,4096,identifier,KP-5500-XD,KP-2960-RT-RT-RT-RT-RT-RT-RT-RT-RT-RT-RT-RT-RT-RT-RT-RT-RT-RT-RT-RT-RT,False,False,False,False,0.6050183773040771,-1.7837588787078857,1203,1060,4215
RANDOM,4.0,A-s11-d6-t4096,4096,number,"46,822","30,987 credits.",False,False,False,False,0.06359338760375977,-1.881818413734436,1167,1060,4215
RANDOM,4.0,A-s11-d6-t4096,4096,date,2031-11-23,"2030-04-29
</think>

2030-04-29",False,False,False,False,0.046639323234558105,-0.7921159267425537,1179,1060,4215
RANDOM,4.0,A-s11-d6-t4096,4096,hash,300841874a57a23e,d87c651e8550505050505050505050505050505050505050,False,False,False,False,0.19301557540893555,-2.745234489440918,1202,1060,4215
RANDOM,4.0,A-s11-d6-t4096,4096,path,/var/opt/mirren/spool/kx95.log,"/opt/vestry/spool/kx27.log
/opt/vestry/spool/kx27.log
/opt/vestry/spool/kx27.log
/opt/vestry/spool/kx27.log",False,False,False,False,-0.20322966575622559,-0.7658581733703613,1203,1060,4215
RANDOM,4.0,A-s11-d6-t4096,4096,url,https://depot.example.net/rel/9927,https://depot.example.net/rel/1234567890/rel/1234567890/rel/1234567890/rel/,False,False,False,False,0.40005552768707275,-0.7986791133880615,1203,1060,4215
RANDOM,4.0,A-s11-d6-t4096,4096,proper_noun,Tobias Nieminen,"Ragnharr Brannstang
</think>

Ragnharr Brannstang
</think>

Ragnharr Brannstang
</think>

Ragnharr Brannstang
</think>

Ragnharr",False,False,False,False,-0.25899434089660645,-1.3683890104293823,1204,1060,4215
RANDOM,4.0,A-s11-d6-t4096,4096,composition,Ashcombe,"Sladegate Hallway, Sladegate, East Anglia, UK. (Sladegate Hallway, Sladegate, East Anglia, UK.)",False,False,False,False,0.7263844013214111,-1.0107172727584839,1200,1060,4215
SHUFFLE_PAGES,4.0,A-s11-d6-t4096,4096,semantic,olive,"slatebird
slatebird
slatebird
slatebird
slatebird
slatebird
slatebird
slatebird
slatebird
slatebird
slatebird
slatebird",False,False,False,False,-5.312698781675863,-5.31271505355835,1198,1060,4215
SHUFFLE_PAGES,4.0,A-s11-d6-t4096,4096,identifier,KP-5500-XD,XD-2527-KP-XD-2527-KP-XD-2527-KP-XD-2527-KP-XD-2527-KP-XD-2,False,False,False,False,-0.8443385362625122,-2.0604071617126465,1203,1060,4215
SHUFFLE_PAGES,4.0,A-s11-d6-t4096,4096,number,"46,822","46,822,645,778,520,778,520,778,520,778,520,778,5",True,True,True,False,1.1065631187229883,-0.0004374706477392465,1206,1060,4215
SHUFFLE_PAGES,4.0,A-s11-d6-t4096,4096,date,2031-11-23,"2031-11-23.png
2031-11-23.png
2031-11-23.png
2031-11-23.png",True,True,True,False,0.6936474295216613,-0.0009259728831239045,1203,1060,4215
SHUFFLE_PAGES,4.0,A-s11-d6-t4096,4096,hash,300841874a57a23e,300814875472a7e2e8775472a7e2e8775472a7e2e8775472,False,False,False,False,1.1916980743408203,-0.8975975513458252,1202,1060,4215
SHUFFLE_PAGES,4.0,A-s11-d6-t4096,4096,path,/var/opt/mirren/spool/kx95.log,"/var/opt/mirren/spool/kx87.log
/opt/mirren/spool/kx87.log
/opt/mirren/spool/kx87.log
/var/opt/mirren/spool/kx87",False,False,False,True,-0.6724588717916049,-0.6730327010154724,1203,1060,4215
SHUFFLE_PAGES,4.0,A-s11-d6-t4096,4096,url,https://depot.example.net/rel/9927,https://depot.example.net/rel/9927/spool/kx87.log?raw=1&token=slayth876543210987654321,True,True,True,False,0.6053699848707765,-0.0024549963418394327,1203,1060,4215
SHUFFLE_PAGES,4.0,A-s11-d6-t4096,4096,proper_noun,Tobias Nieminen,"Tobias Nieminen
slightest possible answer, but the document says ""Tobias Nieminen"" in the answer. So the correct answer is ""Tobias Nieminen"". The document says ""Tob",True,True,True,False,0.4699065387248993,-0.0635460913181305,1204,1060,4215
SHUFFLE_PAGES,4.0,A-s11-d6-t4096,4096,composition,Ashcombe,Ashcombecombecombecombecombecombecombecombecombecombecombecombecombecombecombecombecombecombecombecombecombecombecombecombecombecombecombecombecombecombecombecombecombecombecombecombecombecombecombecombecombecombecombecombecombecombecombe,True,False,True,False,2.031279411428841,-0.00016227710875682533,1214,1060,4215
WRONGPAGE,4.0,A-s11-d6-t4096,4096,semantic,olive,"amber
amber
amber
amber
amber
amber
amber
amber
amber
amber
amber
amber
amber
amber
amber
amber
amber
amber
amber
amber
amber
amber
amber
amber",False,False,False,False,2.50204998254776,-0.48842543363571167,1207,1069,4215
WRONGPAGE,4.0,A-s11-d6-t4096,4096,identifier,KP-5500-XD,XD-2246-QZ-MB-TB-RT-RT-RT-RT-RT-RT-RT-RT-RT-RT-RT-RT-RT-RT-RT-RT-RT-RT,False,False,False,False,-2.3089723587036133,-5.018158435821533,1212,1069,4215
WRONGPAGE,4.0,A-s11-d6-t4096,4096,number,"46,822","26,148,376,467,646,764,867,646,764,867,646,764,8",False,False,False,False,0.08526945114135742,-4.003888130187988,1215,1069,4215
WRONGPAGE,4.0,A-s11-d6-t4096,4096,date,2031-11-23,"2032-06-20
/opt/vestry/spool/kx19.log
/opt/vestry/spool/kx67.log
/opt/vestry/spool/kx66.log
/opt",False,False,False,False,0.6863853931427002,-1.331172227859497,1212,1069,4215
WRONGPAGE,4.0,A-s11-d6-t4096,4096,hash,300841874a57a23e,377506467856a6b8fa7654867654867654867654867654867,False,False,False,False,0.45743560791015625,-3.946826457977295,1211,1069,4215
WRONGPAGE,4.0,A-s11-d6-t4096,4096,path,/var/opt/mirren/spool/kx95.log,"/opt/vestry/spool/kx19.log
/opt/vestry/spool/kx19.log
/opt/vestry/spool/kx19.log
/opt/vestry/spool/kx19.log",False,False,False,False,-0.7204556465148926,-1.430901050567627,1212,1069,4215
WRONGPAGE,4.0,A-s11-d6-t4096,4096,url,https://depot.example.net/rel/9927,https://depot.example.net/rel/1585345345/spool/kx19.log?raw=1&token=slayth890123456789,False,False,False,False,0.9851524829864502,-1.8151569366455078,1212,1069,4215
WRONGPAGE,4.0,A-s11-d6-t4096,4096,proper_noun,Tobias Nieminen,Ingrid Brannigan Brannigan Brannigan Brannigan Brannigan Brannigan Brannigan Brannigan Brannigan Brannigan Brannigan Brannigan Brannigan Brannigan Brannigan Br,False,False,False,False,-1.5168304443359375,-2.6105377674102783,1213,1069,4215
WRONGPAGE,4.0,A-s11-d6-t4096,4096,composition,Ashcombe,Ashcombe Gateway (Ashcombe Gate) in the Ashcombe Mountains.,True,True,True,False,4.688007712424223,-7.748543794150464e-06,1191,1069,4215
LEARNED,8.0,A-s11-d6-t4096,4096,semantic,olive,"slate-green
slate-green
slate-green
slate-green
slate-green
slate-green
slate-green
slate-green
slate-green
slate-green
slate-green
slate-green",False,False,False,True,-4.12523229708313,-4.125385284423828,673,535,4215
LEARNED,8.0,A-s11-d6-t4096,4096,identifier,KP-5500-XD,XD-2505-KP-KP-KP-KP-KP-KP-KP-KP-KP-KP-KP-KP-KP-KP-KP-KP-KP-KP-KP-KP-KP,False,False,False,False,-1.259943962097168,-2.5027248859405518,678,535,4215
LEARNED,8.0,A-s11-d6-t4096,4096,number,"46,822","46,822,608,57a75e328076e8076e8076e8076e8076e8076",True,True,True,False,1.0084870629943907,-0.0052117533050477505,681,535,4215
LEARNED,8.0,A-s11-d6-t4096,4096,date,2031-11-23,"2031-06-24
2031-06-24
2031-06-24
2031-06-24
2031",False,False,False,True,-0.06929615885019302,-0.11465096473693848,678,535,4215
LEARNED,8.0,A-s11-d6-t4096,4096,hash,300841874a57a23e,30084075a75a23e8708e8708e8708e8708e8708e8708e870,False,False,False,False,1.2582669258117676,-1.2437517642974854,677,535,4215
LEARNED,8.0,A-s11-d6-t4096,4096,path,/var/opt/mirren/spool/kx95.log,"/var/opt/mirren/spool/kx95.log
/var/opt/mirren/spool/kx95.log
/var/opt/mirren/spool/kx95.log
/var/opt/mirren/spool/kx",True,True,True,False,0.39586807461455464,-0.007307160180062056,678,535,4215
LEARNED,8.0,A-s11-d6-t4096,4096,url,https://depot.example.net/rel/9927,https://depot.example.net/rel/9279-kx75.html?rel=46087-57a23-e2385-57a23-e2385,False,False,False,False,0.6552868187427521,-0.2633167803287506,678,535,4215
LEARNED,8.0,A-s11-d6-t4096,4096,proper_noun,Tobias Nieminen,"Anselm Sorley
Anselm Sorley
Anselm Sorley
Anselm Sorley
Anselm Sorley
Anselm Sorley
Anselm Sorley
Anselm Sorley",False,False,False,True,-0.8986814394593239,-0.9462910294532776,679,535,4215
LEARNED,8.0,A-s11-d6-t4096,4096,composition,Ashcombe,Ashcombe Spire Gate 2567 (Fennhollow) relays from the Ashcombe Spire Gate 2567 (Fennhollow) relays from the Ashcombe Spire Gate 25,False,True,True,True,0.8663921840488911,-0.016455601900815964,689,535,4215
LEARNED_JOINT,8.0,A-s11-d6-t4096,4096,semantic,olive,slate slate slate slate slate slate slate slate slate slate slate slate slate slate slate slate slate slate slate slate slate slate slate slate slate slate slate slate slate slate slate slate slate slate slate slate slate slate slate slate slate slate slate slate slate slate slate,False,False,False,True,-4.937753738639003,-4.937798023223877,665,527,4215
LEARNED_JOINT,8.0,A-s11-d6-t4096,4096,identifier,KP-5500-XD,KP-5250-XD-KP-5250-XD-KP-5250-XD-KP-5250-XD-KP-5250-XD-KP-5,False,False,False,False,2.437495231628418,-1.4572348594665527,670,527,4215
LEARNED_JOINT,8.0,A-s11-d6-t4096,4096,number,"46,822","24,600,000 credits.",False,False,False,False,-0.052969157695770264,-0.5431925654411316,638,527,4215
LEARNED_JOINT,8.0,A-s11-d6-t4096,4096,date,2031-11-23,2032-06-24,False,False,False,False,0.1841861605644226,-0.35912495851516724,633,527,4215
LEARNED_JOINT,8.0,A-s11-d6-t4096,4096,hash,300841874a57a23e,f507f503f8a67a806f8a67a806f8a67a806f8a67a806f8a6,False,False,False,False,-0.750678300857544,-2.5463132858276367,669,527,4215
LEARNED_JOINT,8.0,A-s11-d6-t4096,4096,path,/var/opt/mirren/spool/kx95.log,"/var/opt/mirren/spool/kx87.log
/var/opt/mirren/spool/kx89.log
/var/opt/mirren/spool/kx95.log
/var/opt/mirren/spool/kx",False,True,True,True,-0.3889474170282483,-0.3972412347793579,670,527,4215
LEARNED_JOINT,8.0,A-s11-d6-t4096,4096,url,https://depot.example.net/rel/9927,https://depot.example.net/rel/9972/rel/9972/spool/kx87.log.kx87.log.kx87.log.kx87.log.kx87.log.k,False,False,False,False,1.9717735052108765,-0.36729657649993896,670,527,4215
LEARNED_JOINT,8.0,A-s11-d6-t4096,4096,proper_noun,Tobias Nieminen,Anselm Sorley Sorley Sorley Sorley Sorley Sorley Sorley Sorley Sorley Sorley Sorley Sorley Sorley Sorley Sorley Sorley Sorley Sorley Sorley Sorley Sorley Sorley Sor,False,False,False,True,-2.7335229385644197,-2.748338460922241,671,527,4215
LEARNED_JOINT,8.0,A-s11-d6-t4096,4096,composition,Ashcombe,Ashcombe Spire Brantgate Gatehouse.,True,True,True,False,4.344767630181195,-9.000220416055527e-06,644,527,4215
LEARNED,16.0,A-s11-d6-t4096,4096,semantic,olive,olive-khaki-khmer-green-khmer-green-khmer-green-khmer-green-khmer-green-khmer-green-khmer-green-khmer-green-khmer-green-khmer-green-khmer,True,True,True,False,2.8777154884301126,-0.001721958164125681,411,273,4215
LEARNED,16.0,A-s11-d6-t4096,4096,identifier,KP-5500-XD,XD-2572-KP-XD-2572-KP-XD-2572-KP-XD-2572-KP-XD-2572-KP-XD-2,False,False,False,False,-2.5285637378692627,-3.602158546447754,416,273,4215
LEARNED,16.0,A-s11-d6-t4096,4096,number,"46,822","24,602 credits.",False,False,False,False,-0.6305140256881714,-2.297372817993164,380,273,4215
LEARNED,16.0,A-s11-d6-t4096,4096,date,2031-11-23,"2032-06-24.png
2032-06-24.png
2032-06-24.png
2032-06-24.png",False,False,False,False,-0.5172168016433716,-0.8143011331558228,416,273,4215
LEARNED,16.0,A-s11-d6-t4096,4096,hash,300841874a57a23e,307a52e7f0567a2e3755a2e7f0567a2e3755a2e7f0567a2e,False,False,False,False,0.4900081157684326,-2.200016498565674,415,273,4215
LEARNED,16.0,A-s11-d6-t4096,4096,path,/var/opt/mirren/spool/kx95.log,"/var/opt/mirren/spool/kx95.log
/var/opt/mirren/spool/kx95.log
/var/opt/mirren/spool/kx95.log
/var/opt/mirren/spool/kx",True,True,True,False,0.39584036509040743,-0.001347463927231729,416,273,4215
LEARNED,16.0,A-s11-d6-t4096,4096,url,https://depot.example.net/rel/9927,https://depot.example.net/rel/64484.log.kx95.log?token=7a2e730f-7a2e-730f-7a2e-7,False,False,False,False,-0.6731404066085815,-1.4320229291915894,416,273,4215
LEARNED,16.0,A-s11-d6-t4096,4096,proper_noun,Tobias Nieminen,"Anselm Sorley
Anselm Sorley
Anselm Sorley
Anselm Sorley
Anselm Sorley
Anselm Sorley
Anselm Sorley
Anselm Sorley",False,False,False,True,-1.790790501050651,-1.7983139753341675,417,273,4215
LEARNED,16.0,A-s11-d6-t4096,4096,composition,Ashcombe,"Fennhollowspike Tower (Fennhollowspike Tower) in Fennhollowspike, Fennhollowspike, Fennhollowspike, Fennhollowspike, Fennh",False,False,False,True,-4.062757787294686,-4.063217639923096,427,273,4215
LEARNED_JOINT,16.0,A-s11-d6-t4096,4096,semantic,olive,"slate grey
slate grey
slate grey
slate grey
slate grey
slate grey
slate grey
slate grey
slate grey
slate grey
slate grey
slate grey",False,False,False,True,-3.3125577132450417,-3.31330943107605,402,264,4215
LEARNED_JOINT,16.0,A-s11-d6-t4096,4096,identifier,KP-5500-XD,KP-5252-KP-XD-SZ-2960-XD-KP-XD-SZ-2960-XD-KP-XD-SZ-2960-XD-KP-X,False,False,False,False,0.9159443378448486,-1.5344452857971191,407,264,4215
LEARNED_JOINT,16.0,A-s11-d6-t4096,4096,number,"46,822","46,822,222,222,222,222,222,222,222,222,222,222,2",True,True,True,False,2.011766163399443,-0.003858121344819665,410,264,4215
LEARNED_JOINT,16.0,A-s11-d6-t4096,4096,date,2031-11-23,2029-11-23,False,False,False,False,1.0122863352298737,-0.13773652911186218,370,264,4215
LEARNED_JOINT,16.0,A-s11-d6-t4096,4096,hash,300841874a57a23e,f057f0576056a6576056a6576056a6576056a6576056a657,False,False,False,False,-2.15636670589447,-3.9849867820739746,406,264,4215
LEARNED_JOINT,16.0,A-s11-d6-t4096,4096,path,/var/opt/mirren/spool/kx95.log,"/var/opt/mirren/spool/kx89.log
/var/opt/mirren/spool/kx89.log
/var/opt/mirren/spool/kx89.log
/var/opt/mirren/spool/kx",False,False,False,False,-0.7014899477362633,-0.765759289264679,407,264,4215
LEARNED_JOINT,16.0,A-s11-d6-t4096,4096,url,https://depot.example.net/rel/9927,https://depot.example.net/rel/997997979797979797979797979797979797979,False,False,False,False,1.541306495666504,-0.33464205265045166,407,264,4215
LEARNED_JOINT,16.0,A-s11-d6-t4096,4096,proper_noun,Tobias Nieminen,Anselm Sorley 📜 Sorley 📜 Sorley 📜 Sorley 📜 Sorley 📜 Sorley 📜 Sorley 📜 Sorley 📜 Sorley 📜,False,False,False,True,-4.29056491330266,-4.307616710662842,408,264,4215
LEARNED_JOINT,16.0,A-s11-d6-t4096,4096,composition,Ashcombe,Ashcombe Sparring Grounds (Ashcombe Sparring Grounds),True,True,True,False,3.3775743385776877,-0.0012992480769753456,385,264,4215
NATIVE,1.0,A-s11-d6-t4096,4096,semantic,olive,olive,True,True,True,False,10.625000070787792,-0.00010578706132946536,4306,,4215
NOCTX,1.0,A-s11-d6-t4096,4096,semantic,olive,Black,False,False,False,False,-0.5298357009887695,-9.01617431640625,87,,4215
BUDGET,2.0,A-s11-d6-t4096,4096,semantic,olive,olive,True,True,True,False,10.687499463978384,-2.0563182260957547e-05,2196,,4215
BUDGET,4.0,A-s11-d6-t4096,4096,semantic,olive,None,False,False,False,False,0.2671394348144531,-13.003776550292969,1150,,4215
BUDGET,8.0,A-s11-d6-t4096,4096,semantic,olive,None,False,False,False,False,0.4875822067260742,-12.472872734069824,621,,4215
BUDGET,16.0,A-s11-d6-t4096,4096,semantic,olive,None,False,False,False,False,-0.5171709060668945,-13.850662231445312,351,,4215
NATIVE,1.0,A-s11-d6-t4096,4096,identifier,KP-5500-XD,KP-5500-XD,True,True,True,False,6.609375283123882,-6.70550434733741e-07,4311,,4215
NOCTX,1.0,A-s11-d6-t4096,4096,identifier,KP-5500-XD,UNKNOWN,False,False,False,False,0.7371807098388672,-4.977513313293457,92,,4215
BUDGET,2.0,A-s11-d6-t4096,4096,identifier,KP-5500-XD,The exact replacement assembly identifier for Calder-2960 is not provided in the document.,False,False,False,False,0.6118693351745605,-6.104176044464111,2201,,4215
BUDGET,4.0,A-s11-d6-t4096,4096,identifier,KP-5500-XD,None,False,False,False,False,0.529442310333252,-6.399357795715332,1155,,4215
BUDGET,8.0,A-s11-d6-t4096,4096,identifier,KP-5500-XD,None,False,False,False,False,0.28940773010253906,-6.396838188171387,626,,4215
BUDGET,16.0,A-s11-d6-t4096,4096,identifier,KP-5500-XD,None,False,False,False,False,0.4513840675354004,-6.537261486053467,356,,4215
NATIVE,1.0,A-s11-d6-t4096,4096,number,"46,822","46,822",True,True,True,False,5.458342889944774,-1.3907744289554103e-07,4314,,4215
NOCTX,1.0,A-s11-d6-t4096,4096,number,"46,822",1250000,False,False,False,False,0.015358924865722656,-2.740689277648926,95,,4215
BUDGET,2.0,A-s11-d6-t4096,4096,number,"46,822","46,822",True,True,True,False,10.732925415039062,0.0,2204,,4215
BUDGET,4.0,A-s11-d6-t4096,4096,number,"46,822","46,822",True,True,True,False,10.239375114440918,0.0,1158,,4215
BUDGET,8.0,A-s11-d6-t4096,4096,number,"46,822",0,False,False,False,False,0.6479334831237793,-5.753360748291016,629,,4215
BUDGET,16.0,A-s11-d6-t4096,4096,number,"46,822",0,False,False,False,False,0.7819013595581055,-5.142026424407959,359,,4215
NATIVE,1.0,A-s11-d6-t4096,4096,date,2031-11-23,2031-11-23,True,True,True,False,2.8500003814697266,0.0,4311,,4215
NOCTX,1.0,A-s11-d6-t4096,4096,date,2031-11-23,2023-04-15,False,False,False,False,-0.049527883529663086,-2.160144329071045,92,,4215
BUDGET,2.0,A-s11-d6-t4096,4096,date,2031-11-23,2031-06-24,False,False,False,True,-3.6614881865680218,-3.693631649017334,2201,,4215
BUDGET,4.0,A-s11-d6-t4096,4096,date,2031-11-23,No exact date is provided for the electrical audit for Calder-2992 in the given document.,False,False,False,False,-0.07436656951904297,-2.987983226776123,1155,,4215
BUDGET,8.0,A-s11-d6-t4096,4096,date,2031-11-23,No exact date is provided in the document for the electrical audit for Calder-2992.,False,False,False,False,-0.14388489723205566,-3.2304465770721436,626,,4215
BUDGET,16.0,A-s11-d6-t4096,4096,date,2031-11-23,"The document does not mention an electrical audit for Calder-2992. Therefore, there is no exact date provided for the closure of the electrical audit for Calder-2992.",False,False,False,False,-0.11406230926513672,-3.736982822418213,356,,4215
NATIVE,1.0,A-s11-d6-t4096,4096,hash,300841874a57a23e,300841874a57a23e,True,True,True,False,2.847656488418579,0.0,4310,,4215
NOCTX,1.0,A-s11-d6-t4096,4096,hash,300841874a57a23e,0x3a7d6f8e1c2b4a5f6d7e8f9a0b1c2d3e4f5a6b7c8d9e0f,False,False,False,False,0.25490856170654297,-2.7789745330810547,91,,4215
BUDGET,2.0,A-s11-d6-t4096,4096,hash,300841874a57a23e,300841874a57a23e,True,True,True,False,5.894510269165039,0.0,2200,,4215
BUDGET,4.0,A-s11-d6-t4096,4096,hash,300841874a57a23e,None,False,False,False,False,0.47579193115234375,-3.8215627670288086,1154,,4215
BUDGET,8.0,A-s11-d6-t4096,4096,hash,300841874a57a23e,None,False,False,False,False,0.2831442356109619,-3.9283368587493896,625,,4215
BUDGET,16.0,A-s11-d6-t4096,4096,hash,300841874a57a23e,Answer: Not applicable.,False,False,False,False,0.3016676902770996,-3.893796443939209,355,,4215
NATIVE,1.0,A-s11-d6-t4096,4096,path,/var/opt/mirren/spool/kx95.log,/var/opt/mirren/spool/kx95.log,True,True,True,False,2.489583204201722,-1.48017022638669e-06,4311,,4215
NOCTX,1.0,A-s11-d6-t4096,4096,path,/var/opt/mirren/spool/kx95.log,/proc/vmcore,False,False,False,False,0.17127466201782227,-7.3443922996521,92,,4215
BUDGET,2.0,A-s11-d6-t4096,4096,path,/var/opt/mirren/spool/kx95.log,https://relay.example.org/rel/6448,False,False,False,False,0.09290504455566406,-7.283505916595459,2201,,4215
BUDGET,4.0,A-s11-d6-t4096,4096,path,/var/opt/mirren/spool/kx95.log,https://relay.example.org/rel/6448,False,False,False,False,0.05453634262084961,-7.382645130157471,1155,,4215
BUDGET,8.0,A-s11-d6-t4096,4096,path,/var/opt/mirren/spool/kx95.log,https://relay.example.org/rel/6448,False,False,False,False,0.05940389633178711,-7.462749481201172,626,,4215
BUDGET,16.0,A-s11-d6-t4096,4096,path,/var/opt/mirren/spool/kx95.log,The document does not mention the path to which diagnostics for Vestry-3018 are written.,False,False,False,False,0.010196208953857422,-6.462528705596924,356,,4215
NATIVE,1.0,A-s11-d6-t4096,4096,url,https://depot.example.net/rel/9927,https://depot.example.net/rel/9927,True,True,True,False,2.5314836960574922,-1.9256860639416118e-07,4311,,4215
NOCTX,1.0,A-s11-d6-t4096,4096,url,https://depot.example.net/rel/9927,https://mirror.example.com/harlow-3046,False,False,False,False,0.2924199104309082,-4.421395301818848,92,,4215
BUDGET,2.0,A-s11-d6-t4096,4096,url,https://depot.example.net/rel/9927,https://relay.example.org/rel/6448,False,False,False,True,-4.529269433871377,-4.530192852020264,2201,,4215
BUDGET,4.0,A-s11-d6-t4096,4096,url,https://depot.example.net/rel/9927,https://relay.example.org/rel/6448,False,False,False,True,-4.5647131176665425,-4.565634727478027,1155,,4215
BUDGET,8.0,A-s11-d6-t4096,4096,url,https://depot.example.net/rel/9927,https://relay.example.org/rel/6448,False,False,False,True,-4.718125939463334,-4.718130111694336,626,,4215
BUDGET,16.0,A-s11-d6-t4096,4096,url,https://depot.example.net/rel/9927,None.,False,False,False,False,0.9685606956481934,-4.850554466247559,356,,4215
NATIVE,1.0,A-s11-d6-t4096,4096,proper_noun,Tobias Nieminen,Tobias Nieminen,True,True,True,False,7.050385693711291,-1.2119588745918008e-06,4312,,4215
NOCTX,1.0,A-s11-d6-t4096,4096,proper_noun,Tobias Nieminen,UNKNOWN,False,False,False,False,2.728179454803467,-5.3292059898376465,93,,4215
BUDGET,2.0,A-s11-d6-t4096,4096,proper_noun,Tobias Nieminen,Anselm Sorley,False,False,False,True,-7.388271522522103,-7.388271808624268,2202,,4215
BUDGET,4.0,A-s11-d6-t4096,4096,proper_noun,Tobias Nieminen,Anselm Sorley,False,False,False,True,-9.26209342479708,-9.262093544006348,1156,,4215
BUDGET,8.0,A-s11-d6-t4096,4096,proper_noun,Tobias Nieminen,Anselm Sorley,False,False,False,True,-10.187523555755746,-10.18752384185791,627,,4215
BUDGET,16.0,A-s11-d6-t4096,4096,proper_noun,Tobias Nieminen,Anselm Sorley,False,False,False,True,-9.968776416778695,-9.96877670288086,357,,4215
NATIVE,1.0,A-s11-d6-t4096,4096,composition,Ashcombe,Halvard Ashgrove,False,False,False,False,4.341609716415405,-2.3793108463287354,4322,,4215
NOCTX,1.0,A-s11-d6-t4096,4096,composition,Ashcombe,CEDAR-3079 Facility,False,False,False,False,-1.7436704635620117,-10.573915481567383,103,,4215
BUDGET,2.0,A-s11-d6-t4096,4096,composition,Ashcombe,Halvard Ashgrove.,False,False,False,False,1.343721866607666,-4.625065326690674,2212,,4215
BUDGET,4.0,A-s11-d6-t4096,4096,composition,Ashcombe,CEDAR-3079 is not mentioned in the document.,False,False,False,False,1.321043610572815,-1.4204195737838745,1166,,4215
BUDGET,8.0,A-s11-d6-t4096,4096,composition,Ashcombe,CEDAR-3079,False,False,False,False,-5.376300573348999,-9.127638816833496,637,,4215
BUDGET,16.0,A-s11-d6-t4096,4096,composition,Ashcombe,CEDAR-3079,False,False,False,False,6.168283939361572,-2.5788607597351074,367,,4215
LEARNED,2.0,A-s11-d7-t4096,4096,semantic,amber,"olive
</think>

olive
</think>

olive
</think>

olive",False,False,False,True,-1.6012400761246681,-1.7025073766708374,2239,2131,4251
LEARNED,2.0,A-s11-d7-t4096,4096,identifier,XD-2254-QZ,KP-2254-QZ-7460-XD-7460-XD-7460-XD-7460-XD-7460-XD-7460,False,False,False,False,0.9667214453220367,-0.4114249646663666,2274,2131,4251
LEARNED,2.0,A-s11-d7-t4096,4096,number,"26,148","26,148,677,504,6a8bfa217046a8bfa217046a8bfa217046a8",True,True,True,False,1.7318838593855617,-7.679487316636369e-05,2277,2131,4251
LEARNED,2.0,A-s11-d7-t4096,4096,date,2032-06-20,"2032-06-20
</think>

2032-06-20",True,True,True,False,0.4429058087989688,-0.0019882069900631905,2251,2131,4251
LEARNED,2.0,A-s11-d7-t4096,4096,hash,37750467ca6a8bfa,37750467ca6a8bfa1688888888888888888888888888888888,True,False,True,False,1.0086856931447983,-0.005086198449134827,2273,2131,4251
LEARNED,2.0,A-s11-d7-t4096,4096,path,/var/opt/mirren/spool/kx19.log,"/opt/vestry/spool/kx67.log
</think>

/opt/vestry/spool/kx67.log
/opt/vestry/spool/kx67.log
/opt/vestry/spool/kx67",False,False,False,True,-0.515398470684886,-0.5196720957756042,2274,2131,4251
LEARNED,2.0,A-s11-d7-t4096,4096,url,https://depot.example.net/rel/1585,https://depot.example.net/rel/15855.log?raw=1&sl=35345.log?raw=1&sl=35345.log?raw=1&sl=,True,False,True,False,0.3847496452508494,-0.0005871710600331426,2274,2131,4251
LEARNED,2.0,A-s11-d7-t4096,4096,proper_noun,Rowena Brannigan,"Ingrid Brannigan
</think>

Ingrid Brannigan
</think>

Ingrid Brannigan
</think>

Ingrid Brannigan
</think>

Ingrid Brannigan
</think>

Ingrid Brannigan
</think>",False,False,False,True,-3.2500626763212495,-3.2506492137908936,2275,2131,4251
LEARNED,2.0,A-s11-d7-t4096,4096,composition,Longmere,"Ashcombe Gateway
</think>

Ashcombe Gateway",False,False,False,True,-2.1249999622814357,-2.1320858001708984,2248,2131,4251
LEARNED_JOINT,2.0,A-s11-d7-t4096,4096,semantic,amber,"olive
amber
olive
amber
olive
amber
olive
amber
olive
amber
olive
amber
olive
amber
olive
amber
olive
amber
olive",False,True,True,True,-2.300274059176445,-2.350555896759033,2263,2126,4251
LEARNED_JOINT,2.0,A-s11-d7-t4096,4096,identifier,XD-2254-QZ,KP-7496-MB-TB-XD-ZQ-ZD-XD-2544-QZ-XD-ZQ-ZD-XD-2254-QZ-XD-ZQ-ZD-XD,False,True,True,True,-2.3780443817513515,-2.378047466278076,2269,2126,4251
LEARNED_JOINT,2.0,A-s11-d7-t4096,4096,number,"26,148","26,1488
</think>

26,1488",False,False,False,False,2.0833892425657723,-5.761706688645063e-06,2242,2126,4251
LEARNED_JOINT,2.0,A-s11-d7-t4096,4096,date,2032-06-20,2032-06-20.,True,True,True,False,0.9109996169572696,-0.00011853280011564493,2234,2126,4251
LEARNED_JOINT,2.0,A-s11-d7-t4096,4096,hash,37750467ca6a8bfa,37750467ca6a8bfaeb062e58f8bd7b4eb062e58f8bd7b4eb062e58f,True,False,True,False,0.24835078790783882,-0.0371878556907177,2268,2126,4251
LEARNED_JOINT,2.0,A-s11-d7-t4096,4096,path,/var/opt/mirren/spool/kx19.log,"/var/opt/mirren/spool/kx67.log.log
/opt/vestry/spool/kx19.log.log
/opt/vestry/spool/kx67.log.log
/opt/vestry/spool/kx",False,False,False,True,-0.5233789682388306,-0.866641104221344,2269,2126,4251
LEARNED_JOINT,2.0,A-s11-d7-t4096,4096,url,https://depot.example.net/rel/1585,https://depot.example.net/rel/158556789067890678906789067890678906789,True,False,True,False,0.8173538250557613,-0.00018378070672042668,2269,2126,4251
LEARNED_JOINT,2.0,A-s11-d7-t4096,4096,proper_noun,Rowena Brannigan,"Ingrid Brannigan
Ingrid Brannigan
Ingrid Brannigan
Ingrid Brannigan
Ingrid Brannigan
Ingrid Brannigan
Ingrid Brannigan
Ingrid Brannigan",False,False,False,True,-2.340137980878353,-2.4280385971069336,2270,2126,4251
LEARNED_JOINT,2.0,A-s11-d7-t4096,4096,composition,Longmere,Ashcombe Brannigan's facility in Ashcombe Brannigan's facility in Ashcombe Brannigan's facility in Ashcombe Brannigan's facility in Ashcombe Brannigan's facility in Ashcombe Brannigan's facility in,False,False,False,True,-9.312564671040832,-9.312565803527832,2279,2126,4251
LEARNED,4.0,A-s11-d7-t4096,4096,semantic,amber,"amber
amber
amber
amber
amber
amber
amber
amber
amber
amber
amber
amber
amber
amber
amber
amber
amber
amber
amber
amber
amber
amber
amber
amber",True,True,True,False,0.09708654880523682,-0.4310620427131653,1206,1069,4251
LEARNED,4.0,A-s11-d7-t4096,4096,identifier,XD-2254-QZ,XD-2246-QZ-MB-TB-ZB-FA-FA-FA-FA-FA-FA-FA-FA-FA-FA-FA-FA-FA-FA-FA-FA-FA,False,False,False,False,2.6751131117343903,-0.384492963552475,1212,1069,4251
LEARNED,4.0,A-s11-d7-t4096,4096,number,"26,148","26,148,376,467,646,764,867,646,764,867,646,764,8",True,True,True,False,0.9430548112140968,-0.0012034614337608218,1215,1069,4251
LEARNED,4.0,A-s11-d7-t4096,4096,date,2032-06-20,"2032-06-20
/opt/vestry/spool/kx19.log
/opt/vestry/spool/kx67.log
/opt/vestry/spool/kx66.log
/opt",True,True,True,False,0.5254446375183761,-0.0019938242621719837,1213,1069,4251
LEARNED,4.0,A-s11-d7-t4096,4096,hash,37750467ca6a8bfa,377506467856a6b8fa765fa765fa765fa765fa765fa765fa765fa765,False,False,False,False,0.020681381225585938,-0.8585647940635681,1211,1069,4251
LEARNED,4.0,A-s11-d7-t4096,4096,path,/var/opt/mirren/spool/kx19.log,"/opt/vestry/spool/kx67.log
/opt/vestry/spool/kx67.log
/opt/vestry/spool/kx67.log
/opt/vestry/spool/kx67.log",False,False,False,True,-0.6549464883282781,-0.6641508936882019,1212,1069,4251
LEARNED,4.0,A-s11-d7-t4096,4096,url,https://depot.example.net/rel/1585,https://depot.example.net/rel/1585345345/spool/kx19.log?raw=1&token=slayth987654321098,True,False,True,False,0.9653991697705351,-0.0006273748003877699,1212,1069,4251
LEARNED,4.0,A-s11-d7-t4096,4096,proper_noun,Rowena Brannigan,Ingrid Brannigan Brannigan Brannigan Brannigan Brannigan Brannigan Brannigan Brannigan Brannigan Brannigan Brannigan Brannigan Brannigan Brannigan Brannigan Br,False,False,False,True,-1.8502500783652067,-1.8704569339752197,1213,1069,4251
LEARNED,4.0,A-s11-d7-t4096,4096,composition,Longmere,Ashcombe Gateway (Ashcombe Gate) in the Ashcombe Mountains.,False,False,False,True,-6.50001072887153,-6.500016689300537,1190,1069,4251
LEARNED_JOINT,4.0,A-s11-d7-t4096,4096,semantic,amber,"olive
amber
olive
amber
olive
amber
olive
amber
olive
amber
olive
amber
olive
amber
olive
amber
olive
amber
olive",False,True,True,True,-0.4425443112850189,-0.7601132988929749,1200,1063,4251
LEARNED_JOINT,4.0,A-s11-d7-t4096,4096,identifier,XD-2254-QZ,KP-7469-MB-TB-RT-RT-RT-RT-RT-RT-RT-RT-RT-RT-RT-RT-RT-RT-RT-RT-RT-RT-RT,False,False,False,False,-1.8744359239935875,-1.9778376817703247,1206,1063,4251
LEARNED_JOINT,4.0,A-s11-d7-t4096,4096,number,"26,148","17,847,288,275,607,607,607,607,607,607,607,607,6",False,False,False,True,-1.3903187985997647,-1.3933829069137573,1209,1063,4251
LEARNED_JOINT,4.0,A-s11-d7-t4096,4096,date,2032-06-20,"2032-06-23
2032-06-23
2032-06-23
2032-06-23
2032",False,False,False,False,-0.49795007705688477,-1.7750084400177002,1207,1063,4251
LEARNED_JOINT,4.0,A-s11-d7-t4096,4096,hash,37750467ca6a8bfa,3757406ca8bfa7bd90e620e8f887b47d90e620e8f887b47d90e,False,False,False,False,0.6912252902984619,-0.8686866760253906,1205,1063,4251
LEARNED_JOINT,4.0,A-s11-d7-t4096,4096,path,/var/opt/mirren/spool/kx19.log,"/var/opt/mirren/spool/kx67.log
/var/opt/mirren/spool/kx67.log
/var/opt/mirren/spool/kx67.log
/var/opt/mirren/spool/kx",False,False,False,False,-0.36307385563850403,-0.7742235660552979,1206,1063,4251
LEARNED_JOINT,4.0,A-s11-d7-t4096,4096,url,https://depot.example.net/rel/1585,https://depot.example.net/rel/1585/spool/kx19.log?raw=1&token=KP7462-MB7462-KP7462-MB74,True,True,True,False,0.7287374753504992,-0.02341395430266857,1206,1063,4251
LEARNED_JOINT,4.0,A-s11-d7-t4096,4096,proper_noun,Rowena Brannigan,Ingrid Brannigan Brannigan Brannigan Brannigan Brannigan Brannigan Brannigan Brannigan Brannigan Brannigan Brannigan Brannigan Brannigan Brannigan Brannigan Br,False,False,False,True,-2.826958541874774,-2.828467845916748,1207,1063,4251
LEARNED_JOINT,4.0,A-s11-d7-t4096,4096,composition,Longmere,Ashcombe Ashcombe Ashcombe Ashcombe Ashcombe Ashcombe Ashcombe Ashcombe Ashcombe Ashcombe Ashcombe Ashcombe Ashcombe Ashcombe Ashcombe Ashcombe Ashcombe Ashcombe Ashcombe Ashcombe Ashcombe Ashcombe Ashcombe Ashcombe,False,False,False,True,-10.781303226949035,-10.781304359436035,1216,1063,4251
RANDOM,4.0,A-s11-d7-t4096,4096,semantic,amber,"slate grey
slate grey
slate grey
slate grey
slate grey
slate grey
slate grey
slate grey
slate grey
slate grey
slate grey
slate grey",False,False,False,False,-0.9456338882446289,-4.522738456726074,1206,1069,4251
RANDOM,4.0,A-s11-d7-t4096,4096,identifier,XD-2254-QZ,KP-1070-XR-2248-XR-2248-XR-2248-XR-2248-XR-2248-XR-2248,False,False,False,False,-0.2846590280532837,-2.214749336242676,1212,1069,4251
RANDOM,4.0,A-s11-d7-t4096,4096,number,"26,148","20,987.61 credits
</think>

20,987.61 credits",False,False,False,False,0.11937248706817627,-1.8459973335266113,1191,1069,4251
RANDOM,4.0,A-s11-d7-t4096,4096,date,2032-06-20,"2030-12-18
</think>

2030-12-18",False,False,False,False,-0.08338528871536255,-0.8816040754318237,1189,1069,4251
RANDOM,4.0,A-s11-d7-t4096,4096,hash,37750467ca6a8bfa,"d87c6510-802c-456b-9c3e-170b5c8c6510
d87c6510-80",False,False,False,False,0.15199637413024902,-3.214125394821167,1211,1069,4251
RANDOM,4.0,A-s11-d7-t4096,4096,path,/var/opt/mirren/spool/kx19.log,"/opt/vestry/spool/kx87.log
/opt/vestry/spool/kx87.log
/opt/vestry/spool/kx87.log
/opt/vestry/spool/kx87.log",False,False,False,False,-0.355194628238678,-0.8433882594108582,1212,1069,4251
RANDOM,4.0,A-s11-d7-t4096,4096,url,https://depot.example.net/rel/1585,https://depot.example.net/rel/2030-11-20/kx3278.log.gz?token=slayth987654321098765,False,False,False,False,0.08737426996231079,-0.6761211156845093,1212,1069,4251
RANDOM,4.0,A-s11-d7-t4096,4096,proper_noun,Rowena Brannigan,"Anselm Brannigan
</think>

Anselm Brannigan",False,False,False,False,-0.6082031726837158,-2.0841517448425293,1181,1069,4251
RANDOM,4.0,A-s11-d7-t4096,4096,composition,Longmere,"Ravensgate Tower, Westgate Street, Brackenwell, BR12 9DT, UK.  
Ravensgate Tower, Westgate Street, Brackenwell, BR12 9DT, UK",False,False,False,False,-1.6915216445922852,-2.9234912395477295,1222,1069,4251
SHUFFLE_PAGES,4.0,A-s11-d7-t4096,4096,semantic,amber,"amber
amber
amber
amber
amber
amber
amber
amber
amber
amber
amber
amber
amber
amber
amber
amber
amber
amber
amber
amber
amber
amber
amber
amber",True,True,True,False,0.011929243803024292,-0.47633546590805054,1206,1069,4251
SHUFFLE_PAGES,4.0,A-s11-d7-t4096,4096,identifier,XD-2254-QZ,XD-2246-QZ-MB-RT-RT-RT-RT-RT-RT-RT-RT-RT-RT-RT-RT-RT-RT-RT-RT-RT-RT-RT,False,False,False,False,3.251807928085327,-0.2762465476989746,1212,1069,4251
SHUFFLE_PAGES,4.0,A-s11-d7-t4096,4096,number,"26,148","26,148,367,467,646,746,846,946,967,967,967,967,9",True,True,True,False,1.3573806913627777,-0.00041311662062071264,1215,1069,4251
SHUFFLE_PAGES,4.0,A-s11-d7-t4096,4096,date,2032-06-20,"2032-06-20
/opt/vestry/spool/kx19.log
/opt/vestry/spool/kx19.log
/opt/vestry/spool/kx19.log
/opt",True,True,True,False,0.5735358851961792,-0.0031137210316956043,1213,1069,4251
SHUFFLE_PAGES,4.0,A-s11-d7-t4096,4096,hash,37750467ca6a8bfa,377504676856a86bfa76543216e60b86543216e60b8654321,False,False,False,False,0.23845356702804565,-0.793740451335907,1211,1069,4251
SHUFFLE_PAGES,4.0,A-s11-d7-t4096,4096,path,/var/opt/mirren/spool/kx19.log,"/opt/vestry/spool/kx67.log
/opt/vestry/spool/kx67.log
/opt/vestry/spool/kx67.log
/opt/vestry/spool/kx67.log",False,False,False,True,-0.549771043471992,-0.5652162432670593,1212,1069,4251
SHUFFLE_PAGES,4.0,A-s11-d7-t4096,4096,url,https://depot.example.net/rel/1585,https://depot.example.net/rel/1585545345/spool/kx19.log.gz?token=slayth987654321098765,True,False,True,False,1.0620170360198244,-0.0005349392304196954,1212,1069,4251
SHUFFLE_PAGES,4.0,A-s11-d7-t4096,4096,proper_noun,Rowena Brannigan,Ingrid Brannigan Brannigan Brannigan Brannigan Brannigan Brannigan Brannigan Brannigan Brannigan Brannigan Brannigan Brannigan Brannigan Brannigan Brannigan Br,False,False,False,True,-2.0253592673689127,-2.03517484664917,1213,1069,4251
SHUFFLE_PAGES,4.0,A-s11-d7-t4096,4096,composition,Longmere,Ashcombe Gateway (Ashcombe Gate) in the Ashcombe Mountains.,False,False,False,True,-6.687514960814497,-6.687521934509277,1190,1069,4251
WRONGPAGE,4.0,A-s11-d7-t4096,4096,semantic,amber,"blue
slight
crimson
crimson
blue
slight
crimson
crimson
blue
slight
crimson
crimson
blue
slight
crimson
crimson
blue
slight",False,False,False,False,-2.589298725128174,-8.830002784729004,1201,1064,4251
WRONGPAGE,4.0,A-s11-d7-t4096,4096,identifier,XD-2254-QZ,MB-3138-XD-KP-KP-XD-KP-XD-KP-XD-KP-XD-KP-XD-KP-XD-KP-XD-KP-XD-KP-XD-KP,False,False,False,False,-0.2700667381286621,-5.019384860992432,1207,1064,4251
WRONGPAGE,4.0,A-s11-d7-t4096,4096,number,"26,148","32,594,111,111,111,111,111,111,111,111,111,111,1",False,False,False,False,0.15360689163208008,-4.51002836227417,1210,1064,4251
WRONGPAGE,4.0,A-s11-d7-t4096,4096,date,2032-06-20,"2031-01-16.png
2031-01-16.png
2031-01-16.png
2031-01-16.png",False,False,False,False,-0.7071993350982666,-1.97170090675354,1208,1064,4251
WRONGPAGE,4.0,A-s11-d7-t4096,4096,hash,37750467ca6a8bfa,6d6f50e42e59ccb9cba8bbb8ebb8bb8bb8bb8bb8bb8bb8bb8bb8bb8bb8bb8bb8bb8bb8,False,False,False,False,0.06501102447509766,-4.416639804840088,1206,1064,4251
WRONGPAGE,4.0,A-s11-d7-t4096,4096,path,/var/opt/mirren/spool/kx19.log,"/var/opt/mirren/spool/kx52.log
/opt/vestry/spool/kx52.log
/var/opt/mirren/spool/kx52.log
/opt/vestry/spool/kx52",False,False,False,False,0.5657374858856201,-1.2447869777679443,1207,1064,4251
WRONGPAGE,4.0,A-s11-d7-t4096,4096,url,https://depot.example.net/rel/1585,https://depot.example.net/rel/406222222222222222222222222222222222222,False,False,False,False,0.08854389190673828,-1.4083577394485474,1207,1064,4251
WRONGPAGE,4.0,A-s11-d7-t4096,4096,proper_noun,Rowena Brannigan,Halvard Nieminen Nieminen Nieminen Nieminen Nieminen Nieminen Nieminen Nieminen Nieminen Nieminen Nieminen Nieminen Nieminen Nieminen Nieminen Ni,False,False,False,False,-1.5251491069793701,-2.302866220474243,1208,1064,4251
WRONGPAGE,4.0,A-s11-d7-t4096,4096,composition,Longmere,Ravensgate Brandywell Sparring Range at Longmere Bay.,True,True,True,False,1.6874988079071045,-2.1323375701904297,1185,1064,4251
LEARNED,8.0,A-s11-d7-t4096,4096,semantic,amber,"olive amber
olive amber
olive amber
olive amber
olive amber
olive amber
olive amber
olive amber
olive amber
olive amber
olive amber
olive amber",False,True,True,True,-0.3497382402420044,-0.7003234624862671,675,538,4251
LEARNED,8.0,A-s11-d7-t4096,4096,identifier,XD-2254-QZ,XD-7425-QB-MB-MB-MB-MB-MB-MB-MB-MB-MB-MB-MB-MB-MB-MB-MB-MB-MB-MB-MB-MB,False,False,False,False,-0.740781307220459,-2.4408187866210938,681,538,4251
LEARNED,8.0,A-s11-d7-t4096,4096,number,"26,148","26,147,874,168,874,168,874,168,874,168,874,168,8",False,False,False,False,2.504009887576103,-0.18107827007770538,684,538,4251
LEARNED,8.0,A-s11-d7-t4096,4096,date,2032-06-20,"2032-06-23
Wait, the document says the structural audit for Vestry-1119 closed on 2032-06-23. Let me check again. The document",False,False,False,False,-0.5716683268547058,-1.1662825345993042,682,538,4251
LEARNED,8.0,A-s11-d7-t4096,4096,hash,37750467ca6a8bfa,eb062eb88f8b74b48b8b8b8b8b8b8b8b8b8b8b8b8b8b8b8b8b,False,False,False,False,-1.3731698989868164,-2.8343331813812256,680,538,4251
LEARNED,8.0,A-s11-d7-t4096,4096,path,/var/opt/mirren/spool/kx19.log,"/opt/vestry/spool/kx67.log
/opt/vestry/spool/kx67.log
/opt/vestry/spool/kx67.log
/opt/vestry/spool/kx67.log",False,False,False,True,-0.349285289645195,-0.4829085171222687,681,538,4251
LEARNED,8.0,A-s11-d7-t4096,4096,url,https://depot.example.net/rel/1585,https://depot.example.net/rel/158545cba8f8d7b4cba8e8b8b8b8b8b8b8b8b8b8b8b,True,False,True,False,1.4140562961110845,-0.0007036974420771003,681,538,4251
LEARNED,8.0,A-s11-d7-t4096,4096,proper_noun,Rowena Brannigan,Anselm Ashgrove Ashgrove Ashgrove Ashgrove Ashgrove Ashgrove Ashgrove Ashgrove Ashgrove Ashgrove Ashgrove Ashgrove Ashgrove Ashgrove Ashgrove,False,False,False,False,-0.037529826164245605,-1.479993224143982,682,538,4251
LEARNED,8.0,A-s11-d7-t4096,4096,composition,Longmere,"Ashcombe Spokegate Brantwell Gateway (Ashcombe Spokegate Brantwell Gateway) in Ashcombe, Brantwell, Westcombe, Westgate, and Draywell. Ashcombe Spokegate Brant",False,False,False,True,-6.500252842927694,-6.500257968902588,691,538,4251
LEARNED_JOINT,8.0,A-s11-d7-t4096,4096,semantic,amber,olive ashgrove bought an olive ashgrove bought an olive ashgrove bought an olive ashgrove bought an olive ashgrove bought an olive ashgrove bought an olive ashgrove bought an olive ashgrove bought,False,False,False,True,-1.6060145199298859,-1.7120616436004639,669,532,4251
LEARNED_JOINT,8.0,A-s11-d7-t4096,4096,identifier,XD-2254-QZ,KP-7496-MB-RT-RT-RT-RT-RT-RT-RT-RT-RT-RT-RT-RT-RT-RT-RT-RT-RT-RT-RT-RT,False,False,False,True,-3.5015233792364597,-3.534775495529175,675,532,4251
LEARNED_JOINT,8.0,A-s11-d7-t4096,4096,number,"26,148","17,847,174,174,174,174,174,174,174,174,174,174,1",False,False,False,True,-0.9165283180773258,-0.965818464756012,678,532,4251
LEARNED_JOINT,8.0,A-s11-d7-t4096,4096,date,2032-06-20,2029-12-23,False,False,False,False,0.38210131227970123,-0.24490563571453094,639,532,4251
LEARNED_JOINT,8.0,A-s11-d7-t4096,4096,hash,37750467ca6a8bfa,73806a6b8a6b847b847b847b847b847b847b847b847b847b,False,False,False,False,0.6296000480651855,-2.78519606590271,674,532,4251
LEARNED_JOINT,8.0,A-s11-d7-t4096,4096,path,/var/opt/mirren/spool/kx19.log,"/opt/vestry/spool/kx67.log
/opt/vestry/spool/kx67.log
/opt/vestry/spool/kx67.log
/opt/vestry/spool/kx67.log",False,False,False,True,-0.4898589870426804,-0.49314752221107483,675,532,4251
LEARNED_JOINT,8.0,A-s11-d7-t4096,4096,url,https://depot.example.net/rel/1585,https://depot.example.net/rel/1585/drone.log.kx60.log.kx60.log.kx60.log.kx60.log.kx60.log.kx60.log.kx,True,True,True,False,1.0915737319737673,-0.025066835805773735,675,532,4251
LEARNED_JOINT,8.0,A-s11-d7-t4096,4096,proper_noun,Rowena Brannigan,Ingrid Brannigan Brannigan Brannigan Brannigan Brannigan Brannigan Brannigan Brannigan Brannigan Brannigan Brannigan Brannigan Brannigan Brannigan Brannigan Br,False,False,False,True,-1.6541950404644012,-1.6799023151397705,676,532,4251
LEARNED_JOINT,8.0,A-s11-d7-t4096,4096,composition,Longmere,Ashcombe Sparring Range (Ashcombe Sparring Range),False,False,False,True,-7.68974138336489,-7.690005779266357,650,532,4251
LEARNED,16.0,A-s11-d7-t4096,4096,semantic,amber,"amber
amber
amber
amber
amber
amber
amber
amber
amber
amber
amber
amber
amber
amber
amber
amber
amber
amber
amber
amber
amber
amber
amber
amber",True,True,True,False,5.053013010881841,-0.007928685285151005,409,272,4251
LEARNED,16.0,A-s11-d7-t4096,4096,identifier,XD-2254-QZ,KP-7429-MB-ZB-RT-XD-RT-XD-RT-XD-RT-XD-RT-XD-RT-XD-RT-XD-RT-XD-RT-XD-RT,False,False,False,False,-1.5730599164962769,-2.277074098587036,415,272,4251
LEARNED,16.0,A-s11-d7-t4096,4096,number,"26,148","27,184,747,687,687,687,687,687,687,687,687,687,6",False,False,False,False,-0.8824866414070129,-1.4510489702224731,418,272,4251
LEARNED,16.0,A-s11-d7-t4096,4096,date,2032-06-20,"2032-06-20.png
2032-06-20.png
2032-06-20.png
2032-06-20.png",True,True,True,False,1.0639367066323757,-0.043630484491586685,416,272,4251
LEARNED,16.0,A-s11-d7-t4096,4096,hash,37750467ca6a8bfa,eb062eb58b852bd4cba7482568b852bd4cba7482568b852bd4cba748256,False,False,False,False,-2.8645713329315186,-4.36742639541626,414,272,4251
LEARNED,16.0,A-s11-d7-t4096,4096,path,/var/opt/mirren/spool/kx19.log,"/var/opt/mirren/spool/kx99.log
/var/opt/mirren/spool/kx99.log
/var/opt/mirren/spool/kx99.log
/var/opt/mirren/spool/kx",False,False,False,False,0.8578293398022652,-0.10157429426908493,415,272,4251
LEARNED,16.0,A-s11-d7-t4096,4096,url,https://depot.example.net/rel/1585,https://depot.example.net/rel/158544/df8eb58b-eb84-4b85-8b84-58b7eb8458bd.log,True,False,True,False,1.6296464898623526,-0.007570078130811453,415,272,4251
LEARNED,16.0,A-s11-d7-t4096,4096,proper_noun,Rowena Brannigan,"Ingrid Brannigan
Ingrid Brannigan
Ingrid Brannigan
Ingrid Brannigan
Ingrid Brannigan
Ingrid Brannigan
Ingrid Brannigan
Ingrid Brannigan",False,False,False,True,-2.560677871108055,-2.5683846473693848,416,272,4251
LEARNED,16.0,A-s11-d7-t4096,4096,composition,Longmere,Ashcombe Spokegate Gatehouse (Ashcombe Spokegate Gatehouse) in the Brannigan Mountains. Ashcombe Spokegate Gatehouse (Ashcombe Spokegate Gatehouse) in the Brannigan Mountains. Ashcombe,False,False,False,True,-1.3154435344040394,-1.355869174003601,425,272,4251
LEARNED_JOINT,16.0,A-s11-d7-t4096,4096,semantic,amber,"olive
olive
olive
olive
olive
olive
olive
olive
olive
olive
olive
olive
olive
olive
olive
olive",False,False,False,True,-8.253169005503878,-8.256380081176758,403,266,4251
LEARNED_JOINT,16.0,A-s11-d7-t4096,4096,identifier,XD-2254-QZ,KP-7496-MB-RT-RT-RT-RT-RT-RT-RT-RT-RT-RT-RT-RT-RT-RT-RT-RT-RT-RT-RT-RT,False,False,False,True,-4.418798137456179,-4.4626288414001465,409,266,4251
LEARNED_JOINT,16.0,A-s11-d7-t4096,4096,number,"26,148","17,168,248,217,171,171,171,171,171,171,171,171,1",False,False,False,False,0.5032821893692017,-1.6352413892745972,412,266,4251
LEARNED_JOINT,16.0,A-s11-d7-t4096,4096,date,2032-06-20,2030-06-23,False,False,False,False,0.08526498079299927,-0.5140865445137024,373,266,4251
LEARNED_JOINT,16.0,A-s11-d7-t4096,4096,hash,37750467ca6a8bfa,73975b8bd78b48eb48eb48eb48eb48eb48eb48eb48eb48eb48eb48eb48eb4,False,False,False,False,-0.4580347537994385,-3.154386520385742,408,266,4251
LEARNED_JOINT,16.0,A-s11-d7-t4096,4096,path,/var/opt/mirren/spool/kx19.log,"/var/opt/mirren/spool/kx19.log
/var/opt/mirren/spool/kx19.log
/var/opt/mirren/spool/kx19.log
/var/opt/mirren/spool/kx",True,True,True,False,1.20404130872339,-0.010798507370054722,409,266,4251
LEARNED_JOINT,16.0,A-s11-d7-t4096,4096,url,https://depot.example.net/rel/1585,https://depot.example.net/rel/15855/rel/15855/spool/kx19.log.gz?token=8b8b8b8b-8b8b-8,True,False,True,False,1.0203214436769485,-0.03605072200298309,409,266,4251
LEARNED_JOINT,16.0,A-s11-d7-t4096,4096,proper_noun,Rowena Brannigan,"Ingrid Brannigan 📄
Ingrid Brannigan 📄
Ingrid Brannigan 📄
Ingrid Brannigan 📄
Ingrid Brannigan 📄
Ingrid Br",False,False,False,True,-1.9616840481758118,-2.1597914695739746,410,266,4251
LEARNED_JOINT,16.0,A-s11-d7-t4096,4096,composition,Longmere,"Ashcombe Spire (Ashcombe Spire, Ashcombe, CT) (Ashcombe Spire, Ashcombe, CT) (Ashcombe Spire, Ashcombe, CT) (Ashcombe Spire, Ashcombe, CT)",False,False,False,True,-7.251734239223879,-7.251941680908203,419,266,4251
NATIVE,1.0,A-s11-d7-t4096,4096,semantic,amber,amber,True,True,True,False,14.312460307126457,-8.737658936297521e-05,4341,,4251
NOCTX,1.0,A-s11-d7-t4096,4096,semantic,amber,Red,False,False,False,False,-5.528844833374023,-14.12031078338623,86,,4251
BUDGET,2.0,A-s11-d7-t4096,4096,semantic,amber,olive,False,False,False,True,-14.347871005535126,-15.0707426071167,2212,,4251
BUDGET,4.0,A-s11-d7-t4096,4096,semantic,amber,None,False,False,False,False,-10.81857681274414,-24.606250762939453,1152,,4251
BUDGET,8.0,A-s11-d7-t4096,4096,semantic,amber,None,False,False,False,False,-10.367650032043457,-23.93866539001465,614,,4251
BUDGET,16.0,A-s11-d7-t4096,4096,semantic,amber,None,False,False,False,False,-9.673192977905273,-23.549663543701172,353,,4251
NATIVE,1.0,A-s11-d7-t4096,4096,identifier,XD-2254-QZ,XD-2254-QZ,True,True,True,False,4.527343884113122,-8.195611940209346e-07,4347,,4251
NOCTX,1.0,A-s11-d7-t4096,4096,identifier,XD-2254-QZ,CALDER-1070,False,False,False,False,-1.1781806945800781,-6.899155139923096,92,,4251
BUDGET,2.0,A-s11-d7-t4096,4096,identifier,XD-2254-QZ,XD-2254-QZ,True,True,True,False,7.104758575560311,-6.407482828763023e-07,2218,,4251
BUDGET,4.0,A-s11-d7-t4096,4096,identifier,XD-2254-QZ,XD-2254-QZ,True,True,True,False,7.023222491145873,-4.3213293565713684e-07,1158,,4251
BUDGET,8.0,A-s11-d7-t4096,4096,identifier,XD-2254-QZ,Calder-1070,False,False,False,False,-0.6803555488586426,-6.931490898132324,620,,4251
BUDGET,16.0,A-s11-d7-t4096,4096,identifier,XD-2254-QZ,None,False,False,False,False,-0.9011669158935547,-7.379861354827881,359,,4251
NATIVE,1.0,A-s11-d7-t4096,4096,number,"26,148","26,148",True,True,True,False,6.198707103729248,0.0,4350,,4251
NOCTX,1.0,A-s11-d7-t4096,4096,number,"26,148",1250000000000,False,False,False,False,-0.20577335357666016,-2.988581895828247,95,,4251
BUDGET,2.0,A-s11-d7-t4096,4096,number,"26,148",0,False,False,False,False,0.895010232925415,-3.8106601238250732,2221,,4251
BUDGET,4.0,A-s11-d7-t4096,4096,number,"26,148",0,False,False,False,False,0.34860801696777344,-4.6177978515625,1161,,4251
BUDGET,8.0,A-s11-d7-t4096,4096,number,"26,148",0,False,False,False,False,0.5717658996582031,-4.316925525665283,623,,4251
BUDGET,16.0,A-s11-d7-t4096,4096,number,"26,148",0,False,False,False,False,0.4289672374725342,-3.6586596965789795,362,,4251
NATIVE,1.0,A-s11-d7-t4096,4096,date,2032-06-20,2032-06-20,True,True,True,False,2.5,0.0,4348,,4251
NOCTX,1.0,A-s11-d7-t4096,4096,date,2032-06-20,"July 1, 2021",False,False,False,False,0.7893555164337158,-2.913196086883545,93,,4251
BUDGET,2.0,A-s11-d7-t4096,4096,date,2032-06-20,2031-12-23,False,False,False,True,-4.317567729951577,-4.317568302154541,2219,,4251
BUDGET,4.0,A-s11-d7-t4096,4096,date,2032-06-20,No exact date is provided for the structural audit for Vestry-1119 in the given document.,False,False,False,False,0.37868165969848633,-3.1804282665252686,1159,,4251
BUDGET,8.0,A-s11-d7-t4096,4096,date,2032-06-20,No date is provided for the structural audit for Vestry-1119 in the document.,False,False,False,False,0.4319877624511719,-3.001904249191284,621,,4251
BUDGET,16.0,A-s11-d7-t4096,4096,date,2032-06-20,The document does not mention the date when the structural audit for Vestry-1119 closed.,False,False,False,False,0.48761916160583496,-3.205639600753784,360,,4251
NATIVE,1.0,A-s11-d7-t4096,4096,hash,37750467ca6a8bfa,37750467ca6a8bfa,True,True,True,False,3.3705356121063232,0.0,4346,,4251
NOCTX,1.0,A-s11-d7-t4096,4096,hash,37750467ca6a8bfa,0x3a7d6f8e9b2c1a4d5e6f7a8b9c0d1e2f3a4b5c6d7e8f9a,False,False,False,False,0.3236868381500244,-3.3759684562683105,91,,4251
BUDGET,2.0,A-s11-d7-t4096,4096,hash,37750467ca6a8bfa,37750467ca6a8bfa,True,True,True,False,6.620115756988525,0.0,2217,,4251
BUDGET,4.0,A-s11-d7-t4096,4096,hash,37750467ca6a8bfa,37750467ca6a8bfa,True,True,True,False,6.8543901443481445,0.0,1157,,4251
BUDGET,8.0,A-s11-d7-t4096,4096,hash,37750467ca6a8bfa,None,False,False,False,False,0.22173023223876953,-4.5556745529174805,619,,4251
BUDGET,16.0,A-s11-d7-t4096,4096,hash,37750467ca6a8bfa,Answer: Not applicable.,False,False,False,False,0.40708017349243164,-4.407466888427734,358,,4251
NATIVE,1.0,A-s11-d7-t4096,4096,path,/var/opt/mirren/spool/kx19.log,/var/opt/mirren/spool/kx19.log,True,True,True,False,4.278634697257985,-3.188789378327783e-06,4347,,4251
NOCTX,1.0,A-s11-d7-t4096,4096,path,/var/opt/mirren/spool/kx19.log,/proc/vmcore,False,False,False,False,-1.6504878997802734,-7.411386966705322,92,,4251
BUDGET,2.0,A-s11-d7-t4096,4096,path,/var/opt/mirren/spool/kx19.log,/var/opt/mirren/spool/kx19.log,True,True,True,False,6.380418133718194,-1.8286722479388118e-05,2218,,4251
BUDGET,4.0,A-s11-d7-t4096,4096,path,/var/opt/mirren/spool/kx19.log,/var/opt/mirren/spool/kx19.log,True,True,True,False,6.441417137816188,-2.4636242414999288e-06,1158,,4251
BUDGET,8.0,A-s11-d7-t4096,4096,path,/var/opt/mirren/spool/kx19.log,/var/opt/mirren/spool/kx19.log,True,True,True,False,6.194627821475706,-2.3245509055414004e-06,620,,4251
BUDGET,16.0,A-s11-d7-t4096,4096,path,/var/opt/mirren/spool/kx19.log,None,False,False,False,False,0.048130035400390625,-6.280765056610107,359,,4251
NATIVE,1.0,A-s11-d7-t4096,4096,url,https://depot.example.net/rel/1585,https://depot.example.net/rel/1585,True,True,True,False,2.5384613092130337,-1.3754905126006634e-07,4347,,4251
NOCTX,1.0,A-s11-d7-t4096,4096,url,https://depot.example.net/rel/1585,https://mirror.example.com/Vestry-1175,False,False,False,False,-0.10662317276000977,-4.149075508117676,92,,4251
BUDGET,2.0,A-s11-d7-t4096,4096,url,https://depot.example.net/rel/1585,https://depot.example.net/rel/3534,False,False,False,True,-2.853639270440908,-2.854055166244507,2218,,4251
BUDGET,4.0,A-s11-d7-t4096,4096,url,https://depot.example.net/rel/1585,None.,False,False,False,False,0.06169700622558594,-4.293875694274902,1158,,4251
BUDGET,8.0,A-s11-d7-t4096,4096,url,https://depot.example.net/rel/1585,None.,False,False,False,False,0.09305286407470703,-4.0959062576293945,620,,4251
BUDGET,16.0,A-s11-d7-t4096,4096,url,https://depot.example.net/rel/1585,None,False,False,False,False,-0.01440572738647461,-4.553397178649902,359,,4251
NATIVE,1.0,A-s11-d7-t4096,4096,proper_noun,Rowena Brannigan,Rowena Brannigan,True,True,True,False,7.825003719337815,-1.811973220355867e-06,4348,,4251
NOCTX,1.0,A-s11-d7-t4096,4096,proper_noun,Rowena Brannigan,UNKNOWN,False,False,False,False,0.3018798828125,-6.076899528503418,93,,4251
BUDGET,2.0,A-s11-d7-t4096,4096,proper_noun,Rowena Brannigan,Rowena Brannigan,True,True,True,False,8.78319807052992,-1.239772814187745e-06,2219,,4251
BUDGET,4.0,A-s11-d7-t4096,4096,proper_noun,Rowena Brannigan,Answer: Tobias Nieminen,False,False,False,False,-1.262709617614746,-10.731841087341309,1159,,4251
BUDGET,8.0,A-s11-d7-t4096,4096,proper_noun,Rowena Brannigan,None,False,False,False,False,3.778810977935791,-6.091603755950928,621,,4251
BUDGET,16.0,A-s11-d7-t4096,4096,proper_noun,Rowena Brannigan,Answer: Casimir Ashgrove,False,False,False,False,3.7062721252441406,-6.302414894104004,360,,4251
NATIVE,1.0,A-s11-d7-t4096,4096,composition,Longmere,Ashcombe,False,False,False,True,-10.937498986721039,-11.225469589233398,4357,,4251
NOCTX,1.0,A-s11-d7-t4096,4096,composition,Longmere,UNKNOWN,False,False,False,False,-2.2798538208007812,-12.28945541381836,102,,4251
BUDGET,2.0,A-s11-d7-t4096,4096,composition,Longmere,Anselm Sorley.,False,False,False,False,5.6875,-3.0012378692626953,2228,,4251
BUDGET,4.0,A-s11-d7-t4096,4096,composition,Longmere,Harlow,False,False,False,False,0.08988189697265625,-9.814057350158691,1168,,4251
BUDGET,8.0,A-s11-d7-t4096,4096,composition,Longmere,Vestry,False,False,False,False,-1.3729567527770996,-6.302159309387207,630,,4251
BUDGET,16.0,A-s11-d7-t4096,4096,composition,Longmere,None,False,False,False,False,-4.12483012676239,-5.18427848815918,369,,4251
