condition,ratio,strategy,position_mode,doc_id,target_tokens,fact_class,gold,prediction,clean_hit,semantic_hit,exact_hit,distractor_hit,rank_margin,answer_logprob,n_active_positions,n_doc_tokens
NATIVE_CACHED,1.0,none,original,A-s11-d0-t4096,4096,semantic,crimson,crimson,True,True,True,False,25.68889533006586,-0.0013970283325761557,4284,4232
NATIVE_CACHED,1.0,none,original,A-s11-d0-t4096,4096,identifier,MB-3138-XD,MB-3138-XD,True,True,True,False,4.73437498509884,-1.4901160305669237e-08,4284,4232
NATIVE_CACHED,1.0,none,original,A-s11-d0-t4096,4096,number,"11,583","11,583",True,True,True,False,4.895840644836426,0.0,4284,4232
NATIVE_CACHED,1.0,none,original,A-s11-d0-t4096,4096,date,2031-04-12,2031-04-12,True,True,True,False,3.4750709533691406,0.0,4284,4232
NATIVE_CACHED,1.0,none,original,A-s11-d0-t4096,4096,hash,6d6f05e42e59ccb9,6d6f05e42e59ccb9,True,True,True,False,5.071875095367432,0.0,4284,4232
NATIVE_CACHED,1.0,none,original,A-s11-d0-t4096,4096,path,/var/opt/mirren/spool/kx73.log,/var/opt/mirren/spool/kx73.log,True,True,True,False,2.5416666776327475,-1.3181528629502282e-05,4284,4232
NATIVE_CACHED,1.0,none,original,A-s11-d0-t4096,4096,url,https://depot.example.net/rel/4062,https://depot.example.net/rel/4062,True,True,True,False,2.6435664158603487,-1.9256860639416118e-07,4284,4232
NATIVE_CACHED,1.0,none,original,A-s11-d0-t4096,4096,proper_noun,Tobias Vantol,Tobias Vantol,True,True,True,False,9.925016363461815,-3.973642748178463e-08,4284,4232
NATIVE_CACHED,1.0,none,original,A-s11-d0-t4096,4096,composition,Longmere,Longmere,True,True,True,False,7.719760722247884,-7.932749576866627e-05,4284,4232
RANDOM,1.0,random_kv,original,A-s11-d0-t4096,4096,semantic,crimson,Answer: None.,False,False,False,False,1.7868127822875977,-9.224449157714844,4284,4232
RANDOM,1.0,random_kv,original,A-s11-d0-t4096,4096,identifier,MB-3138-XD,Mirren-4006,False,False,False,False,0.46518898010253906,-7.074258804321289,4284,4232
RANDOM,1.0,random_kv,original,A-s11-d0-t4096,4096,number,"11,583",0,False,False,False,False,0.17577242851257324,-3.9792749881744385,4284,4232
RANDOM,1.0,random_kv,original,A-s11-d0-t4096,4096,date,2031-04-12,Answer:,False,False,False,False,0.5923280715942383,-3.4305577278137207,4284,4232
RANDOM,1.0,random_kv,original,A-s11-d0-t4096,4096,hash,6d6f05e42e59ccb9,0x3a7d333135555555555555555555555555555555555555,False,False,False,False,2.763375997543335,-3.743701696395874,4284,4232
RANDOM,1.0,random_kv,original,A-s11-d0-t4096,4096,path,/var/opt/mirren/spool/kx73.log,/proc/sysrq/4073,False,False,False,False,0.2481532096862793,-6.632406711578369,4284,4232
RANDOM,1.0,random_kv,original,A-s11-d0-t4096,4096,url,https://depot.example.net/rel/4062,https://mirren-4089.com,False,False,False,False,0.8936672210693359,-5.596621990203857,4284,4232
RANDOM,1.0,random_kv,original,A-s11-d0-t4096,4096,proper_noun,Tobias Vantol,Ordell-4117,False,False,False,False,2.590855598449707,-7.636932373046875,4284,4232
RANDOM,1.0,random_kv,original,A-s11-d0-t4096,4096,composition,Longmere,"The exact answer is: ""Unit DELTA-4156"" as it is the facility mentioned in the document. However, since the question asks for the facility name and the answer should be copied verbatim from the document, the",False,False,False,False,-7.838427543640137,-14.074230194091797,4284,4232
SHUFFLE_KV_ORDER,1.0,shuffle_blocks,original,A-s11-d0-t4096,4096,semantic,crimson,crimson,True,True,True,False,25.87678938161116,-0.0017907117726281285,4284,4232
SHUFFLE_KV_ORDER,1.0,shuffle_blocks,original,A-s11-d0-t4096,4096,identifier,MB-3138-XD,MB-3138-XD,True,True,True,False,4.72656248509884,-1.4901160305669237e-08,4284,4232
SHUFFLE_KV_ORDER,1.0,shuffle_blocks,original,A-s11-d0-t4096,4096,number,"11,583","11,583",True,True,True,False,4.9166741371154785,0.0,4284,4232
SHUFFLE_KV_ORDER,1.0,shuffle_blocks,original,A-s11-d0-t4096,4096,date,2031-04-12,2031-04-12,True,True,True,False,3.52504301071167,0.0,4284,4232
SHUFFLE_KV_ORDER,1.0,shuffle_blocks,original,A-s11-d0-t4096,4096,hash,6d6f05e42e59ccb9,6d6f05e42e59ccb9,True,True,True,False,5.040625095367432,0.0,4284,4232
SHUFFLE_KV_ORDER,1.0,shuffle_blocks,original,A-s11-d0-t4096,4096,path,/var/opt/mirren/spool/kx73.log,/var/opt/mirren/spool/kx73.log,True,True,True,False,2.5208333344971834,-1.3986059457238298e-05,4284,4232
SHUFFLE_KV_ORDER,1.0,shuffle_blocks,original,A-s11-d0-t4096,4096,url,https://depot.example.net/rel/4062,https://depot.example.net/rel/4062,True,True,True,False,2.630376898325565,-1.5588891244533443e-07,4284,4232
SHUFFLE_KV_ORDER,1.0,shuffle_blocks,original,A-s11-d0-t4096,4096,proper_noun,Tobias Vantol,Tobias Vantol,True,True,True,False,9.92502017815908,-3.973642748178463e-08,4284,4232
SHUFFLE_KV_ORDER,1.0,shuffle_blocks,original,A-s11-d0-t4096,4096,composition,Longmere,Longmere,True,True,True,False,7.657252024044283,-0.00010185397695749998,4284,4232
KV_STRIDE,2.0,stride,original,A-s11-d0-t4096,4096,semantic,crimson,blue bicycle was archived to the Ordell. The electrical audit for the Ordell. The electrical audit for the Ordell. The electrical audit for the Ordell. The electrical audit for the Ordell. The electrical audit for the Ordell,False,False,False,True,-26.77009177445143,-26.770160675048828,2168,4232
KV_STRIDE,2.0,stride,original,A-s11-d0-t4096,4096,identifier,MB-3138-XD,MB-401,False,False,False,False,-0.49533605575561523,-6.2891716957092285,2168,4232
KV_STRIDE,2.0,stride,original,A-s11-d0-t4096,4096,number,"11,583","1

11,582
11




11,58




11,5


11


11,5
11",False,False,False,False,4.404167652130127,-4.1252360343933105,2168,4232
KV_STRIDE,2.0,stride,original,A-s11-d0-t4096,4096,date,2031-04-12,"2


203-0403",False,False,False,False,1.7120180130004883,-4.946038722991943,2168,4232
KV_STRIDE,2.0,stride,original,A-s11-d0-t4096,4096,hash,6d6f05e42e59ccb9,6,False,False,False,False,4.054422378540039,-9.094772338867188,2168,4232
KV_STRIDE,2.0,stride,original,A-s11-d0-t4096,4096,path,/var/opt/mirren/spool/kx73.log,/var/opt,False,False,False,False,0.05980205535888672,-9.476693153381348,2168,4232
KV_STRIDE,2.0,stride,original,A-s11-d0-t4096,4096,url,https://depot.example.net/rel/4062,"https://relay


https://relay

https://

https://

https://

https://
https://

https://
https://

https://
https://
https://
https://",False,False,False,False,-1.0346460342407227,-7.475733280181885,2168,4232
KV_STRIDE,2.0,stride,original,A-s11-d0-t4096,4096,proper_noun,Tobias Vantol,Halvarden,False,False,False,False,-7.23641300201416,-14.500615119934082,2168,4232
KV_STRIDE,2.0,stride,original,A-s11-d0-t4096,4096,composition,Longmere,Longer,False,False,False,False,10.907660603523254,-0.8110359907150269,2168,4232
KV_SINK,2.0,sink,original,A-s11-d0-t4096,4096,semantic,crimson,blue. The electrical audit for the Ordell. The electrical audit for the Ordell. The thermal audit for the Ordell. The thermal audit for the Ordell. The thermal audit for the Ordell. The thermal audit for the Ord,False,False,False,True,-22.128982190028182,-22.12906837463379,2166,4232
KV_SINK,2.0,sink,original,A-s11-d0-t4096,4096,identifier,MB-3138-XD,RT-401,False,False,False,False,-5.546542167663574,-11.972867012023926,2166,4232
KV_SINK,2.0,sink,original,A-s11-d0-t4096,4096,number,"11,583","1



11,532
112
112
112
112
112
112
112
11
11
11",False,False,False,False,-0.3757667541503906,-6.064732074737549,2166,4232
KV_SINK,2.0,sink,original,A-s11-d0-t4096,4096,date,2031-04-12,2001,False,False,False,False,2.3264236450195312,-3.529367446899414,2166,4232
KV_SINK,2.0,sink,original,A-s11-d0-t4096,4096,hash,6d6f05e42e59ccb9,"6
6
6",False,False,False,False,1.9723577499389648,-10.887415885925293,2166,4232
KV_SINK,2.0,sink,original,A-s11-d0-t4096,4096,path,/var/opt/mirren/spool/kx73.log,/var/opt/relay,False,False,False,False,-0.01719951629638672,-8.825697898864746,2166,4232
KV_SINK,2.0,sink,original,A-s11-d0-t4096,4096,url,https://depot.example.net/rel/4062,"https://


https://",False,False,False,False,-1.0545711517333984,-6.585339069366455,2166,4232
KV_SINK,2.0,sink,original,A-s11-d0-t4096,4096,proper_noun,Tobias Vantol,"Tobt

Tobt",False,False,False,False,1.2243328094482422,-9.357991218566895,2166,4232
KV_SINK,2.0,sink,original,A-s11-d0-t4096,4096,composition,Longmere,"Longmere



Longmere",True,True,True,False,14.531667023897171,-0.18744537234306335,2166,4232
KV_STRIDE_COMPACT,2.0,stride,compact,A-s11-d0-t4096,4096,semantic,crimson,###,False,False,False,False,1.7399311065673828,-14.619483947753906,2168,4232
KV_STRIDE_COMPACT,2.0,stride,compact,A-s11-d0-t4096,4096,identifier,MB-3138-XD,###,False,False,False,False,-0.7997679710388184,-6.981183052062988,2168,4232
KV_STRIDE_COMPACT,2.0,stride,compact,A-s11-d0-t4096,4096,number,"11,583",### The,False,False,False,False,0.5197861194610596,-3.957719087600708,2168,4232
KV_STRIDE_COMPACT,2.0,stride,compact,A-s11-d0-t4096,4096,date,2031-04-12,###,False,False,False,False,0.3646683692932129,-3.3157107830047607,2168,4232
KV_STRIDE_COMPACT,2.0,stride,compact,A-s11-d0-t4096,4096,hash,6d6f05e42e59ccb9,###,False,False,False,False,1.584416389465332,-6.455322265625,2168,4232
KV_STRIDE_COMPACT,2.0,stride,compact,A-s11-d0-t4096,4096,path,/var/opt/mirren/spool/kx73.log,###,False,False,False,False,0.05220603942871094,-11.584172248840332,2168,4232
KV_STRIDE_COMPACT,2.0,stride,compact,A-s11-d0-t4096,4096,url,https://depot.example.net/rel/4062,### The,False,False,False,False,-0.3049750328063965,-7.221473693847656,2168,4232
KV_STRIDE_COMPACT,2.0,stride,compact,A-s11-d0-t4096,4096,proper_noun,Tobias Vantol,###,False,False,False,False,2.843311309814453,-8.022575378417969,2168,4232
KV_STRIDE_COMPACT,2.0,stride,compact,A-s11-d0-t4096,4096,composition,Longmere,"### The






































### The",False,False,False,False,-2.8039417266845703,-9.586311340332031,2168,4232
KV_STRIDE,4.0,stride,original,A-s11-d0-t4096,4096,semantic,crimson,blue,False,False,False,True,-26.113044321537018,-26.30081558227539,1110,4232
KV_STRIDE,4.0,stride,original,A-s11-d0-t4096,4096,identifier,MB-3138-XD,Kx 40,False,False,False,False,-1.791426181793213,-9.044425964355469,1110,4232
KV_STRIDE,4.0,stride,original,A-s11-d0-t4096,4096,number,"11,583",1,False,False,False,False,1.459442138671875,-4.7285614013671875,1110,4232
KV_STRIDE,4.0,stride,original,A-s11-d0-t4096,4096,date,2031-04-12,20212. The date for Ordell the Ordell 202222222022222222222222222220222,False,False,False,False,1.844128131866455,-3.814413070678711,1110,4232
KV_STRIDE,4.0,stride,original,A-s11-d0-t4096,4096,hash,6d6f05e42e59ccb9,Answer: 6000,False,False,False,False,5.514279365539551,-8.7305326461792,1110,4232
KV_STRIDE,4.0,stride,original,A-s11-d0-t4096,4096,path,/var/opt/mirren/spool/kx73.log,/var,False,False,False,False,-0.3361215591430664,-13.210514068603516,1110,4232
KV_STRIDE,4.0,stride,original,A-s11-d0-t4096,4096,url,https://depot.example.net/rel/4062,https. The mirror. The mirror. The mirror. The mirror. The mirror. The mirror. The mirror. The mirror. The mirror. The mirror. The mirror. The mirror. The mirror. The mirror. The mirror. The,False,False,False,False,-0.061038970947265625,-9.45067024230957,1110,4232
KV_STRIDE,4.0,stride,original,A-s11-d0-t4096,4096,proper_noun,Tobias Vantol,Hal for the Ordell,False,False,False,False,-7.94455623626709,-17.114578247070312,1110,4232
KV_STRIDE,4.0,stride,original,A-s11-d0-t4096,4096,composition,Longmere,Fenned the Ordell held the Ordell. The Ordell the Ordell the Ordell the Ordell the Ordell. The Ordell. The Ordell. The Ordell. The Ordell. The Ordell. The,False,False,False,False,-1.3353605270385742,-8.99808120727539,1110,4232
KV_SINK,4.0,sink,original,A-s11-d0-t4096,4096,semantic,crimson,Answer: blue,False,False,False,True,-19.731958389282227,-26.1295223236084,1109,4232
KV_SINK,4.0,sink,original,A-s11-d0-t4096,4096,identifier,MB-3138-XD,KP-401. The Q3. The Q3. The Q3. The Q3. The Q3. The Q3. The Q3. The Q3. The Q3. The Q3. The Q,False,False,False,False,-1.9581313133239746,-9.730057716369629,1109,4232
KV_SINK,4.0,sink,original,A-s11-d0-t4096,4096,number,"11,583",3,False,False,False,False,-0.23018312454223633,-7.739538669586182,1109,4232
KV_SINK,4.0,sink,original,A-s11-d0-t4096,4096,date,2031-04-12,Answer: 201,False,False,False,False,1.1991972923278809,-4.913954734802246,1109,4232
KV_SINK,4.0,sink,original,A-s11-d0-t4096,4096,hash,6d6f05e42e59ccb9,Answer: 322,False,False,False,False,2.88523006439209,-12.555230140686035,1109,4232
KV_SINK,4.0,sink,original,A-s11-d0-t4096,4096,path,/var/opt/mirren/spool/kx73.log,/ord. The Q3,False,False,False,False,0.01594829559326172,-13.092686653137207,1109,4232
KV_SINK,4.0,sink,original,A-s11-d0-t4096,4096,url,https://depot.example.net/rel/4062,"https://


https://",False,False,False,False,0.25605249404907227,-7.539832592010498,1109,4232
KV_SINK,4.0,sink,original,A-s11-d0-t4096,4096,proper_noun,Tobias Vantol,T,False,False,False,False,1.5796184539794922,-11.675437927246094,1109,4232
KV_SINK,4.0,sink,original,A-s11-d0-t4096,4096,composition,Longmere,Raven,False,False,False,False,-13.484109878540039,-20.12786102294922,1109,4232
KV_STRIDE_COMPACT,4.0,stride,compact,A-s11-d0-t4096,4096,semantic,crimson,###,False,False,False,False,-1.5380592346191406,-18.82958221435547,1110,4232
KV_STRIDE_COMPACT,4.0,stride,compact,A-s11-d0-t4096,4096,identifier,MB-3138-XD,###,False,False,False,False,-1.668067455291748,-8.904739379882812,1110,4232
KV_STRIDE_COMPACT,4.0,stride,compact,A-s11-d0-t4096,4096,number,"11,583",### 40,False,False,False,False,0.33405447006225586,-6.2774338722229,1110,4232
KV_STRIDE_COMPACT,4.0,stride,compact,A-s11-d0-t4096,4096,date,2031-04-12,###,False,False,False,False,0.5181350708007812,-4.345524787902832,1110,4232
KV_STRIDE_COMPACT,4.0,stride,compact,A-s11-d0-t4096,4096,hash,6d6f05e42e59ccb9,### 1,False,False,False,False,2.109910011291504,-7.910800933837891,1110,4232
KV_STRIDE_COMPACT,4.0,stride,compact,A-s11-d0-t4096,4096,path,/var/opt/mirren/spool/kx73.log,### 7. The,False,False,False,False,-0.13029003143310547,-12.797630310058594,1110,4232
KV_STRIDE_COMPACT,4.0,stride,compact,A-s11-d0-t4096,4096,url,https://depot.example.net/rel/4062,### The,False,False,False,False,-1.0788869857788086,-12.40254020690918,1110,4232
KV_STRIDE_COMPACT,4.0,stride,compact,A-s11-d0-t4096,4096,proper_noun,Tobias Vantol,### The,False,False,False,False,3.1627378463745117,-13.548426628112793,1110,4232
KV_STRIDE_COMPACT,4.0,stride,compact,A-s11-d0-t4096,4096,composition,Longmere,### 4,False,False,False,False,-5.479389190673828,-15.881819725036621,1110,4232
KV_STRIDE,8.0,stride,original,A-s11-d0-t4096,4096,semantic,crimson,"Answer
<document
###


The
Answer: blue
Answer: blue
Answer: blue
Answer: blue
Answer: blue
Answer: blue
Answer: blue
Answer: blue
Answer: blue
Answer: blue",False,False,False,True,-22.642865657806396,-24.665576934814453,581,4232
KV_STRIDE,8.0,stride,original,A-s11-d0-t4096,4096,identifier,MB-3138-XD,"K
The
Answer
Answer: 47-10
Answer
Answer
Answer
Answer
Answer
Answer
Answer
Answer
Answer
Answer
Answer
Answer
Answer
Answer
Answer
Answer
Answer",False,False,False,False,-0.9747695922851562,-13.897797584533691,581,4232
KV_STRIDE,8.0,stride,original,A-s11-d0-t4096,4096,number,"11,583",0,False,False,False,False,2.398883819580078,-9.820889472961426,581,4232
KV_STRIDE,8.0,stride,original,A-s11-d0-t4096,4096,date,2031-04-12,"20
Answer
Answer: 42120
Answer: 2022211121212612611212612612612",False,False,False,False,0.4532184600830078,-7.349728584289551,581,4232
KV_STRIDE,8.0,stride,original,A-s11-d0-t4096,4096,hash,6d6f05e42e59ccb9,"Answer
Answer:
</think>
Answer:
Answer: 4061862121667112156212662114662121462",False,False,False,False,6.446470260620117,-14.726686477661133,581,4232
KV_STRIDE,8.0,stride,original,A-s11-d0-t4096,4096,path,/var/opt/mirren/spool/kx73.log,"/var
Answer
</think>
Answer
Answer: /var
Answer: /var
Answer
Answer: /var
Answer: /var
Answer: /var
Answer: /var
Answer: /var
Answer:",False,False,False,False,0.04306602478027344,-17.218721389770508,581,4232
KV_STRIDE,8.0,stride,original,A-s11-d0-t4096,4096,url,https://depot.example.net/rel/4062,"https
<document
###


https
Answer: https://



Answer: https://
Answer: https://
Answer: https://
Answer: https://
Answer: https://
Answer: https://
Answer",False,False,False,False,-1.5202808380126953,-12.28386402130127,581,4232
KV_STRIDE,8.0,stride,original,A-s11-d0-t4096,4096,proper_noun,Tobias Vantol,"Hal
<document
Answer
Answer: The site of the document.",False,False,False,False,2.5388927459716797,-20.029531478881836,581,4232
KV_STRIDE,8.0,stride,original,A-s11-d0-t4096,4096,composition,Longmere,"F

<",False,False,False,False,0.5991306304931641,-16.810855865478516,581,4232
KV_SINK,8.0,sink,original,A-s11-d0-t4096,4096,semantic,crimson,"Answer
</think>
</think>
</think>
</think>
</think>
</think>
The
The
The
The
The
The
The
The
The
The
The




The",False,False,False,False,-17.36778736114502,-27.37491798400879,580,4232
KV_SINK,8.0,sink,original,A-s11-d0-t4096,4096,identifier,MB-3138-XD,"RT
</think>
The
### Section 017
Answer: The replacement for the Mir
Answer: The replacement for the Mir
The replacement for the Mir


</think>
</think>
The replacement for the Mir
Answer",False,False,False,False,-7.734169960021973,-15.33590030670166,580,4232
KV_SINK,8.0,sink,original,A-s11-d0-t4096,4096,number,"11,583","1
</think>",False,False,False,False,0.7744617462158203,-6.2338104248046875,580,4232
KV_SINK,8.0,sink,original,A-s11-d0-t4096,4096,date,2031-04-12,"April 11
The
The electrical audit for the audit for the electrical audit for the audit for the electrical audit for the electrical audit for the electrical audit for the electrical audit for the electrical audit for the electrical audit for the electrical audit",False,False,False,False,1.6927895545959473,-5.663738250732422,580,4232
KV_SINK,8.0,sink,original,A-s11-d0-t4096,4096,hash,6d6f05e42e59ccb9,Answer: The answer.,False,False,False,False,7.762428283691406,-8.663595199584961,580,4232
KV_SINK,8.0,sink,original,A-s11-d0-t4096,4096,path,/var/opt/mirren/spool/kx73.log,/,False,False,False,False,0.00089263916015625,-16.47258186340332,580,4232
KV_SINK,8.0,sink,original,A-s11-d0-t4096,4096,url,https://depot.example.net/rel/4062,"The document

</think>
</think>
</think>
The document
The document
The document
The
The
The
The document
The document
The document
The document
The
The document
The document
The document",False,False,False,False,-0.7526388168334961,-11.558618545532227,580,4232
KV_SINK,8.0,sink,original,A-s11-d0-t4096,4096,proper_noun,Tobias Vantol,"Hal
</think>
</think>",False,False,False,False,-1.6956138610839844,-20.777116775512695,580,4232
KV_SINK,8.0,sink,original,A-s11-d0-t4096,4096,composition,Longmere,"Fenn
<",False,False,False,False,12.611862182617188,-7.821693420410156,580,4232
KV_STRIDE_COMPACT,8.0,stride,compact,A-s11-d0-t4096,4096,semantic,crimson,### 1. The,False,False,False,False,3.812084197998047,-15.128841400146484,581,4232
KV_STRIDE_COMPACT,8.0,stride,compact,A-s11-d0-t4096,4096,identifier,MB-3138-XD,### 4,False,False,False,False,-2.05869722366333,-8.919050216674805,581,4232
KV_STRIDE_COMPACT,8.0,stride,compact,A-s11-d0-t4096,4096,number,"11,583",### 4,False,False,False,False,0.13630247116088867,-5.619499683380127,581,4232
KV_STRIDE_COMPACT,8.0,stride,compact,A-s11-d0-t4096,4096,date,2031-04-12,### 4,False,False,False,False,0.8384280204772949,-3.5818495750427246,581,4232
KV_STRIDE_COMPACT,8.0,stride,compact,A-s11-d0-t4096,4096,hash,6d6f05e42e59ccb9,### 40,False,False,False,False,1.0589170455932617,-8.236612319946289,581,4232
KV_STRIDE_COMPACT,8.0,stride,compact,A-s11-d0-t4096,4096,path,/var/opt/mirren/spool/kx73.log,### 407,False,False,False,False,-0.049346923828125,-11.883166313171387,581,4232
KV_STRIDE_COMPACT,8.0,stride,compact,A-s11-d0-t4096,4096,url,https://depot.example.net/rel/4062,"**Answer:**
Answer: 4",False,False,False,False,0.031441688537597656,-9.547202110290527,581,4232
KV_STRIDE_COMPACT,8.0,stride,compact,A-s11-d0-t4096,4096,proper_noun,Tobias Vantol,"The

The",False,False,False,False,5.561252593994141,-9.641796112060547,581,4232
KV_STRIDE_COMPACT,8.0,stride,compact,A-s11-d0-t4096,4096,composition,Longmere,The,False,False,False,False,-8.855033874511719,-16.893585205078125,581,4232
KV_STRIDE,16.0,stride,original,A-s11-d0-t4096,4096,semantic,crimson,"Answer
Answer with the document, the
Answer with the
Answer with the
Answer with the
Answer with the
Answer with the
Answer with the
Answer with the
Answer with the
Answer with the
Answer with the",False,False,False,False,-12.683095932006836,-21.831008911132812,316,4232
KV_STRIDE,16.0,stride,original,A-s11-d0-t4096,4096,identifier,MB-3138-XD,"Kettle-4043
</think>
Answer for the
Answer the
Answer the",False,False,False,False,-0.03301715850830078,-11.140695571899414,316,4232
KV_STRIDE,16.0,stride,original,A-s11-d0-t4096,4096,number,"11,583","1
1",False,False,False,False,0.29050683975219727,-6.278754711151123,316,4232
KV_STRIDE,16.0,stride,original,A-s11-d0-t4096,4096,date,2031-04-12,"April 20233
The electrical system
The electrical
The electrical
The electrical",False,False,False,False,1.198561191558838,-6.466879367828369,316,4232
KV_STRIDE,16.0,stride,original,A-s11-d0-t4096,4096,hash,6d6f05e42e59ccb9,00112. The document is the manifest. The document is the manifest. The document is the manifest. The document. The document. The document. The document. The document. The document. The document. The document.,False,False,False,False,1.1329326629638672,-9.670588493347168,316,4232
KV_STRIDE,16.0,stride,original,A-s11-d0-t4096,4096,path,/var/opt/mirren/spool/kx73.log,"/sp
</think>
</think>
</think>
Answer",False,False,False,False,-0.0690755844116211,-13.258720397949219,316,4232
KV_STRIDE,16.0,stride,original,A-s11-d0-t4096,4096,url,https://depot.example.net/rel/4062,"https
</think>
</think>
</think>
</think>
Answer: The mirror
Answer: The mirror
Answer: The mirror
Answer: The mirror
Answer: The mirror
Answer: The mirror
Answer: The mirror
Answer: The",False,False,False,False,0.5873336791992188,-9.68844985961914,316,4232
KV_STRIDE,16.0,stride,original,A-s11-d0-t4096,4096,proper_noun,Tobias Vantol,Hal handover the hand and the following hand and the hand and the hand and the hand and the hand and the hand and the hand and the hand and the hand and the hand and the hand and the hand and the hand and the hand,False,False,False,False,3.023308753967285,-15.190051078796387,316,4232
KV_STRIDE,16.0,stride,original,A-s11-d0-t4096,4096,composition,Longmere,"R2
R
R",False,False,False,False,-10.636216163635254,-24.54541015625,316,4232
KV_SINK,16.0,sink,original,A-s11-d0-t4096,4096,semantic,crimson,"Answer
Answer
</think>

The answer is the bicycle is a bicycle
Answer
Answer
The answer is the bicycle
Answer
The answer is the bicycle
Answer
The answer is the bicycle
Answer
Answer


Answer",False,False,False,False,-13.90396499633789,-22.224933624267578,315,4232
KV_SINK,16.0,sink,original,A-s11-d0-t4096,4096,identifier,MB-3138-XD,"Mir



The exact replacement of the",False,False,False,False,0.4279060363769531,-12.665082931518555,315,4232
KV_SINK,16.0,sink,original,A-s11-d0-t4096,4096,number,"11,583","12, and the total to the original, the total, and the total, the total, the total, the total, the total, the total, the total, the total, the total, the total, the total, the",False,False,False,False,-1.701169729232788,-5.143415927886963,315,4232
KV_SINK,16.0,sink,original,A-s11-d0-t4096,4096,date,2031-04-12,April 2022 the electrical system. The electrical system. The electrical system. The electrical system. The electrical system. The electrical system. The electrical system. The electrical system. The electrical system. The electrical system. The electrical,False,False,False,False,0.8086824417114258,-7.5692243576049805,315,4232
KV_SINK,16.0,sink,original,A-s11-d0-t4096,4096,hash,6d6f05e42e59ccb9,0. The document. The manifest is the document. The document is the document. The document is the document. The document is the document. The document is the document. The document is the document. The document is the document. The,False,False,False,False,0.8329839706420898,-11.100584030151367,315,4232
KV_SINK,16.0,sink,original,A-s11-d0-t4096,4096,path,/var/opt/mirren/spool/kx73.log,"/2.1
Answer: The path to the
Answer: The path to the
Answer: The path to the
Answer: The path to the
Answer: The path to the
Answer: The path to the
Answer",False,False,False,False,-0.4418506622314453,-13.451064109802246,315,4232
KV_SINK,16.0,sink,original,A-s11-d0-t4096,4096,url,https://depot.example.net/rel/4062,"http




The mirror is a mirror



















### Section 408









###",False,False,False,False,0.5712156295776367,-9.278804779052734,315,4232
KV_SINK,16.0,sink,original,A-s11-d0-t4096,4096,proper_noun,Tobias Vantol,"Ni Ni
</think>
The
The
The
The
The
The
The
The
The
The
The
The
The
The
The
The
The
The
The
The
The",False,False,False,False,7.310705184936523,-14.318660736083984,315,4232
KV_SINK,16.0,sink,original,A-s11-d0-t4096,4096,composition,Longmere,"DEL
### Section
The
The
The
The
The
The
The
The
The
The
The
The
The
The
The
The
The
The
The
The

The",False,False,False,False,-6.860544204711914,-23.061172485351562,315,4232
KV_STRIDE_COMPACT,16.0,stride,compact,A-s11-d0-t4096,4096,semantic,crimson,"The
</document.",False,False,False,False,1.2353153228759766,-13.699277877807617,316,4232
KV_STRIDE_COMPACT,16.0,stride,compact,A-s11-d0-t4096,4096,identifier,MB-3138-XD,<|,False,False,False,False,-0.9403424263000488,-8.521934509277344,316,4232
KV_STRIDE_COMPACT,16.0,stride,compact,A-s11-d0-t4096,4096,number,"11,583",The,False,False,False,False,0.4481048583984375,-5.627892971038818,316,4232
KV_STRIDE_COMPACT,16.0,stride,compact,A-s11-d0-t4096,4096,date,2031-04-12,<|,False,False,False,False,0.3157174587249756,-3.7331225872039795,316,4232
KV_STRIDE_COMPACT,16.0,stride,compact,A-s11-d0-t4096,4096,hash,6d6f05e42e59ccb9,"The
</document.",False,False,False,False,3.3402786254882812,-6.8379669189453125,316,4232
KV_STRIDE_COMPACT,16.0,stride,compact,A-s11-d0-t4096,4096,path,/var/opt/mirren/spool/kx73.log,"The
</document.",False,False,False,False,-0.062381744384765625,-12.82633113861084,316,4232
KV_STRIDE_COMPACT,16.0,stride,compact,A-s11-d0-t4096,4096,url,https://depot.example.net/rel/4062,The,False,False,False,False,-0.36493492126464844,-8.709471702575684,316,4232
KV_STRIDE_COMPACT,16.0,stride,compact,A-s11-d0-t4096,4096,proper_noun,Tobias Vantol,<|,False,False,False,False,4.653327941894531,-10.299467086791992,316,4232
KV_STRIDE_COMPACT,16.0,stride,compact,A-s11-d0-t4096,4096,composition,Longmere,The,False,False,False,False,-9.275503158569336,-15.822032928466797,316,4232
BUDGET,2.0,raw_uniform_chunks,native,A-s11-d0-t4096,4096,semantic,crimson,Answer: blue,False,False,False,True,-5.489688873291016,-10.635428428649902,2205,4232
BUDGET,2.0,raw_uniform_chunks,native,A-s11-d0-t4096,4096,identifier,MB-3138-XD,None.,False,False,False,False,-0.042728424072265625,-6.413003921508789,2209,4232
BUDGET,2.0,raw_uniform_chunks,native,A-s11-d0-t4096,4096,number,"11,583","11,583",True,True,True,False,8.600239276886668,-4.7683647608209867e-07,2211,4232
BUDGET,2.0,raw_uniform_chunks,native,A-s11-d0-t4096,4096,date,2031-04-12,The thermal audit for Ordell-4035 closed on 2030-01-16.,False,False,False,True,-4.0183135867118835,-4.755879878997803,2209,4232
BUDGET,2.0,raw_uniform_chunks,native,A-s11-d0-t4096,4096,hash,6d6f05e42e59ccb9,6d6f05e42e59ccb9,True,True,True,False,9.776468276977539,0.0,2207,4232
BUDGET,2.0,raw_uniform_chunks,native,A-s11-d0-t4096,4096,path,/var/opt/mirren/spool/kx73.log,Diagnostics for Calder-4074 are written to /var/opt/mirren/spool/kx52.log.,False,False,False,True,-2.4169352054595947,-2.8159570693969727,2207,4232
BUDGET,2.0,raw_uniform_chunks,native,A-s11-d0-t4096,4096,url,https://depot.example.net/rel/4062,https://depot.example.net/rel/4062,True,True,True,False,6.628267645835976,-1.1920919007479824e-07,2208,4232
BUDGET,2.0,raw_uniform_chunks,native,A-s11-d0-t4096,4096,proper_noun,Tobias Vantol,Halvard Nieminen,False,False,False,True,-7.756350541116262,-7.756351470947266,2209,4232
BUDGET,2.0,raw_uniform_chunks,native,A-s11-d0-t4096,4096,composition,Longmere,Ravensgate,False,False,False,True,-17.718567646239535,-17.71875,2218,4232
BUDGET,4.0,raw_uniform_chunks,native,A-s11-d0-t4096,4096,semantic,crimson,None,False,False,False,False,-1.9554023742675781,-12.357351303100586,1156,4232
BUDGET,4.0,raw_uniform_chunks,native,A-s11-d0-t4096,4096,identifier,MB-3138-XD,None,False,False,False,False,-0.24223041534423828,-6.2253098487854,1160,4232
BUDGET,4.0,raw_uniform_chunks,native,A-s11-d0-t4096,4096,number,"11,583",0,False,False,False,False,-0.1853189468383789,-4.77355432510376,1162,4232
BUDGET,4.0,raw_uniform_chunks,native,A-s11-d0-t4096,4096,date,2031-04-12,No exact date is provided in the document for the electrical audit for Ordell-4034.,False,False,False,False,0.14579534530639648,-2.798482894897461,1160,4232
BUDGET,4.0,raw_uniform_chunks,native,A-s11-d0-t4096,4096,hash,6d6f05e42e59ccb9,Answer: Not applicable.,False,False,False,False,2.881169319152832,-4.516476154327393,1158,4232
BUDGET,4.0,raw_uniform_chunks,native,A-s11-d0-t4096,4096,path,/var/opt/mirren/spool/kx73.log,None,False,False,False,False,0.33346986770629883,-6.369567394256592,1158,4232
BUDGET,4.0,raw_uniform_chunks,native,A-s11-d0-t4096,4096,url,https://depot.example.net/rel/4062,None.,False,False,False,False,1.1051020622253418,-5.440536975860596,1159,4232
BUDGET,4.0,raw_uniform_chunks,native,A-s11-d0-t4096,4096,proper_noun,Tobias Vantol,Answer: Casimir Vantol,False,False,False,False,7.749289155006409,-1.7244294881820679,1160,4232
BUDGET,4.0,raw_uniform_chunks,native,A-s11-d0-t4096,4096,composition,Longmere,Ravensgate,False,False,False,True,-16.12483706389321,-16.125,1169,4232
BUDGET,8.0,raw_uniform_chunks,native,A-s11-d0-t4096,4096,semantic,crimson,None,False,False,False,False,2.361800193786621,-13.674323081970215,625,4232
BUDGET,8.0,raw_uniform_chunks,native,A-s11-d0-t4096,4096,identifier,MB-3138-XD,None,False,False,False,False,-0.31026744842529297,-6.2595109939575195,629,4232
BUDGET,8.0,raw_uniform_chunks,native,A-s11-d0-t4096,4096,number,"11,583",0,False,False,False,False,0.1503748893737793,-4.499584674835205,631,4232
BUDGET,8.0,raw_uniform_chunks,native,A-s11-d0-t4096,4096,date,2031-04-12,None,False,False,False,False,0.19690585136413574,-2.7845234870910645,629,4232
BUDGET,8.0,raw_uniform_chunks,native,A-s11-d0-t4096,4096,hash,6d6f05e42e59ccb9,Answer: Not applicable.,False,False,False,False,2.83438777923584,-4.4587626457214355,627,4232
BUDGET,8.0,raw_uniform_chunks,native,A-s11-d0-t4096,4096,path,/var/opt/mirren/spool/kx73.log,Answer: /calder/4073/diagnostics,False,False,False,False,0.38536548614501953,-6.424992084503174,627,4232
BUDGET,8.0,raw_uniform_chunks,native,A-s11-d0-t4096,4096,url,https://depot.example.net/rel/4062,None.,False,False,False,False,1.1909480094909668,-5.456809997558594,628,4232
BUDGET,8.0,raw_uniform_chunks,native,A-s11-d0-t4096,4096,proper_noun,Tobias Vantol,None.,False,False,False,False,7.951243877410889,-1.6446776390075684,629,4232
BUDGET,8.0,raw_uniform_chunks,native,A-s11-d0-t4096,4096,composition,Longmere,None,False,False,False,False,-3.0420382022857666,-5.085088729858398,638,4232
BUDGET,16.0,raw_uniform_chunks,native,A-s11-d0-t4096,4096,semantic,crimson,None,False,False,False,False,5.639009475708008,-12.951520919799805,361,4232
BUDGET,16.0,raw_uniform_chunks,native,A-s11-d0-t4096,4096,identifier,MB-3138-XD,None,False,False,False,False,-0.2184886932373047,-6.558104991912842,365,4232
BUDGET,16.0,raw_uniform_chunks,native,A-s11-d0-t4096,4096,number,"11,583",0,False,False,False,False,-0.034595489501953125,-5.404061794281006,367,4232
BUDGET,16.0,raw_uniform_chunks,native,A-s11-d0-t4096,4096,date,2031-04-12,The document does not mention the date when the electrical audit for Ordell-4034 closed.,False,False,False,False,0.2085583209991455,-2.967402696609497,365,4232
BUDGET,16.0,raw_uniform_chunks,native,A-s11-d0-t4096,4096,hash,6d6f05e42e59ccb9,Answer: Not applicable.,False,False,False,False,2.8074698448181152,-4.536946773529053,363,4232
BUDGET,16.0,raw_uniform_chunks,native,A-s11-d0-t4096,4096,path,/var/opt/mirren/spool/kx73.log,Answer: /data/calder-4073/diagnostics,False,False,False,False,0.3401799201965332,-6.250314235687256,363,4232
BUDGET,16.0,raw_uniform_chunks,native,A-s11-d0-t4096,4096,url,https://depot.example.net/rel/4062,None,False,False,False,False,1.0782318115234375,-5.772655010223389,364,4232
BUDGET,16.0,raw_uniform_chunks,native,A-s11-d0-t4096,4096,proper_noun,Tobias Vantol,None.,False,False,False,False,-2.4952807426452637,-10.332490921020508,365,4232
BUDGET,16.0,raw_uniform_chunks,native,A-s11-d0-t4096,4096,composition,Longmere,None,False,False,False,False,-3.8665037155151367,-5.85827112197876,374,4232
SHUFFLE_TEXT,1.0,raw_shuffled,native,A-s11-d0-t4096,4096,semantic,crimson,crimson,True,True,True,False,22.75009358800162,-9.333216439699754e-05,4325,4232
SHUFFLE_TEXT,1.0,raw_shuffled,native,A-s11-d0-t4096,4096,identifier,MB-3138-XD,MB-3138-XD,True,True,True,False,3.7812499552965235,-4.470347647611561e-08,4329,4232
SHUFFLE_TEXT,1.0,raw_shuffled,native,A-s11-d0-t4096,4096,number,"11,583","11,583",True,True,True,False,5.270833492279053,0.0,4331,4232
SHUFFLE_TEXT,1.0,raw_shuffled,native,A-s11-d0-t4096,4096,date,2031-04-12,2031-04-12,True,True,True,False,2.6511871814727783,0.0,4329,4232
SHUFFLE_TEXT,1.0,raw_shuffled,native,A-s11-d0-t4096,4096,hash,6d6f05e42e59ccb9,6d6f05e42e59ccb9,True,True,True,False,4.956250190734863,0.0,4327,4232
SHUFFLE_TEXT,1.0,raw_shuffled,native,A-s11-d0-t4096,4096,path,/var/opt/mirren/spool/kx73.log,/var/opt/mirren/spool/kx73.log,True,True,True,False,2.7291666965656987,-4.1026896724360995e-06,4327,4232
SHUFFLE_TEXT,1.0,raw_shuffled,native,A-s11-d0-t4096,4096,url,https://depot.example.net/rel/4062,https://depot.example.net/rel/4062,True,True,True,False,3.214907728708866,-1.5588891244533443e-07,4328,4232
SHUFFLE_TEXT,1.0,raw_shuffled,native,A-s11-d0-t4096,4096,proper_noun,Tobias Vantol,Tobias Vantol,True,True,True,False,7.479193071524335,-1.3907747131725046e-07,4329,4232
SHUFFLE_TEXT,1.0,raw_shuffled,native,A-s11-d0-t4096,4096,composition,Longmere,Ravensgate,False,False,False,True,-16.437437988577585,-16.4375,4338,4232
NATIVE_CACHED,1.0,none,original,A-s11-d1-t4096,4096,semantic,olive,olive,True,True,True,False,11.906250319443643,-0.0033823633566498756,4279,4227
NATIVE_CACHED,1.0,none,original,A-s11-d1-t4096,4096,identifier,QZ-1902-KP,QZ-1902-KP,True,True,True,False,3.53125,0.0,4279,4227
NATIVE_CACHED,1.0,none,original,A-s11-d1-t4096,4096,number,"49,297","49,297",True,True,True,False,6.004965305328369,0.0,4279,4227
NATIVE_CACHED,1.0,none,original,A-s11-d1-t4096,4096,date,2029-04-26,2029-04-26,True,True,True,False,2.4000163078308105,0.0,4279,4227
NATIVE_CACHED,1.0,none,original,A-s11-d1-t4096,4096,hash,068b48d601cdaf2a,068b48d601cdaf2a,True,True,True,False,2.6916849613189697,0.0,4279,4227
NATIVE_CACHED,1.0,none,original,A-s11-d1-t4096,4096,path,/srv/calder/spool/kx44.log,/srv/calder/spool/kx44.log,True,True,True,False,2.8863638422816393,-1.8098027112500858e-06,4279,4227
NATIVE_CACHED,1.0,none,original,A-s11-d1-t4096,4096,url,https://depot.example.net/rel/7096,https://depot.example.net/rel/7096,True,True,True,False,2.5887029354392013,-2.2007837685578124e-07,4279,4227
NATIVE_CACHED,1.0,none,original,A-s11-d1-t4096,4096,proper_noun,Rowena Delacroix,Rowena Delacroix,True,True,True,False,16.34374618533866,-3.81466134058428e-06,4279,4227
NATIVE_CACHED,1.0,none,original,A-s11-d1-t4096,4096,composition,Ashcombe,Anselm Brannigan,False,False,False,False,5.520827293395996,-5.125018119812012,4279,4227
RANDOM,1.0,random_kv,original,A-s11-d1-t4096,4096,semantic,olive,None,False,False,False,False,0.8354401588439941,-7.221982479095459,4279,4227
RANDOM,1.0,random_kv,original,A-s11-d1-t4096,4096,identifier,QZ-1902-KP,Mirren-7453,False,False,False,False,1.0962820053100586,-5.537254810333252,4279,4227
RANDOM,1.0,random_kv,original,A-s11-d1-t4096,4096,number,"49,297",0,False,False,False,False,0.5587456226348877,-3.486201524734497,4279,4227
RANDOM,1.0,random_kv,original,A-s11-d1-t4096,4096,date,2029-04-26,"The document does not mention a specific date related to an ""electrical audit for Ordell-7490."" Therefore, the answer is not present in the provided text.",False,False,False,False,0.34433555603027344,-2.6166746616363525,4279,4227
RANDOM,1.0,random_kv,original,A-s11-d1-t4096,4096,hash,068b48d601cdaf2a,"The document does not provide a manifest digest for ""Mirren-759."" The answer cannot be determined from the given text.",False,False,False,False,-0.9716413021087646,-4.763277530670166,4279,4227
RANDOM,1.0,random_kv,original,A-s11-d1-t4096,4096,path,/srv/calder/spool/kx44.log,"</think>
</think>",False,False,False,False,0.03878211975097656,-7.4204864501953125,4279,4227
RANDOM,1.0,random_kv,original,A-s11-d1-t4096,4096,url,https://depot.example.net/rel/7096,</think>,False,False,False,False,0.667813777923584,-6.0357513427734375,4279,4227
RANDOM,1.0,random_kv,original,A-s11-d1-t4096,4096,proper_noun,Rowena Delacroix,"The answer is: The document does not provide information about someone signing off on the ""Calder-7575 handover."" However, if the question is referring to a specific person mentioned in the document, the answer is: """,False,False,False,False,4.062339782714844,-8.364115715026855,4279,4227
RANDOM,1.0,random_kv,original,A-s11-d1-t4096,4096,composition,Ashcombe,CEDAR-7588,False,False,False,False,0.8750400543212891,-16.489723205566406,4279,4227
SHUFFLE_KV_ORDER,1.0,shuffle_blocks,original,A-s11-d1-t4096,4096,semantic,olive,olive,True,True,True,False,12.03124991664663,-0.004170501139014959,4279,4227
SHUFFLE_KV_ORDER,1.0,shuffle_blocks,original,A-s11-d1-t4096,4096,identifier,QZ-1902-KP,QZ-1902-KP,True,True,True,False,3.515625,0.0,4279,4227
SHUFFLE_KV_ORDER,1.0,shuffle_blocks,original,A-s11-d1-t4096,4096,number,"49,297","49,297",True,True,True,False,5.963230133056641,0.0,4279,4227
SHUFFLE_KV_ORDER,1.0,shuffle_blocks,original,A-s11-d1-t4096,4096,date,2029-04-26,2029-04-26,True,True,True,False,2.400017261505127,0.0,4279,4227
SHUFFLE_KV_ORDER,1.0,shuffle_blocks,original,A-s11-d1-t4096,4096,hash,068b48d601cdaf2a,068b48d601cdaf2a,True,True,True,False,2.6583516597747803,0.0,4279,4227
SHUFFLE_KV_ORDER,1.0,shuffle_blocks,original,A-s11-d1-t4096,4096,path,/srv/calder/spool/kx44.log,/srv/calder/spool/kx44.log,True,True,True,False,2.8636364069991487,-1.9940323454648023e-06,4279,4227
SHUFFLE_KV_ORDER,1.0,shuffle_blocks,original,A-s11-d1-t4096,4096,url,https://depot.example.net/rel/7096,https://depot.example.net/rel/7096,True,True,True,False,2.5844931694180673,-2.2924831455384265e-07,4279,4227
SHUFFLE_KV_ORDER,1.0,shuffle_blocks,original,A-s11-d1-t4096,4096,proper_noun,Rowena Delacroix,Rowena Delacroix,True,True,True,False,16.07812118533866,-3.81466134058428e-06,4279,4227
SHUFFLE_KV_ORDER,1.0,shuffle_blocks,original,A-s11-d1-t4096,4096,composition,Ashcombe,Anselm Brannigan,False,False,False,False,5.562492847442627,-5.12501859664917,4279,4227
KV_STRIDE,2.0,stride,original,A-s11-d1-t4096,4096,semantic,olive,None,False,False,False,False,-5.717404365539551,-20.39449691772461,2166,4227
KV_STRIDE,2.0,stride,original,A-s11-d1-t4096,4096,identifier,QZ-1902-KP,"Q3





Q3",False,False,False,False,2.0817294120788574,-7.22511625289917,2166,4227
KV_STRIDE,2.0,stride,original,A-s11-d1-t4096,4096,number,"49,297","4



499500",False,False,False,False,2.575871706008911,-3.7640960216522217,2166,4227
KV_STRIDE,2.0,stride,original,A-s11-d1-t4096,4096,date,2029-04-26,The electrical audit for Ordell backplane for the Mirra for the Mirren-7221120120120122011201010122010,False,False,False,False,-2.3734841346740723,-7.295162200927734,2166,4227
KV_STRIDE,2.0,stride,original,A-s11-d1-t4096,4096,hash,068b48d601cdaf2a,Answer,False,False,False,False,-2.5715713500976562,-9.993575096130371,2166,4227
KV_STRIDE,2.0,stride,original,A-s11-d1-t4096,4096,path,/srv/calder/spool/kx44.log,/,False,False,False,False,-0.0727081298828125,-14.12173843383789,2166,4227
KV_STRIDE,2.0,stride,original,A-s11-d1-t4096,4096,url,https://depot.example.net/rel/7096,https://relay.example,False,False,False,False,-2.5695416927337646,-6.143426895141602,2166,4227
KV_STRIDE,2.0,stride,original,A-s11-d1-t4096,4096,proper_noun,Rowena Delacroix,Row,False,False,False,False,1.3637237548828125,-10.324223518371582,2166,4227
KV_STRIDE,2.0,stride,original,A-s11-d1-t4096,4096,composition,Ashcombe,Ashcombe,True,True,True,False,17.517727019658196,-4.946959961671382e-05,2166,4227
KV_SINK,2.0,sink,original,A-s11-d1-t4096,4096,semantic,olive,"ol


ol",False,False,False,False,15.479201316833496,-6.9151201248168945,2164,4227
KV_SINK,2.0,sink,original,A-s11-d1-t4096,4096,identifier,QZ-1902-KP,RTS,False,False,False,False,-3.0965118408203125,-8.693068504333496,2164,4227
KV_SINK,2.0,sink,original,A-s11-d1-t4096,4096,number,"49,297","4

42,747",False,False,False,False,3.4762864112854004,-4.050387859344482,2164,4227
KV_SINK,2.0,sink,original,A-s11-d1-t4096,4096,date,2029-04-26,The electrical audit for the Harlow was completed on 203-03.,False,False,False,False,-0.42006826400756836,-7.7511162757873535,2164,4227
KV_SINK,2.0,sink,original,A-s11-d1-t4096,4096,hash,068b48d601cdaf2a,0,False,False,False,False,-1.1851692199707031,-9.513115882873535,2164,4227
KV_SINK,2.0,sink,original,A-s11-d1-t4096,4096,path,/srv/calder/spool/kx44.log,/di,False,False,False,False,0.1419696807861328,-12.577508926391602,2164,4227
KV_SINK,2.0,sink,original,A-s11-d1-t4096,4096,url,https://depot.example.net/rel/7096,Answer,False,False,False,False,0.28046321868896484,-4.279390335083008,2164,4227
KV_SINK,2.0,sink,original,A-s11-d1-t4096,4096,proper_noun,Rowena Delacroix,Row,False,False,False,False,3.361949920654297,-13.546560287475586,2164,4227
KV_SINK,2.0,sink,original,A-s11-d1-t4096,4096,composition,Ashcombe,Ashcombe,True,True,True,False,12.344233426265419,-0.005546656437218189,2164,4227
KV_STRIDE_COMPACT,2.0,stride,compact,A-s11-d1-t4096,4096,semantic,olive,<document,False,False,False,False,0.2162332534790039,-13.949911117553711,2166,4227
KV_STRIDE_COMPACT,2.0,stride,compact,A-s11-d1-t4096,4096,identifier,QZ-1902-KP,The document is the exact replacement for Mirren-743. The document is the exact replacement for Mirren-7. The document is the exact replacement for Mir-75. The document is the exact replacement for Mirren-,False,False,False,False,-1.1673283576965332,-6.350601673126221,2166,4227
KV_STRIDE_COMPACT,2.0,stride,compact,A-s11-d1-t4096,4096,number,"49,297",<document,False,False,False,False,-0.4220702648162842,-4.011577129364014,2166,4227
KV_STRIDE_COMPACT,2.0,stride,compact,A-s11-d1-t4096,4096,date,2029-04-26,The date,False,False,False,False,-0.11342763900756836,-3.640439510345459,2166,4227
KV_STRIDE_COMPACT,2.0,stride,compact,A-s11-d1-t4096,4096,hash,068b48d601cdaf2a,<document. The document. The document. The document. The document. The document. The document. The document. The document. The document. The document. The document. The document. The document. The document. The document.,False,False,False,False,-0.4592270851135254,-6.280364513397217,2166,4227
KV_STRIDE_COMPACT,2.0,stride,compact,A-s11-d1-t4096,4096,path,/srv/calder/spool/kx44.log,The document. The document. The document. The document. The document. The document. The document. The document. The document. The document. The document. The document. The document. The document. The document. The document.,False,False,False,False,0.07663154602050781,-10.889363288879395,2166,4227
KV_STRIDE_COMPACT,2.0,stride,compact,A-s11-d1-t4096,4096,url,https://depot.example.net/rel/7096,The,False,False,False,False,0.10770511627197266,-7.145939826965332,2166,4227
KV_STRIDE_COMPACT,2.0,stride,compact,A-s11-d1-t4096,4096,proper_noun,Rowena Delacroix,The,False,False,False,False,1.4852657318115234,-10.098869323730469,2166,4227
KV_STRIDE_COMPACT,2.0,stride,compact,A-s11-d1-t4096,4096,composition,Ashcombe,The,False,False,False,False,-2.0819950103759766,-11.274496078491211,2166,4227
KV_STRIDE,4.0,stride,original,A-s11-d1-t4096,4096,semantic,olive,Answer: black,False,False,False,False,3.893648147583008,-17.410781860351562,1109,4227
KV_STRIDE,4.0,stride,original,A-s11-d1-t4096,4096,identifier,QZ-1902-KP,"Q3







































The",False,False,False,False,2.3237671852111816,-6.807980060577393,1109,4227
KV_STRIDE,4.0,stride,original,A-s11-d1-t4096,4096,number,"49,297","1






































The Q3",False,False,False,False,-0.41039228439331055,-5.820344924926758,1109,4227
KV_STRIDE,4.0,stride,original,A-s11-d1-t4096,4096,date,2029-04-26,The electrical checklist for the Ordell backplane for the Ordell back for the Ordell back for the electrical checklist for the Ordell back for the electrical checklist for the electrical on the Ordell back for the electrical checklist for the electrical for,False,False,False,False,0.471285343170166,-7.595991611480713,1109,4227
KV_STRIDE,4.0,stride,original,A-s11-d1-t4096,4096,hash,068b48d601cdaf2a,"Answer: 0121




































The",False,False,False,False,-2.1801280975341797,-12.01997184753418,1109,4227
KV_STRIDE,4.0,stride,original,A-s11-d1-t4096,4096,path,/srv/calder/spool/kx44.log,"/drain








































###",False,False,False,False,0.13289260864257812,-13.677504539489746,1109,4227
KV_STRIDE,4.0,stride,original,A-s11-d1-t4096,4096,url,https://depot.example.net/rel/7096,"https://relay







































https://",False,False,False,False,-4.101840019226074,-8.778552055358887,1109,4227
KV_STRIDE,4.0,stride,original,A-s11-d1-t4096,4096,proper_noun,Rowena Delacroix,"Row









































The",False,False,False,False,3.083003044128418,-12.646684646606445,1109,4227
KV_STRIDE,4.0,stride,original,A-s11-d1-t4096,4096,composition,Ashcombe,"None






























The",False,False,False,False,12.746190309524536,-2.1791722774505615,1109,4227
KV_SINK,4.0,sink,original,A-s11-d1-t4096,4096,semantic,olive,None,False,False,False,False,0.3607940673828125,-19.533729553222656,1108,4227
KV_SINK,4.0,sink,original,A-s11-d1-t4096,4096,identifier,QZ-1902-KP,The replacement assembly for Mirren for Mirren-7453 is the Mirren for Mirren for Mirren at Mirren for Mirren for Mir ren for Mirren for Mir ren for Mir ren for Mirren for Mir ren,False,False,False,False,1.5403404235839844,-7.941391944885254,1108,4227
KV_SINK,4.0,sink,original,A-s11-d1-t4096,4096,number,"49,297",4,False,False,False,False,1.4575958251953125,-5.219846725463867,1108,4227
KV_SINK,4.0,sink,original,A-s11-d1-t4096,4096,date,2029-04-26,April 201,False,False,False,False,-1.2264795303344727,-8.324737548828125,1108,4227
KV_SINK,4.0,sink,original,A-s11-d1-t4096,4096,hash,068b48d601cdaf2a,d,False,False,False,False,-4.047937393188477,-11.040173530578613,1108,4227
KV_SINK,4.0,sink,original,A-s11-d1-t4096,4096,path,/srv/calder/spool/kx44.log,/s,False,False,False,False,0.4561014175415039,-14.260747909545898,1108,4227
KV_SINK,4.0,sink,original,A-s11-d1-t4096,4096,url,https://depot.example.net/rel/7096,https for Mirren-7599999999999999123123123123123123123123123,False,False,False,False,2.221996307373047,-6.702298164367676,1108,4227
KV_SINK,4.0,sink,original,A-s11-d1-t4096,4096,proper_noun,Rowena Delacroix,Row,False,False,False,False,6.2835845947265625,-11.920570373535156,1108,4227
KV_SINK,4.0,sink,original,A-s11-d1-t4096,4096,composition,Ashcombe,Anselved at the site for the Mirrenn the site at the site at the site for the site at the site for the site at the site for the site at the site for the site at the site for the site at the,False,False,False,False,0.6839594841003418,-5.507410049438477,1108,4227
KV_STRIDE_COMPACT,4.0,stride,compact,A-s11-d1-t4096,4096,semantic,olive,The,False,False,False,False,-2.380603790283203,-19.984163284301758,1109,4227
KV_STRIDE_COMPACT,4.0,stride,compact,A-s11-d1-t4096,4096,identifier,QZ-1902-KP,The,False,False,False,False,-0.44584035873413086,-6.523837566375732,1109,4227
KV_STRIDE_COMPACT,4.0,stride,compact,A-s11-d1-t4096,4096,number,"49,297",The,False,False,False,False,-0.4049654006958008,-5.41778039932251,1109,4227
KV_STRIDE_COMPACT,4.0,stride,compact,A-s11-d1-t4096,4096,date,2029-04-26,The,False,False,False,False,0.06598687171936035,-3.7990689277648926,1109,4227
KV_STRIDE_COMPACT,4.0,stride,compact,A-s11-d1-t4096,4096,hash,068b48d601cdaf2a,The,False,False,False,False,-0.8424415588378906,-7.330959796905518,1109,4227
KV_STRIDE_COMPACT,4.0,stride,compact,A-s11-d1-t4096,4096,path,/srv/calder/spool/kx44.log,The,False,False,False,False,0.10933589935302734,-11.592389106750488,1109,4227
KV_STRIDE_COMPACT,4.0,stride,compact,A-s11-d1-t4096,4096,url,https://depot.example.net/rel/7096,The,False,False,False,False,-0.6146316528320312,-8.80820083618164,1109,4227
KV_STRIDE_COMPACT,4.0,stride,compact,A-s11-d1-t4096,4096,proper_noun,Rowena Delacroix,The,False,False,False,False,-2.389261245727539,-14.764547348022461,1109,4227
KV_STRIDE_COMPACT,4.0,stride,compact,A-s11-d1-t4096,4096,composition,Ashcombe,The,False,False,False,False,-0.8226947784423828,-13.545145034790039,1109,4227
KV_STRIDE,8.0,stride,original,A-s11-d1-t4096,4096,semantic,olive,Answer: The color.,False,False,False,False,-5.204023361206055,-25.378341674804688,580,4227
KV_STRIDE,8.0,stride,original,A-s11-d1-t4096,4096,identifier,QZ-1902-KP,"Mir
</think>
</think>
</think>
</think>
</think>
</think>
The",False,False,False,False,-1.3098993301391602,-14.556086540222168,580,4227
KV_STRIDE,8.0,stride,original,A-s11-d1-t4096,4096,number,"49,297","9
</think>
</think>
</think>
The Q3
Answer
Answer
The
Answer: 112
Answer: 12
Answer: 127
Answer: 12
Answer: 1",False,False,False,False,1.3219852447509766,-8.963942527770996,580,4227
KV_STRIDE,8.0,stride,original,A-s11-d1-t4096,4096,date,2029-04-26,"April 201274
Answer: 217494977074907490777747490749007490",False,False,False,False,1.8128504753112793,-4.564826488494873,580,4227
KV_STRIDE,8.0,stride,original,A-s11-d1-t4096,4096,hash,068b48d601cdaf2a,None,False,False,False,False,-0.9382748603820801,-5.956001281738281,580,4227
KV_STRIDE,8.0,stride,original,A-s11-d1-t4096,4096,path,/srv/calder/spool/kx44.log,"/usr
</think>
Answer: /var
</think>
Answer
Answer
</think>
Answer
</think>
Answer
Answer










Answer








Answer",False,False,False,False,-0.028812408447265625,-17.751707077026367,580,4227
KV_STRIDE,8.0,stride,original,A-s11-d1-t4096,4096,url,https://depot.example.net/rel/7096,"https
</think>
</think>
</think>
</think>
</think>
</think>",False,False,False,False,-0.24809837341308594,-11.301552772521973,580,4227
KV_STRIDE,8.0,stride,original,A-s11-d1-t4096,4096,proper_noun,Rowena Delacroix,"Row
</think>
</think>
</think>
</think>
</think>
</think>",False,False,False,False,1.0601882934570312,-22.44997215270996,580,4227
KV_STRIDE,8.0,stride,original,A-s11-d1-t4096,4096,composition,Ashcombe,"CED
Answer: CED
Answer: CED
Answer: CED
Answer: CED
Answer: CED
Answer: CED
Answer: CED
Answer: CED
Answer: CED
Answer",False,False,False,False,-0.16645145416259766,-11.931722640991211,580,4227
KV_SINK,8.0,sink,original,A-s11-d1-t4096,4096,semantic,olive,"Answer: The
</think>
Answer: The bicycle
Answer: The bicycle
Answer: The bicycle
Answer: The bicycle
Answer: The bicycle
Answer: The bicycle
Answer: The bicycle
Answer: The bicycle
Answer:",False,False,False,False,0.9871463775634766,-17.43231201171875,579,4227
KV_SINK,8.0,sink,original,A-s11-d1-t4096,4096,identifier,QZ-1902-KP,"Mir
</think>
</think>
</think>
</think>
</think>
</think>",False,False,False,False,-3.850043296813965,-13.75542163848877,579,4227
KV_SINK,8.0,sink,original,A-s11-d1-t4096,4096,number,"49,297","9
</think>
997
Answer: 97
98
Answer: 978
97
Answer: 977
Answer: 97
Answer: 97
Answer:",False,False,False,False,3.0373611450195312,-6.546974182128906,579,4227
KV_SINK,8.0,sink,original,A-s11-d1-t4096,4096,date,2029-04-26,March,False,False,False,False,0.2779231071472168,-5.631853103637695,579,4227
KV_SINK,8.0,sink,original,A-s11-d1-t4096,4096,hash,068b48d601cdaf2a,0,False,False,False,False,-2.0844473838806152,-7.2977776527404785,579,4227
KV_SINK,8.0,sink,original,A-s11-d1-t4096,4096,path,/srv/calder/spool/kx44.log,"/sensor
<document
</think>
</think>
</think>
</think>
<document",False,False,False,False,0.14406204223632812,-17.339872360229492,579,4227
KV_SINK,8.0,sink,original,A-s11-d1-t4096,4096,url,https://depot.example.net/rel/7096,https://,False,False,False,False,-2.040616989135742,-12.159725189208984,579,4227
KV_SINK,8.0,sink,original,A-s11-d1-t4096,4096,proper_noun,Rowena Delacroix,Row,False,False,False,False,2.6500625610351562,-21.899564743041992,579,4227
KV_SINK,8.0,sink,original,A-s11-d1-t4096,4096,composition,Ashcombe,"CED
</think>
</think>

Answer: The facility
CED
.
CED
 and
CED
Answer: The facility
Answer: The facility
Answer: The facility
Answer: The facility
Answer: The facility
CED",False,False,False,False,10.5210599899292,-7.824881553649902,579,4227
KV_STRIDE_COMPACT,8.0,stride,compact,A-s11-d1-t4096,4096,semantic,olive,"The




The",False,False,False,False,2.1188812255859375,-16.762271881103516,580,4227
KV_STRIDE_COMPACT,8.0,stride,compact,A-s11-d1-t4096,4096,identifier,QZ-1902-KP,The,False,False,False,False,-0.27199554443359375,-7.150641441345215,580,4227
KV_STRIDE_COMPACT,8.0,stride,compact,A-s11-d1-t4096,4096,number,"49,297",The,False,False,False,False,0.7123222351074219,-4.746353626251221,580,4227
KV_STRIDE_COMPACT,8.0,stride,compact,A-s11-d1-t4096,4096,date,2029-04-26,The,False,False,False,False,0.12016534805297852,-4.146303653717041,580,4227
KV_STRIDE_COMPACT,8.0,stride,compact,A-s11-d1-t4096,4096,hash,068b48d601cdaf2a,The,False,False,False,False,-1.659989833831787,-8.663607597351074,580,4227
KV_STRIDE_COMPACT,8.0,stride,compact,A-s11-d1-t4096,4096,path,/srv/calder/spool/kx44.log,The,False,False,False,False,0.1095895767211914,-14.087112426757812,580,4227
KV_STRIDE_COMPACT,8.0,stride,compact,A-s11-d1-t4096,4096,url,https://depot.example.net/rel/7096,The,False,False,False,False,-0.6869068145751953,-10.236687660217285,580,4227
KV_STRIDE_COMPACT,8.0,stride,compact,A-s11-d1-t4096,4096,proper_noun,Rowena Delacroix,The,False,False,False,False,-1.319413185119629,-16.605844497680664,580,4227
KV_STRIDE_COMPACT,8.0,stride,compact,A-s11-d1-t4096,4096,composition,Ashcombe,The,False,False,False,False,0.4310731887817383,-13.917112350463867,580,4227
KV_STRIDE,16.0,stride,original,A-s11-d1-t4096,4096,semantic,olive,"Answer with the document
Answer with the document
</think>
The
Answer
The
Answer: The
Answer: The
Answer: The
Answer: The
Answer: The
Answer: The
Answer: The
Answer:",False,False,False,False,-3.2410335540771484,-24.493715286254883,316,4227
KV_STRIDE,16.0,stride,original,A-s11-d1-t4096,4096,identifier,QZ-1902-KP,"Mir
</think>
</think>
You answer
</think>
You answer
The exact answer is the exact answer is the exact answer. The exact answer is the exact answer. The exact answer is the exact answer. The exact answer is the exact",False,False,False,False,-2.127230644226074,-11.080854415893555,316,4227
KV_STRIDE,16.0,stride,original,A-s11-d1-t4096,4096,number,"49,297","1
1296
</think>

1297
1297
1297
1297
1297
1297
1297
1297",False,False,False,False,2.33443021774292,-3.738619804382324,316,4227
KV_STRIDE,16.0,stride,original,A-s11-d1-t4096,4096,date,2029-04-26,"April 2029
</think>

The electrical system is the date the 2029
Answer with only the electrical system is a date 2029


Answer: 20


Answer",False,False,False,False,0.18849658966064453,-6.4558563232421875,316,4227
KV_STRIDE,16.0,stride,original,A-s11-d1-t4096,4096,hash,068b48d601cdaf2a,"e1
</think>
</think>
You
</think>
You answer with only the exact answer: the exact answer: the exact answer: the exact answer: the exact answer: the exact answer: the exact answer: the exact answer: the",False,False,False,False,-0.5318655967712402,-7.704304218292236,316,4227
KV_STRIDE,16.0,stride,original,A-s11-d1-t4096,4096,path,/srv/calder/spool/kx44.log,"/7
</think>
</think>
You
You
Answer
the
The
Answer: /var
Answer: /var
Answer: /var
Answer: /var
Answer: /var
Answer: /var
Answer",False,False,False,False,0.9324550628662109,-15.399209976196289,316,4227
KV_STRIDE,16.0,stride,original,A-s11-d1-t4096,4096,url,https://depot.example.net/rel/7096,"https
</think>
</think>
You
</think>

The mirror
the
You
The mirror is a
The mirror is a
The mirror is a
The mirror is a
The mirror is a
The mirror is a
The",False,False,False,False,-1.62933349609375,-13.231403350830078,316,4227
KV_STRIDE,16.0,stride,original,A-s11-d1-t4096,4096,proper_noun,Rowena Delacroix,"Row
</think>
</think>
You
</think>

The
### Reconciliation
The
The
### Reconciliation
The
### Reconciliation
The
### Reconciliation
The
### Reconciliation
The
### Reconciliation",False,False,False,False,3.6229381561279297,-22.344594955444336,316,4227
KV_STRIDE,16.0,stride,original,A-s11-d1-t4096,4096,composition,Ashcombe,"Ridge
CED
</think>
</think>
</think>
Answer with only the exact answer value
Answer:
Answer: The
Answer: The
Answer: The
Answer: The
Answer: The
Answer: The
Answer: The",False,False,False,False,3.4205684661865234,-14.723636627197266,316,4227
KV_SINK,16.0,sink,original,A-s11-d1-t4096,4096,semantic,olive,"Answer
</think>
</think>
</think>
Answer
The answer
The answer
The answer
The answer
The answer
The answer
The answer
The answer
The answer
The answer
The answer
The answer
The answer",False,False,False,False,0.7812156677246094,-22.28106689453125,315,4227
KV_SINK,16.0,sink,original,A-s11-d1-t4096,4096,identifier,QZ-1902-KP,"Mir
</think>
</think>
The exact
The manifest
The
The
The
The
The
The
The
The
The
The
The
The
The
The
The
The
The
The",False,False,False,False,1.0891942977905273,-9.452997207641602,315,4227
KV_SINK,16.0,sink,original,A-s11-d1-t4096,4096,number,"49,297","1
</think>
1297
</think>
1297
1297
1297
1297
1297
1297
1297
12",False,False,False,False,0.4791288375854492,-5.622040271759033,315,4227
KV_SINK,16.0,sink,original,A-s11-d1-t4096,4096,date,2029-04-26,"28
</think> 074. The electrical
Answer the electrical
The electrical
The electrical



The electrical",False,False,False,False,-0.14033794403076172,-6.172811985015869,315,4227
KV_SINK,16.0,sink,original,A-s11-d1-t4096,4096,hash,068b48d601cdaf2a,"0001
Answer:
The manifest
</think>
The manifest is a
Answer:
The manifest is a
The manifest is a
Answer:
The manifest is a
Answer:
The manifest is a
Answer:
The manifest is",False,False,False,False,-1.5021781921386719,-8.830864906311035,315,4227
KV_SINK,16.0,sink,original,A-s11-d1-t4096,4096,path,/srv/calder/spool/kx44.log,"/manifest
</think>
</think>
</think>

Answer: The manifest
</think>
Answer: The manifest
Answer: The manifest
Answer: The manifest
Answer: The manifest
Answer: The manifest
Answer: The manifest
Answer:",False,False,False,False,-0.0854177474975586,-14.293905258178711,315,4227
KV_SINK,16.0,sink,original,A-s11-d1-t4096,4096,url,https://depot.example.net/rel/7096,"http://www. The document is a brief summary
</think>
</think>
Answer: The document is a brief



The document is a brief



The document is a brief


The document is a brief",False,False,False,False,-1.119110107421875,-8.977457046508789,315,4227
KV_SINK,16.0,sink,original,A-s11-d1-t4096,4096,proper_noun,Rowena Delacroix,"Mir
Answer the document
Answer:
The document
Answer: The document
Answer: The document
Answer: The document
Answer: The document
Answer: The document
Answer: The document
Answer: The document
Answer:",False,False,False,False,-6.210010528564453,-21.962745666503906,315,4227
KV_SINK,16.0,sink,original,A-s11-d1-t4096,4096,composition,Ashcombe,"CED
Answer
Answer:
The person who maintains the facility
Answer: The person who maintains the facility
Answer: The person who maintains the facility
Answer: The person who maintains the facility
Answer: The person who maintains the facility",False,False,False,False,2.0649070739746094,-23.30972671508789,315,4227
KV_STRIDE_COMPACT,16.0,stride,compact,A-s11-d1-t4096,4096,semantic,olive,The,False,False,False,False,0.8463993072509766,-16.571062088012695,316,4227
KV_STRIDE_COMPACT,16.0,stride,compact,A-s11-d1-t4096,4096,identifier,QZ-1902-KP,The exact value (assembly) is the exact value (assembly) is the exact value (assembly,False,False,False,False,0.10699748992919922,-7.0765838623046875,316,4227
KV_STRIDE_COMPACT,16.0,stride,compact,A-s11-d1-t4096,4096,number,"49,297","Assistant
</think>",False,False,False,False,-0.4839608669281006,-4.366368770599365,316,4227
KV_STRIDE_COMPACT,16.0,stride,compact,A-s11-d1-t4096,4096,date,2029-04-26,"Assistant
</think>

Assistant
</think>",False,False,False,False,-0.49134111404418945,-4.581516265869141,316,4227
KV_STRIDE_COMPACT,16.0,stride,compact,A-s11-d1-t4096,4096,hash,068b48d601cdaf2a,The document is the exact answer for the document is the exact answer for the document is the exact answer for the document is the exact answer for the document is the exact answer for the document is the exact answer for the document is the exact answer,False,False,False,False,-0.9857187271118164,-6.601795196533203,316,4227
KV_STRIDE_COMPACT,16.0,stride,compact,A-s11-d1-t4096,4096,path,/srv/calder/spool/kx44.log,The,False,False,False,False,0.07886981964111328,-12.451384544372559,316,4227
KV_STRIDE_COMPACT,16.0,stride,compact,A-s11-d1-t4096,4096,url,https://depot.example.net/rel/7096,The,False,False,False,False,1.0739617347717285,-7.19909143447876,316,4227
KV_STRIDE_COMPACT,16.0,stride,compact,A-s11-d1-t4096,4096,proper_noun,Rowena Delacroix,The exact,False,False,False,False,-2.7959814071655273,-14.654187202453613,316,4227
KV_STRIDE_COMPACT,16.0,stride,compact,A-s11-d1-t4096,4096,composition,Ashcombe,The,False,False,False,False,0.6298418045043945,-10.30476188659668,316,4227
BUDGET,2.0,raw_uniform_chunks,native,A-s11-d1-t4096,4096,semantic,olive,olive,True,True,True,False,12.374999941210262,-0.0010920158820226789,2203,4227
BUDGET,2.0,raw_uniform_chunks,native,A-s11-d1-t4096,4096,identifier,QZ-1902-KP,QZ-1902-KP,True,True,True,False,9.057489395141602,0.0,2209,4227
BUDGET,2.0,raw_uniform_chunks,native,A-s11-d1-t4096,4096,number,"49,297","49,297",True,True,True,False,6.351433277130127,0.0,2211,4227
BUDGET,2.0,raw_uniform_chunks,native,A-s11-d1-t4096,4096,date,2029-04-26,Answer:,False,False,False,False,-0.11271023750305176,-3.3562443256378174,2209,4227
BUDGET,2.0,raw_uniform_chunks,native,A-s11-d1-t4096,4096,hash,068b48d601cdaf2a,068b48d601cdaf2a,True,True,True,False,2.8166704177856445,0.0,2207,4227
BUDGET,2.0,raw_uniform_chunks,native,A-s11-d1-t4096,4096,path,/srv/calder/spool/kx44.log,/srv/calder/spool/kx44.log,True,True,True,False,3.298556861409452,-0.0006627468974329531,2208,4227
BUDGET,2.0,raw_uniform_chunks,native,A-s11-d1-t4096,4096,url,https://depot.example.net/rel/7096,https://relay.example.org/rel/2827,False,False,False,True,-4.900299594504759,-4.900330543518066,2208,4227
BUDGET,2.0,raw_uniform_chunks,native,A-s11-d1-t4096,4096,proper_noun,Rowena Delacroix,Rowena Delacroix,True,True,True,False,19.40624082109389,-9.178906111628748e-06,2208,4227
BUDGET,2.0,raw_uniform_chunks,native,A-s11-d1-t4096,4096,composition,Ashcombe,Anselm Brannigan,False,False,False,False,6.791342735290527,-3.125967025756836,2219,4227
BUDGET,4.0,raw_uniform_chunks,native,A-s11-d1-t4096,4096,semantic,olive,None,False,False,False,False,-5.671939373016357,-12.24198055267334,1153,4227
BUDGET,4.0,raw_uniform_chunks,native,A-s11-d1-t4096,4096,identifier,QZ-1902-KP,QZ-1902-KP,True,True,True,False,8.962714195251465,0.0,1159,4227
BUDGET,4.0,raw_uniform_chunks,native,A-s11-d1-t4096,4096,number,"49,297","49,297",True,True,True,False,6.179826259613037,0.0,1161,4227
BUDGET,4.0,raw_uniform_chunks,native,A-s11-d1-t4096,4096,date,2029-04-26,No date is mentioned for the electrical audit for Ordell-7490 in the provided document.,False,False,False,False,-0.10614609718322754,-3.3871524333953857,1159,4227
BUDGET,4.0,raw_uniform_chunks,native,A-s11-d1-t4096,4096,hash,068b48d601cdaf2a,068b48d601cdaf2a,True,True,True,False,2.5500335693359375,0.0,1157,4227
BUDGET,4.0,raw_uniform_chunks,native,A-s11-d1-t4096,4096,path,/srv/calder/spool/kx44.log,https://relay.example.org/rel/2827,False,False,False,False,0.016945838928222656,-8.399460792541504,1158,4227
BUDGET,4.0,raw_uniform_chunks,native,A-s11-d1-t4096,4096,url,https://depot.example.net/rel/7096,https://relay.example.org/rel/2827,False,False,False,True,-4.73909898630518,-4.739157199859619,1158,4227
BUDGET,4.0,raw_uniform_chunks,native,A-s11-d1-t4096,4096,proper_noun,Rowena Delacroix,Rowena Delacroix,True,True,True,False,16.7031226396698,-2.360330199735472e-06,1158,4227
BUDGET,4.0,raw_uniform_chunks,native,A-s11-d1-t4096,4096,composition,Ashcombe,Anselm Ashgrove,False,False,False,False,7.437174916267395,-1.0634678602218628,1169,4227
BUDGET,8.0,raw_uniform_chunks,native,A-s11-d1-t4096,4096,semantic,olive,None,False,False,False,False,-1.1485090255737305,-13.434203147888184,618,4227
BUDGET,8.0,raw_uniform_chunks,native,A-s11-d1-t4096,4096,identifier,QZ-1902-KP,QZ-1902-KP,True,True,True,False,9.010588645935059,0.0,624,4227
BUDGET,8.0,raw_uniform_chunks,native,A-s11-d1-t4096,4096,number,"49,297","49,297",True,True,True,False,9.633383750915527,0.0,626,4227
BUDGET,8.0,raw_uniform_chunks,native,A-s11-d1-t4096,4096,date,2029-04-26,The document does not mention the date when the electrical audit for Ordell-7490 closed.,False,False,False,False,-0.1677556037902832,-3.2747139930725098,624,4227
BUDGET,8.0,raw_uniform_chunks,native,A-s11-d1-t4096,4096,hash,068b48d601cdaf2a,d621e0bce6268345,False,False,False,True,-4.93415508302769,-4.93416166305542,622,4227
BUDGET,8.0,raw_uniform_chunks,native,A-s11-d1-t4096,4096,path,/srv/calder/spool/kx44.log,https://relay.example.org/rel/2827,False,False,False,False,0.010718345642089844,-8.3771390914917,623,4227
BUDGET,8.0,raw_uniform_chunks,native,A-s11-d1-t4096,4096,url,https://depot.example.net/rel/7096,https://relay.example.org/rel/2827,False,False,False,True,-4.7038717214181816,-4.703898906707764,623,4227
BUDGET,8.0,raw_uniform_chunks,native,A-s11-d1-t4096,4096,proper_noun,Rowena Delacroix,Anselm Ashgrove,False,False,False,False,4.016483306884766,-7.756477355957031,623,4227
BUDGET,8.0,raw_uniform_chunks,native,A-s11-d1-t4096,4096,composition,Ashcombe,CEDAR-7589 is maintained by Ingrid Okonkwo.,False,False,False,False,-0.5867242813110352,-7.510169506072998,634,4227
BUDGET,16.0,raw_uniform_chunks,native,A-s11-d1-t4096,4096,semantic,olive,None,False,False,False,False,-1.257863998413086,-13.67426586151123,353,4227
BUDGET,16.0,raw_uniform_chunks,native,A-s11-d1-t4096,4096,identifier,QZ-1902-KP,QZ-1902-KP,True,True,True,False,8.974761962890625,0.0,359,4227
BUDGET,16.0,raw_uniform_chunks,native,A-s11-d1-t4096,4096,number,"49,297","49,297",True,True,True,False,9.202847480773926,0.0,361,4227
BUDGET,16.0,raw_uniform_chunks,native,A-s11-d1-t4096,4096,date,2029-04-26,The document does not mention the date when the electrical audit for Ordell-7490 closed.,False,False,False,False,-0.16367530822753906,-3.462242603302002,359,4227
BUDGET,16.0,raw_uniform_chunks,native,A-s11-d1-t4096,4096,hash,068b48d601cdaf2a,d621e0bce6268345,False,False,False,True,-4.968130243178166,-4.968245506286621,357,4227
BUDGET,16.0,raw_uniform_chunks,native,A-s11-d1-t4096,4096,path,/srv/calder/spool/kx44.log,https://relay.example.org/rel/2827,False,False,False,False,0.038333892822265625,-8.136242866516113,358,4227
BUDGET,16.0,raw_uniform_chunks,native,A-s11-d1-t4096,4096,url,https://depot.example.net/rel/7096,https://relay.example.org/rel/2827,False,False,False,True,-4.682567231531721,-4.682697772979736,358,4227
BUDGET,16.0,raw_uniform_chunks,native,A-s11-d1-t4096,4096,proper_noun,Rowena Delacroix,Ingrid Vantol,False,False,False,False,3.519709587097168,-8.93586254119873,358,4227
BUDGET,16.0,raw_uniform_chunks,native,A-s11-d1-t4096,4096,composition,Ashcombe,Vestry,False,False,False,False,11.995550155639648,-3.4184389114379883,369,4227
SHUFFLE_TEXT,1.0,raw_shuffled,native,A-s11-d1-t4096,4096,semantic,olive,olive,True,True,True,False,11.687499714258593,-0.00026826822431758046,4318,4227
SHUFFLE_TEXT,1.0,raw_shuffled,native,A-s11-d1-t4096,4096,identifier,QZ-1902-KP,QZ-1902-KP,True,True,True,False,4.742187804651621,-1.1258598533459008e-06,4324,4227
SHUFFLE_TEXT,1.0,raw_shuffled,native,A-s11-d1-t4096,4096,number,"49,297","49,297",True,True,True,False,5.271002292633057,0.0,4326,4227
SHUFFLE_TEXT,1.0,raw_shuffled,native,A-s11-d1-t4096,4096,date,2029-04-26,2029-04-26,True,True,True,False,2.3004024028778076,0.0,4324,4227
SHUFFLE_TEXT,1.0,raw_shuffled,native,A-s11-d1-t4096,4096,hash,068b48d601cdaf2a,068b48d601cdaf2a,True,True,True,False,2.845839500427246,0.0,4322,4227
SHUFFLE_TEXT,1.0,raw_shuffled,native,A-s11-d1-t4096,4096,path,/srv/calder/spool/kx44.log,/srv/calder/spool/kx44.log,True,True,True,False,2.8863640265776667,-4.2481110540393274e-06,4323,4227
SHUFFLE_TEXT,1.0,raw_shuffled,native,A-s11-d1-t4096,4096,url,https://depot.example.net/rel/7096,https://depot.example.net/rel/7096,True,True,True,False,2.3149791405753035,-1.7422877363060252e-07,4323,4227
SHUFFLE_TEXT,1.0,raw_shuffled,native,A-s11-d1-t4096,4096,proper_noun,Rowena Delacroix,Rowena Delacroix,True,True,True,False,7.968753385545654,-9.059887702278502e-07,4323,4227
SHUFFLE_TEXT,1.0,raw_shuffled,native,A-s11-d1-t4096,4096,composition,Ashcombe,Draywell,False,False,False,True,-7.8761232127435505,-7.878361701965332,4334,4227
NATIVE_CACHED,1.0,none,original,A-s11-d2-t4096,4096,semantic,blue,blue,True,True,True,False,14.96872949682438,-4.053033626405522e-05,4292,4240
NATIVE_CACHED,1.0,none,original,A-s11-d2-t4096,4096,identifier,XD-8251-RT,XD-8251-RT,True,True,True,False,4.175155058550445,-3.4421209420543164e-06,4292,4240
NATIVE_CACHED,1.0,none,original,A-s11-d2-t4096,4096,number,"23,224","23,224",True,True,True,False,4.437830150190621,-4.589494437823305e-06,4292,4240
NATIVE_CACHED,1.0,none,original,A-s11-d2-t4096,4096,date,2031-02-19,2031-02-19,True,True,True,False,2.8038058280944824,0.0,4292,4240
NATIVE_CACHED,1.0,none,original,A-s11-d2-t4096,4096,hash,3553af4d9608d53f,3553af4d9608d53f,True,True,True,False,1.9333332777023315,0.0,4292,4240
NATIVE_CACHED,1.0,none,original,A-s11-d2-t4096,4096,path,/var/opt/mirren/spool/kx54.log,/var/opt/mirren/spool/kx54.log,True,True,True,False,1.5228108172314023,-9.41706730372971e-06,4292,4240
NATIVE_CACHED,1.0,none,original,A-s11-d2-t4096,4096,url,https://relay.example.org/rel/5566,https://relay.example.org/rel/5566,True,True,True,False,2.489588359991771,-1.3907744289554103e-07,4292,4240
NATIVE_CACHED,1.0,none,original,A-s11-d2-t4096,4096,proper_noun,Anselm Brannigan,Anselm Brannigan,True,True,True,False,10.499999860922529,-1.3907747131725046e-07,4292,4240
NATIVE_CACHED,1.0,none,original,A-s11-d2-t4096,4096,composition,Ashcombe,Ashcombe,True,True,True,False,6.874972764540871,-6.442875746870413e-05,4292,4240
RANDOM,1.0,random_kv,original,A-s11-d2-t4096,4096,semantic,blue,Black,False,False,False,False,5.088573455810547,-2.1388306617736816,4292,4240
RANDOM,1.0,random_kv,original,A-s11-d2-t4096,4096,identifier,XD-8251-RT,"The exact replacement assembly identifier for Calder-6596 is ""Calder-6596"".",False,False,False,False,0.2786273956298828,-7.091136932373047,4292,4240
RANDOM,1.0,random_kv,original,A-s11-d2-t4096,4096,number,"23,224",</think>,False,False,False,False,0.7210967540740967,-3.701429605484009,4292,4240
RANDOM,1.0,random_kv,original,A-s11-d2-t4096,4096,date,2031-02-19,The document does not provide a specific date for the electrical audit for Calder-6607.,False,False,False,False,0.22965264320373535,-3.2411751747131348,4292,4240
RANDOM,1.0,random_kv,original,A-s11-d2-t4096,4096,hash,3553af4d9608d53f,The document does not provide a manifest digest for Calder-6638.,False,False,False,False,0.35135579109191895,-3.3648808002471924,4292,4240
RANDOM,1.0,random_kv,original,A-s11-d2-t4096,4096,path,/var/opt/mirren/spool/kx54.log,/proc/self/cgroup/cpu,False,False,False,False,-0.3475022315979004,-7.738638401031494,4292,4240
RANDOM,1.0,random_kv,original,A-s11-d2-t4096,4096,url,https://relay.example.org/rel/5566,</think>,False,False,False,False,1.340179443359375,-5.6575608253479,4292,4240
RANDOM,1.0,random_kv,original,A-s11-d2-t4096,4096,proper_noun,Anselm Brannigan,</think>,False,False,False,False,-0.7560558319091797,-7.992859363555908,4292,4240
RANDOM,1.0,random_kv,original,A-s11-d2-t4096,4096,composition,Ashcombe,"The exact answer is: ""CEDAR-6768"".",False,False,False,False,-1.170048713684082,-11.855323791503906,4292,4240
SHUFFLE_KV_ORDER,1.0,shuffle_blocks,original,A-s11-d2-t4096,4096,semantic,blue,blue,True,True,True,False,15.093722344921844,-5.435795901576057e-05,4292,4240
SHUFFLE_KV_ORDER,1.0,shuffle_blocks,original,A-s11-d2-t4096,4096,identifier,XD-8251-RT,XD-8251-RT,True,True,True,False,4.132593020874992,-4.4255666580284014e-06,4292,4240
SHUFFLE_KV_ORDER,1.0,shuffle_blocks,original,A-s11-d2-t4096,4096,number,"23,224","23,224",True,True,True,False,4.416932404145427,-5.900755695620319e-06,4292,4240
SHUFFLE_KV_ORDER,1.0,shuffle_blocks,original,A-s11-d2-t4096,4096,date,2031-02-19,2031-02-19,True,True,True,False,2.8038055896759033,0.0,4292,4240
SHUFFLE_KV_ORDER,1.0,shuffle_blocks,original,A-s11-d2-t4096,4096,hash,3553af4d9608d53f,3553af4d9608d53f,True,True,True,False,1.9249999523162842,0.0,4292,4240
SHUFFLE_KV_ORDER,1.0,shuffle_blocks,original,A-s11-d2-t4096,4096,path,/var/opt/mirren/spool/kx54.log,/var/opt/mirren/spool/kx54.log,True,True,True,False,1.5284741326295261,-9.019760000228416e-06,4292,4240
SHUFFLE_KV_ORDER,1.0,shuffle_blocks,original,A-s11-d2-t4096,4096,url,https://relay.example.org/rel/5566,https://relay.example.org/rel/5566,True,True,True,False,2.468753914038402,-1.3907744289554103e-07,4292,4240
SHUFFLE_KV_ORDER,1.0,shuffle_blocks,original,A-s11-d2-t4096,4096,proper_noun,Anselm Brannigan,Anselm Brannigan,True,True,True,False,10.400000472863532,-9.934105804632054e-08,4292,4240
SHUFFLE_KV_ORDER,1.0,shuffle_blocks,original,A-s11-d2-t4096,4096,composition,Ashcombe,Ashcombe,True,True,True,False,6.999972108889779,-6.508440856123343e-05,4292,4240
KV_STRIDE,2.0,stride,original,A-s11-d2-t4096,4096,semantic,blue,cr,False,False,False,False,-8.47397232055664,-17.63201904296875,2172,4240
KV_STRIDE,2.0,stride,original,A-s11-d2-t4096,4096,identifier,XD-8251-RT,The replacement for the Longshore for the Longmere was completed. The replacement for the Longmere for the Longwell was completed. The replacement for the Longmere was completed. The replacement for the Longmere was completed. The replacement for the,False,False,False,False,2.888613224029541,-6.078525066375732,2172,4240
KV_STRIDE,2.0,stride,original,A-s11-d2-t4096,4096,number,"23,224","3
32

32

31
3
3
3
3
3
3
3
3
3
3
3
3
3
3
3
3
3
3",False,False,False,False,-0.868011474609375,-7.510203838348389,2172,4240
KV_STRIDE,2.0,stride,original,A-s11-d2-t4096,4096,date,2031-02-19,"203
203

20
20
20
2
2
20
2
2
2
2
2
2
2
2
2
2
2
2",False,False,False,False,1.0284724235534668,-4.333433628082275,2172,4240
KV_STRIDE,2.0,stride,original,A-s11-d2-t4096,4096,hash,3553af4d9608d53f,"3

3
321.",False,False,False,False,0.8314418792724609,-8.18310260772705,2172,4240
KV_STRIDE,2.0,stride,original,A-s11-d2-t4096,4096,path,/var/opt/mirren/spool/kx54.log,"/var



/var",False,False,False,False,5.070115566253662,-7.62438440322876,2172,4240
KV_STRIDE,2.0,stride,original,A-s11-d2-t4096,4096,url,https://relay.example.org/rel/5566,https://example,False,False,False,False,0.8297817707061768,-3.220928907394409,2172,4240
KV_STRIDE,2.0,stride,original,A-s11-d2-t4096,4096,proper_noun,Anselm Brannigan,Ansel for the Harlow for the Harlow for the Harlow for the Harlow for the Harlow for the Harlow for the Harlow for the Harlow for the Harlow for the Harlow for the Harlow for the,False,False,False,False,4.164996147155762,-9.298022270202637,2172,4240
KV_STRIDE,2.0,stride,original,A-s11-d2-t4096,4096,composition,Ashcombe,Casimir,False,False,False,False,4.6977667808532715,-3.125976085662842,2172,4240
KV_SINK,2.0,sink,original,A-s11-d2-t4096,4096,semantic,blue,blue. The Mirrenn the Mirren the Mirren the Mir for the Mirren the Mir. The Mir for the Mir. The Mir. The Mir. The Mir. The Mir. The Mir. The Mir. The Mir.,True,True,True,False,29.013155151013052,-0.000310730334604159,2170,4240
KV_SINK,2.0,sink,original,A-s11-d2-t4096,4096,identifier,XD-8251-RT,The replacement assembly for the Mirren is 3212.12.1.2.1.1.2.1.2.1.1.1.1.1.1.1.1.1,False,False,False,False,0.13074207305908203,-6.965435981750488,2170,4240
KV_SINK,2.0,sink,original,A-s11-d2-t4096,4096,number,"23,224","2

32",False,False,False,False,1.4543557167053223,-5.458499908447266,2170,4240
KV_SINK,2.0,sink,original,A-s11-d2-t4096,4096,date,2031-02-19,The electrical audit for the Mirren was completed. The electrical audit for Mir was completed. The electrical audit for Mir was completed. The electrical audit for Mir was completed. The electrical audit for Mir was completed. The electrical audit for Mir was,False,False,False,False,0.6767783164978027,-5.740281105041504,2170,4240
KV_SINK,2.0,sink,original,A-s11-d2-t4096,4096,hash,3553af4d9608d53f,"3
3",False,False,False,False,0.3839836120605469,-8.833640098571777,2170,4240
KV_SINK,2.0,sink,original,A-s11-d2-t4096,4096,path,/var/opt/mirren/spool/kx54.log,/var,False,False,False,False,4.437020301818848,-7.237531661987305,2170,4240
KV_SINK,2.0,sink,original,A-s11-d2-t4096,4096,url,https://relay.example.org/rel/5566,"https://relay


https://relay",False,False,False,False,-1.4843826293945312,-6.500160217285156,2170,4240
KV_SINK,2.0,sink,original,A-s11-d2-t4096,4096,proper_noun,Anselm Brannigan,Ansel for the Mirren was published in the usual format. The Mir for the Mirren was completed. The Q3 inventory for the Mirren was completed. The Q3 inventory for the Mirren was completed. The Q3 inventory,False,False,False,False,9.571420669555664,-5.350362777709961,2170,4240
KV_SINK,2.0,sink,original,A-s11-d2-t4096,4096,composition,Ashcombe,Casual,False,False,False,False,-1.7393121719360352,-10.750015258789062,2170,4240
KV_STRIDE_COMPACT,2.0,stride,compact,A-s11-d2-t4096,4096,semantic,blue,The,False,False,False,False,0.9968681335449219,-14.710161209106445,2172,4240
KV_STRIDE_COMPACT,2.0,stride,compact,A-s11-d2-t4096,4096,identifier,XD-8251-RT,###,False,False,False,False,0.31047487258911133,-6.113885879516602,2172,4240
KV_STRIDE_COMPACT,2.0,stride,compact,A-s11-d2-t4096,4096,number,"23,224",###,False,False,False,False,0.6688270568847656,-4.095261096954346,2172,4240
KV_STRIDE_COMPACT,2.0,stride,compact,A-s11-d2-t4096,4096,date,2031-02-19,###,False,False,False,False,-0.07967615127563477,-3.3161911964416504,2172,4240
KV_STRIDE_COMPACT,2.0,stride,compact,A-s11-d2-t4096,4096,hash,3553af4d9608d53f,The,False,False,False,False,0.09335184097290039,-5.545872211456299,2172,4240
KV_STRIDE_COMPACT,2.0,stride,compact,A-s11-d2-t4096,4096,path,/var/opt/mirren/spool/kx54.log,###,False,False,False,False,0.15742111206054688,-10.867762565612793,2172,4240
KV_STRIDE_COMPACT,2.0,stride,compact,A-s11-d2-t4096,4096,url,https://relay.example.org/rel/5566,###,False,False,False,False,-0.026679039001464844,-8.028385162353516,2172,4240
KV_STRIDE_COMPACT,2.0,stride,compact,A-s11-d2-t4096,4096,proper_noun,Anselm Brannigan,###,False,False,False,False,2.0469484329223633,-8.609217643737793,2172,4240
KV_STRIDE_COMPACT,2.0,stride,compact,A-s11-d2-t4096,4096,composition,Ashcombe,The,False,False,False,False,-3.113910675048828,-10.03531265258789,2172,4240
KV_STRIDE,4.0,stride,original,A-s11-d2-t4096,4096,semantic,blue,bicycle was completed. The electrical. The electrical. The electrical. The electrical. The electrical. The electrical. The electrical. The electrical. The electrical. The electrical. The electrical. The electrical. The electrical. The electrical. The electrical,False,False,False,False,15.780869722366333,-3.7748000621795654,1112,4240
KV_STRIDE,4.0,stride,original,A-s11-d2-t4096,4096,identifier,XD-8251-RT,https://www. The electrical audit for the same. The electrical audit for the same. The electrical for the same. The same. The same. The same. The same. The same. The same. The same. The same.,False,False,False,False,-0.9686594009399414,-7.835761547088623,1112,4240
KV_STRIDE,4.0,stride,original,A-s11-d2-t4096,4096,number,"23,224",0,False,False,False,False,1.3089628219604492,-5.286369800567627,1112,4240
KV_STRIDE,4.0,stride,original,A-s11-d2-t4096,4096,date,2031-02-19,2,False,False,False,False,-1.0829362869262695,-9.34636116027832,1112,4240
KV_STRIDE,4.0,stride,original,A-s11-d2-t4096,4096,hash,3553af4d9608d53f,Answer: 67,False,False,False,False,0.3886079788208008,-9.729863166809082,1112,4240
KV_STRIDE,4.0,stride,original,A-s11-d2-t4096,4096,path,/var/opt/mirren/spool/kx54.log,/var,False,False,False,False,1.7271509170532227,-11.213874816894531,1112,4240
KV_STRIDE,4.0,stride,original,A-s11-d2-t4096,4096,url,https://relay.example.org/rel/5566,https://www. The mirror for the mirror is not found in the mirror at the mirror is not found in the mirror is not found in the mirror is the mirror is not found in the mirror is not found in the mirror is not found,False,False,False,False,0.9315328598022461,-8.639656066894531,1112,4240
KV_STRIDE,4.0,stride,original,A-s11-d2-t4096,4096,proper_noun,Anselm Brannigan,Ansel,False,False,False,False,8.689299583435059,-8.294285774230957,1112,4240
KV_STRIDE,4.0,stride,original,A-s11-d2-t4096,4096,composition,Ashcombe,Fenned at 20,False,False,False,False,0.8286973237991333,-1.5246354341506958,1112,4240
KV_SINK,4.0,sink,original,A-s11-d2-t4096,4096,semantic,blue,blue for the electrical for the electrical for the electrical for the electrical for the electrical for the electrical for the electrical for the electrical for the electrical for the electrical for the electrical for the electrical for the electrical for the electrical for the electrical for the,True,True,True,False,29.247685374488356,-0.0003500564198475331,1111,4240
KV_SINK,4.0,sink,original,A-s11-d2-t4096,4096,identifier,XD-8251-RT,Answer: 66,False,False,False,False,3.246314525604248,-7.331995487213135,1111,4240
KV_SINK,4.0,sink,original,A-s11-d2-t4096,4096,number,"23,224",2,False,False,False,False,4.884988307952881,-5.6352105140686035,1111,4240
KV_SINK,4.0,sink,original,A-s11-d2-t4096,4096,date,2031-02-19,Answer: 203,False,False,False,False,0.3637242317199707,-7.344076633453369,1111,4240
KV_SINK,4.0,sink,original,A-s11-d2-t4096,4096,hash,3553af4d9608d53f,manifest for the electrical system was completed. The electrical for the system was completed. The electrical for the system was completed. The system was completed. The system was completed. The system was completed. The system was completed. The system was completed,False,False,False,False,0.35328197479248047,-10.240560531616211,1111,4240
KV_SINK,4.0,sink,original,A-s11-d2-t4096,4096,path,/var/opt/mirren/spool/kx54.log,/var/1,False,False,False,False,4.173272132873535,-9.228665351867676,1111,4240
KV_SINK,4.0,sink,original,A-s11-d2-t4096,4096,url,https://relay.example.org/rel/5566,None,False,False,False,False,0.5519561767578125,-6.345375061035156,1111,4240
KV_SINK,4.0,sink,original,A-s11-d2-t4096,4096,proper_noun,Anselm Brannigan,An error was reported for the Harrow. The electrical for the Harriet was completed. The electrical for the Har for the Har. The electrical for the Har. The electrical for the Har. The Har. The Har. The Har.,False,False,False,False,8.462170600891113,-10.616917610168457,1111,4240
KV_SINK,4.0,sink,original,A-s11-d2-t4096,4096,composition,Ashcombe,Fenn for the Miran the electrical for the Mirren the Mir for the Mir and the Mir and the Mir and the Mir and the Mir and the Mir and the Mir and the Mir and the Mir and the Mir and the Mir and,False,False,False,False,-1.7599587440490723,-5.675297737121582,1111,4240
KV_STRIDE_COMPACT,4.0,stride,compact,A-s11-d2-t4096,4096,semantic,blue,What is the,False,False,False,False,0.9157600402832031,-15.912857055664062,1112,4240
KV_STRIDE_COMPACT,4.0,stride,compact,A-s11-d2-t4096,4096,identifier,XD-8251-RT,"###


What is the",False,False,False,False,-0.5653843879699707,-7.547514915466309,1112,4240
KV_STRIDE_COMPACT,4.0,stride,compact,A-s11-d2-t4096,4096,number,"23,224",What is the,False,False,False,False,0.5969991683959961,-4.54700231552124,1112,4240
KV_STRIDE_COMPACT,4.0,stride,compact,A-s11-d2-t4096,4096,date,2031-02-19,###,False,False,False,False,0.15836286544799805,-4.570573806762695,1112,4240
KV_STRIDE_COMPACT,4.0,stride,compact,A-s11-d2-t4096,4096,hash,3553af4d9608d53f,###,False,False,False,False,-0.6579389572143555,-7.603251934051514,1112,4240
KV_STRIDE_COMPACT,4.0,stride,compact,A-s11-d2-t4096,4096,path,/var/opt/mirren/spool/kx54.log,###,False,False,False,False,-0.8739709854125977,-12.207138061523438,1112,4240
KV_STRIDE_COMPACT,4.0,stride,compact,A-s11-d2-t4096,4096,url,https://relay.example.org/rel/5566,###,False,False,False,False,0.0021257400512695312,-8.874999046325684,1112,4240
KV_STRIDE_COMPACT,4.0,stride,compact,A-s11-d2-t4096,4096,proper_noun,Anselm Brannigan,"###


The",False,False,False,False,5.318540573120117,-11.048637390136719,1112,4240
KV_STRIDE_COMPACT,4.0,stride,compact,A-s11-d2-t4096,4096,composition,Ashcombe,The,False,False,False,False,2.900784492492676,-6.091672897338867,1112,4240
KV_STRIDE,8.0,stride,original,A-s11-d2-t4096,4096,semantic,blue,"Answer: The color. The bicycle
<document",False,False,False,False,13.293313026428223,-6.427870750427246,582,4240
KV_STRIDE,8.0,stride,original,A-s11-d2-t4096,4096,identifier,XD-8251-RT,"Q
659. The replacement assembly for the unit for the assembly for the assembly for the assembly for the assembly for the unit for the assembly for the assembly for the assembly for the assembly for the assembly for the assembly for the assembly",False,False,False,False,2.7606825828552246,-7.506443500518799,582,4240
KV_STRIDE,8.0,stride,original,A-s11-d2-t4096,4096,number,"23,224","0.67.000007
0000000.00000000000000000.0000000000",False,False,False,False,2.814629554748535,-3.6273012161254883,582,4240
KV_STRIDE,8.0,stride,original,A-s11-d2-t4096,4096,date,2031-02-19,April 202. The electrical audit for the date 67-077.,False,False,False,False,-0.14966392517089844,-5.571557521820068,582,4240
KV_STRIDE,8.0,stride,original,A-s11-d2-t4096,4096,hash,3553af4d9608d53f,"0000
0101
01011377.113770131377.1373773137370137",False,False,False,False,-0.027227401733398438,-9.31594181060791,582,4240
KV_STRIDE,8.0,stride,original,A-s11-d2-t4096,4096,path,/var/opt/mirren/spool/kx54.log,"/var
var

var
</think>
Answer
Answer
Answer
</think>
</think>
Answer
Answer
Answer
Answer
Answer",False,False,False,False,0.3599414825439453,-16.4184513092041,582,4240
KV_STRIDE,8.0,stride,original,A-s11-d2-t4096,4096,url,https://relay.example.org/rel/5566,"https://https://www. The mirror
Answer
https://www.",False,False,False,False,0.32868099212646484,-9.791709899902344,582,4240
KV_STRIDE,8.0,stride,original,A-s11-d2-t4096,4096,proper_noun,Anselm Brannigan,"A
Barn.",False,False,False,False,4.810466766357422,-13.069107055664062,582,4240
KV_STRIDE,8.0,stride,original,A-s11-d2-t4096,4096,composition,Ashcombe,"F
document
document
Answer with only
document
Answer
Answer
Answer
Answer
Answer
Answer
Answer
Answer
Answer
Answer
Answer
Answer
Answer
Answer
Answer
Answer
Answer
Answer",False,False,False,False,-4.893950462341309,-11.235275268554688,582,4240
KV_SINK,8.0,sink,original,A-s11-d2-t4096,4096,semantic,blue,Answer: The color of the bike,False,False,False,False,12.873664855957031,-8.98260498046875,581,4240
KV_SINK,8.0,sink,original,A-s11-d2-t4096,4096,identifier,XD-8251-RT,"RT
Answer: 21.",False,False,False,False,-0.9049172401428223,-8.751882553100586,581,4240
KV_SINK,8.0,sink,original,A-s11-d2-t4096,4096,number,"23,224","1
100
123
12

</think>

00
12



12
1
12

0
12
1
1
1
12",False,False,False,False,0.3696727752685547,-3.244657516479492,581,4240
KV_SINK,8.0,sink,original,A-s11-d2-t4096,4096,date,2031-02-19,"Answer: 20214
Answer: 20
Answer: 2017


11
Answer: 201
Answer: 200
Answer: 2011",False,False,False,False,0.10348796844482422,-5.735159873962402,581,4240
KV_SINK,8.0,sink,original,A-s11-d2-t4096,4096,hash,3553af4d9608d53f,"00123

123
1231233663666666666666666666666636666",False,False,False,False,-0.18133783340454102,-7.560231685638428,581,4240
KV_SINK,8.0,sink,original,A-s11-d2-t4096,4096,path,/var/opt/mirren/spool/kx54.log,"/var
Answer: /var/var
Answer: /var
Answer: /var
Answer: /var
Answer: /var
Answer: /var
Answer: /var
Answer: /var
Answer: /var",False,False,False,False,2.5948972702026367,-14.879826545715332,581,4240
KV_SINK,8.0,sink,original,A-s11-d2-t4096,4096,url,https://relay.example.org/rel/5566,"https://


https://
12
Answer: https://",False,False,False,False,0.3058767318725586,-8.917376518249512,581,4240
KV_SINK,8.0,sink,original,A-s11-d2-t4096,4096,proper_noun,Anselm Brannigan,"Annie
 the hand in the documentation
07
7
Answer: An official
</think>
Answer: An
Answer: An
Answer: An
Answer: An
Answer: An
Answer: An
Answer: An",False,False,False,False,10.501112937927246,-15.040738105773926,581,4240
KV_SINK,8.0,sink,original,A-s11-d2-t4096,4096,composition,Ashcombe,"CEDAR
### Section 07
### section 07
### section 08
### section 07
### section 07
### section 07
### section 07
### section",False,False,False,False,0.4134054183959961,-11.765579223632812,581,4240
KV_STRIDE_COMPACT,8.0,stride,compact,A-s11-d2-t4096,4096,semantic,blue,The,False,False,False,False,-1.40606689453125,-17.230331420898438,582,4240
KV_STRIDE_COMPACT,8.0,stride,compact,A-s11-d2-t4096,4096,identifier,XD-8251-RT,### 67,False,False,False,False,0.1140127182006836,-7.8803510665893555,582,4240
KV_STRIDE_COMPACT,8.0,stride,compact,A-s11-d2-t4096,4096,number,"23,224",### 67,False,False,False,False,1.063103199005127,-5.230201244354248,582,4240
KV_STRIDE_COMPACT,8.0,stride,compact,A-s11-d2-t4096,4096,date,2031-02-19,### 67,False,False,False,False,0.44327306747436523,-4.784777641296387,582,4240
KV_STRIDE_COMPACT,8.0,stride,compact,A-s11-d2-t4096,4096,hash,3553af4d9608d53f,"**1**
</think>

**0**
Answer: 6",False,False,False,False,-0.7570271492004395,-8.105836868286133,582,4240
KV_STRIDE_COMPACT,8.0,stride,compact,A-s11-d2-t4096,4096,path,/var/opt/mirren/spool/kx54.log,"###


###























###",False,False,False,False,0.5124139785766602,-11.908251762390137,582,4240
KV_STRIDE_COMPACT,8.0,stride,compact,A-s11-d2-t4096,4096,url,https://relay.example.org/rel/5566,"###


###























###",False,False,False,False,-0.0901947021484375,-9.849946022033691,582,4240
KV_STRIDE_COMPACT,8.0,stride,compact,A-s11-d2-t4096,4096,proper_noun,Anselm Brannigan,The,False,False,False,False,1.770390510559082,-12.639290809631348,582,4240
KV_STRIDE_COMPACT,8.0,stride,compact,A-s11-d2-t4096,4096,composition,Ashcombe,**,False,False,False,False,-2.095231056213379,-13.323738098144531,582,4240
KV_STRIDE,16.0,stride,original,A-s11-d2-t4096,4096,semantic,blue,Answer: The color. The color. The color. The color. The color. The color. The color. The color. The color. The color. The color. The color. The color. The color. The color. The,False,False,False,False,16.92715835571289,-4.7869415283203125,317,4240
KV_STRIDE,16.0,stride,original,A-s11-d2-t4096,4096,identifier,XD-8251-RT,"Q

The exact assembly of the document for the assembly of the document for the document for the document for the document for the document for the document for the document for the document for the document for the document for the document for the document",False,False,False,False,-0.8706955909729004,-8.31855297088623,317,4240
KV_STRIDE,16.0,stride,original,A-s11-d2-t4096,4096,number,"23,224",1,False,False,False,False,-0.20062923431396484,-7.220567226409912,317,4240
KV_STRIDE,16.0,stride,original,A-s11-d2-t4096,4096,date,2031-02-19,"April 11, 202, 202
</think>
</think>
Answer: 21
Answer: 21
Answer: 27
Answer: 07
Answer: 07",False,False,False,False,-0.42015933990478516,-7.108891487121582,317,4240
KV_STRIDE,16.0,stride,original,A-s11-d2-t4096,4096,hash,3553af4d9608d53f,"36721
The answer is the exact answer for the question, the answer is ""The answer is the exact answer.",False,False,False,False,1.3860340118408203,-7.184636116027832,317,4240
KV_STRIDE,16.0,stride,original,A-s11-d2-t4096,4096,path,/var/opt/mirren/spool/kx54.log,"/var
Answer: /var
</think>
</think>
Answer: /var
Answer: /var
Answer: /var
Answer: /var
Answer: /var
Answer: /var
Answer: /var
Answer:",False,False,False,False,3.4799156188964844,-14.669292449951172,317,4240
KV_STRIDE,16.0,stride,original,A-s11-d2-t4096,4096,url,https://relay.example.org/rel/5566,"http://www. The mirror
</think>
</think>
</think>
The mirror
The mirror
The mirror

The mirror
The mirror",False,False,False,False,0.23950862884521484,-9.967379570007324,317,4240
KV_STRIDE,16.0,stride,original,A-s11-d2-t4096,4096,proper_noun,Anselm Brannigan,A,False,False,False,False,4.9090776443481445,-13.317185401916504,317,4240
KV_STRIDE,16.0,stride,original,A-s11-d2-t4096,4096,composition,Ashcombe,CED,False,False,False,False,-3.6291255950927734,-14.86955451965332,317,4240
KV_SINK,16.0,sink,original,A-s11-d2-t4096,4096,semantic,blue,Answer: The document. The document mentions a bicycle. The document mentions a bicycle. The document mentions a bicycle. The document mentions a bicycle. The document mentions a bicycle. The document mentions a bicycle. The document mentions a bicycle. The,False,False,False,False,16.395286560058594,-8.10788345336914,316,4240
KV_SINK,16.0,sink,original,A-s11-d2-t4096,4096,identifier,XD-8251-RT,XD for Calder for the assembly for the assembly at repair for the assembly for the assembly for the assembly for the assembly for the assembly for the assembly for the assembly for the assembly for the assembly for the assembly for the assembly for the assembly at,False,False,False,False,3.1927995681762695,-5.308185577392578,316,4240
KV_SINK,16.0,sink,original,A-s11-d2-t4096,4096,number,"23,224","1



1",False,False,False,False,-0.5021491050720215,-6.376289367675781,316,4240
KV_SINK,16.0,sink,original,A-s11-d2-t4096,4096,date,2031-02-19,"April 12, 202, 2020201020201020202020202020202020202",False,False,False,False,-0.38634347915649414,-7.0598039627075195,316,4240
KV_SINK,16.0,sink,original,A-s11-d2-t4096,4096,hash,3553af4d9608d53f,000000000000000000003633363333333333333333000333,False,False,False,False,1.1920804977416992,-8.041092872619629,316,4240
KV_SINK,16.0,sink,original,A-s11-d2-t4096,4096,path,/var/opt/mirren/spool/kx54.log,"/opt/external
</think>
</think>
</think>
</think>
</p





</think>
</think>",False,False,False,False,1.2727222442626953,-13.399724006652832,316,4240
KV_SINK,16.0,sink,original,A-s11-d2-t4096,4096,url,https://relay.example.org/rel/5566,"https://
https://


<document",False,False,False,False,1.1323070526123047,-8.713475227355957,316,4240
KV_SINK,16.0,sink,original,A-s11-d2-t4096,4096,proper_noun,Anselm Brannigan,An for the Har for the Har for the record for the Har for the Har for the Har for the har for the har for the har for the har for the har for the har for the har for the har for the har for the,False,False,False,False,5.6198883056640625,-16.442981719970703,316,4240
KV_SINK,16.0,sink,original,A-s11-d2-t4096,4096,composition,Ashcombe,CED,False,False,False,False,-6.3182830810546875,-16.52730369567871,316,4240
KV_STRIDE_COMPACT,16.0,stride,compact,A-s11-d2-t4096,4096,semantic,blue,"The document.
</think>
</document>
<document>
<document>
< document>
< document>
< document>
< document>
< document>
< document>
< document>
< document>
< document>
< document>
< document>
<",False,False,False,False,-0.9954290390014648,-15.62879753112793,317,4240
KV_STRIDE_COMPACT,16.0,stride,compact,A-s11-d2-t4096,4096,identifier,XD-8251-RT,"The document.
</think>
</think>",False,False,False,False,0.5255274772644043,-7.3082051277160645,317,4240
KV_STRIDE_COMPACT,16.0,stride,compact,A-s11-d2-t4096,4096,number,"23,224",The,False,False,False,False,-0.031982421875,-4.840737819671631,317,4240
KV_STRIDE_COMPACT,16.0,stride,compact,A-s11-d2-t4096,4096,date,2031-02-19,The date,False,False,False,False,0.1738123893737793,-4.35284948348999,317,4240
KV_STRIDE_COMPACT,16.0,stride,compact,A-s11-d2-t4096,4096,hash,3553af4d9608d53f,"The document.
</think>",False,False,False,False,-0.18199539184570312,-5.677823543548584,317,4240
KV_STRIDE_COMPACT,16.0,stride,compact,A-s11-d2-t4096,4096,path,/var/opt/mirren/spool/kx54.log,"The document.
</think>
</think>",False,False,False,False,0.6093196868896484,-11.138916015625,317,4240
KV_STRIDE_COMPACT,16.0,stride,compact,A-s11-d2-t4096,4096,url,https://relay.example.org/rel/5566,The document,False,False,False,False,-0.08395099639892578,-8.947418212890625,317,4240
KV_STRIDE_COMPACT,16.0,stride,compact,A-s11-d2-t4096,4096,proper_noun,Anselm Brannigan,"The document. of the document.
</think>",False,False,False,False,3.0398216247558594,-9.811905860900879,317,4240
KV_STRIDE_COMPACT,16.0,stride,compact,A-s11-d2-t4096,4096,composition,Ashcombe,"The document.
</think>
</think>
Answer: The document.
</s",False,False,False,False,-1.9548063278198242,-12.079898834228516,317,4240
BUDGET,2.0,raw_uniform_chunks,native,A-s11-d2-t4096,4096,semantic,blue,Answer:,False,False,False,False,-9.550703048706055,-22.44518280029297,2209,4240
BUDGET,2.0,raw_uniform_chunks,native,A-s11-d2-t4096,4096,identifier,XD-8251-RT,XD-8251-RT,True,True,True,False,3.9479183405701406,-1.2665923350141384e-06,2213,4240
BUDGET,2.0,raw_uniform_chunks,native,A-s11-d2-t4096,4096,number,"23,224","49,153",False,False,False,True,-3.7531167194247246,-3.769747018814087,2216,4240
BUDGET,2.0,raw_uniform_chunks,native,A-s11-d2-t4096,4096,date,2031-02-19,2031-02-19,True,True,True,False,3.1883623600006104,0.0,2213,4240
BUDGET,2.0,raw_uniform_chunks,native,A-s11-d2-t4096,4096,hash,3553af4d9608d53f,Answer:,False,False,False,False,0.05121326446533203,-4.1468400955200195,2211,4240
BUDGET,2.0,raw_uniform_chunks,native,A-s11-d2-t4096,4096,path,/var/opt/mirren/spool/kx54.log,/var/opt/mirren/spool/kx54.log,True,True,True,False,1.597309987047538,-7.112523690011585e-06,2213,4240
BUDGET,2.0,raw_uniform_chunks,native,A-s11-d2-t4096,4096,url,https://relay.example.org/rel/5566,https://relay.example.org/rel/5566,True,True,True,False,4.460601687431385,-1.1920923981278975e-07,2213,4240
BUDGET,2.0,raw_uniform_chunks,native,A-s11-d2-t4096,4096,proper_noun,Anselm Brannigan,Miriam Okonkwo,False,False,False,False,-6.197303891181946,-7.59748649597168,2214,4240
BUDGET,2.0,raw_uniform_chunks,native,A-s11-d2-t4096,4096,composition,Ashcombe,Casimir Nieminen.,False,False,False,False,-0.9758467674255371,-6.014211654663086,2224,4240
BUDGET,4.0,raw_uniform_chunks,native,A-s11-d2-t4096,4096,semantic,blue,None,False,False,False,False,-8.912214279174805,-21.76194953918457,1154,4240
BUDGET,4.0,raw_uniform_chunks,native,A-s11-d2-t4096,4096,identifier,XD-8251-RT,XD-8251-RT,True,True,True,False,8.849323034286726,-2.3841835172788706e-07,1158,4240
BUDGET,4.0,raw_uniform_chunks,native,A-s11-d2-t4096,4096,number,"23,224","49,153",False,False,False,True,-4.123759735375643,-4.179032802581787,1161,4240
BUDGET,4.0,raw_uniform_chunks,native,A-s11-d2-t4096,4096,date,2031-02-19,No date is provided for the electrical audit for Calder-6607 in the document.,False,False,False,False,-0.0341646671295166,-3.036173105239868,1158,4240
BUDGET,4.0,raw_uniform_chunks,native,A-s11-d2-t4096,4096,hash,3553af4d9608d53f,Answer: Not applicable.,False,False,False,False,0.019608020782470703,-4.082298755645752,1156,4240
BUDGET,4.0,raw_uniform_chunks,native,A-s11-d2-t4096,4096,path,/var/opt/mirren/spool/kx54.log,/var/opt/mirren/spool/kx54.log,True,True,True,False,1.4559491579575479,-9.089227205549832e-06,1158,4240
BUDGET,4.0,raw_uniform_chunks,native,A-s11-d2-t4096,4096,url,https://relay.example.org/rel/5566,None.,False,False,False,False,0.6097497940063477,-6.068557262420654,1158,4240
BUDGET,4.0,raw_uniform_chunks,native,A-s11-d2-t4096,4096,proper_noun,Anselm Brannigan,Miriam Delacroix,False,False,False,True,-7.6611115932477105,-7.661112308502197,1159,4240
BUDGET,4.0,raw_uniform_chunks,native,A-s11-d2-t4096,4096,composition,Ashcombe,Unit CEDAR-6769 is maintained by Miriam Nieminen.,False,False,False,False,-7.937390327453613,-15.562294006347656,1169,4240
BUDGET,8.0,raw_uniform_chunks,native,A-s11-d2-t4096,4096,semantic,blue,None.,False,False,False,False,-6.621882438659668,-19.3687801361084,618,4240
BUDGET,8.0,raw_uniform_chunks,native,A-s11-d2-t4096,4096,identifier,XD-8251-RT,XD-8251-RT,True,True,True,False,7.768413946032545,-7.450578465295621e-08,622,4240
BUDGET,8.0,raw_uniform_chunks,native,A-s11-d2-t4096,4096,number,"23,224",0,False,False,False,False,1.0467958450317383,-4.352696895599365,625,4240
BUDGET,8.0,raw_uniform_chunks,native,A-s11-d2-t4096,4096,date,2031-02-19,No date is provided for the electrical audit for Calder-6607 in the document.,False,False,False,False,-0.09976410865783691,-3.115431547164917,622,4240
BUDGET,8.0,raw_uniform_chunks,native,A-s11-d2-t4096,4096,hash,3553af4d9608d53f,None,False,False,False,False,0.0341954231262207,-3.918351173400879,620,4240
BUDGET,8.0,raw_uniform_chunks,native,A-s11-d2-t4096,4096,path,/var/opt/mirren/spool/kx54.log,/var/opt/mirren/spool/kx54.log,True,True,True,False,6.232160926150755,-7.2714810812612996e-06,622,4240
BUDGET,8.0,raw_uniform_chunks,native,A-s11-d2-t4096,4096,url,https://relay.example.org/rel/5566,None.,False,False,False,False,0.46353626251220703,-5.74936056137085,622,4240
BUDGET,8.0,raw_uniform_chunks,native,A-s11-d2-t4096,4096,proper_noun,Anselm Brannigan,Dagny Vantol,False,False,False,False,7.259683132171631,-4.723392963409424,623,4240
BUDGET,8.0,raw_uniform_chunks,native,A-s11-d2-t4096,4096,composition,Ashcombe,Mirren,False,False,False,False,-2.1753320693969727,-7.91328239440918,633,4240
BUDGET,16.0,raw_uniform_chunks,native,A-s11-d2-t4096,4096,semantic,blue,None,False,False,False,False,-5.253414154052734,-18.47559356689453,355,4240
BUDGET,16.0,raw_uniform_chunks,native,A-s11-d2-t4096,4096,identifier,XD-8251-RT,Calder-6596,False,False,False,False,1.7226066589355469,-6.464263916015625,359,4240
BUDGET,16.0,raw_uniform_chunks,native,A-s11-d2-t4096,4096,number,"23,224",None,False,False,False,False,1.038923740386963,-4.152757167816162,362,4240
BUDGET,16.0,raw_uniform_chunks,native,A-s11-d2-t4096,4096,date,2031-02-19,None,False,False,False,False,-0.10528278350830078,-3.25993275642395,359,4240
BUDGET,16.0,raw_uniform_chunks,native,A-s11-d2-t4096,4096,hash,3553af4d9608d53f,None,False,False,False,False,0.015091419219970703,-3.9844706058502197,357,4240
BUDGET,16.0,raw_uniform_chunks,native,A-s11-d2-t4096,4096,path,/var/opt/mirren/spool/kx54.log,/var/opt/mirren/spool/kx54.log,True,True,True,False,6.24972247088499,-2.870911885111127e-06,359,4240
BUDGET,16.0,raw_uniform_chunks,native,A-s11-d2-t4096,4096,url,https://relay.example.org/rel/5566,None.,False,False,False,False,0.6083512306213379,-6.394010066986084,359,4240
BUDGET,16.0,raw_uniform_chunks,native,A-s11-d2-t4096,4096,proper_noun,Anselm Brannigan,Dagny Vantol,False,False,False,False,4.957608222961426,-5.626502990722656,360,4240
BUDGET,16.0,raw_uniform_chunks,native,A-s11-d2-t4096,4096,composition,Ashcombe,CEDAR-6768 is not mentioned in the document.,False,False,False,False,1.9952800273895264,-2.259437322616577,370,4240
SHUFFLE_TEXT,1.0,raw_shuffled,native,A-s11-d2-t4096,4096,semantic,blue,blue,True,True,True,False,14.093673121882603,-0.0001541257370263338,4332,4240
SHUFFLE_TEXT,1.0,raw_shuffled,native,A-s11-d2-t4096,4096,identifier,XD-8251-RT,XD-8251-RT,True,True,True,False,4.1049194335946595,-4.7683624870842323e-07,4336,4240
SHUFFLE_TEXT,1.0,raw_shuffled,native,A-s11-d2-t4096,4096,number,"23,224","23,224",True,True,True,False,4.791773319244385,0.0,4339,4240
SHUFFLE_TEXT,1.0,raw_shuffled,native,A-s11-d2-t4096,4096,date,2031-02-19,2031-02-19,True,True,True,False,3.226421356201172,0.0,4336,4240
SHUFFLE_TEXT,1.0,raw_shuffled,native,A-s11-d2-t4096,4096,hash,3553af4d9608d53f,3553af4d9608d53f,True,True,True,False,1.9262101650238037,0.0,4334,4240
SHUFFLE_TEXT,1.0,raw_shuffled,native,A-s11-d2-t4096,4096,path,/var/opt/mirren/spool/kx54.log,/var/opt/mirren/spool/kx54.log,True,True,True,False,4.261409864287998,-7.66660159570165e-05,4336,4240
SHUFFLE_TEXT,1.0,raw_shuffled,native,A-s11-d2-t4096,4096,url,https://relay.example.org/rel/5566,https://relay.example.org/rel/5566,True,True,True,False,2.4687508245309573,-1.2914335911773378e-07,4336,4240
SHUFFLE_TEXT,1.0,raw_shuffled,native,A-s11-d2-t4096,4096,proper_noun,Anselm Brannigan,Anselm Brannigan,True,True,True,False,7.788384437561035,0.0,4337,4240
SHUFFLE_TEXT,1.0,raw_shuffled,native,A-s11-d2-t4096,4096,composition,Ashcombe,Ashcombe,True,True,True,False,8.109373569520358,-7.152525540732313e-06,4347,4240
NATIVE_CACHED,1.0,none,original,A-s11-d3-t4096,4096,semantic,slate,slate,True,True,True,False,11.71874963492155,-0.001597769558429718,4260,4208
NATIVE_CACHED,1.0,none,original,A-s11-d3-t4096,4096,identifier,RT-7321-KP,RT-7321-KP,True,True,True,False,7.109375,0.0,4260,4208
NATIVE_CACHED,1.0,none,original,A-s11-d3-t4096,4096,number,"40,087","40,087",True,True,True,False,5.204620361328125,0.0,4260,4208
NATIVE_CACHED,1.0,none,original,A-s11-d3-t4096,4096,date,2031-05-26,2031-05-26,True,True,True,False,2.9124999046325684,0.0,4260,4208
NATIVE_CACHED,1.0,none,original,A-s11-d3-t4096,4096,hash,c57521a6383ce8e7,c57521a6383ce8e7,True,True,True,False,2.6072940826416016,0.0,4260,4208
NATIVE_CACHED,1.0,none,original,A-s11-d3-t4096,4096,path,/srv/calder/spool/kx33.log,/srv/calder/spool/kx33.log,True,True,True,False,3.5684062274776807,-5.137597690918483e-05,4260,4208
NATIVE_CACHED,1.0,none,original,A-s11-d3-t4096,4096,url,https://relay.example.org/rel/5113,https://relay.example.org/rel/5113,True,True,True,False,2.6770834823459495,-4.867702614319569e-07,4260,4208
NATIVE_CACHED,1.0,none,original,A-s11-d3-t4096,4096,proper_noun,Ingrid Sorley,Ingrid Sorley,True,True,True,False,6.962500035762794,-5.960463766996327e-08,4260,4208
NATIVE_CACHED,1.0,none,original,A-s11-d3-t4096,4096,composition,Draywell,Draywell,True,True,True,False,11.750008583068848,0.0,4260,4208
RANDOM,1.0,random_kv,original,A-s11-d3-t4096,4096,semantic,slate,None,False,False,False,False,-3.1749606132507324,-9.918654441833496,4260,4208
RANDOM,1.0,random_kv,original,A-s11-d3-t4096,4096,identifier,RT-7321-KP,"</think>

Harlow-2082",False,False,False,False,0.8477520942687988,-6.3144707679748535,4260,4208
RANDOM,1.0,random_kv,original,A-s11-d3-t4096,4096,number,"40,087",0,False,False,False,False,-2.0493052005767822,-4.710618019104004,4260,4208
RANDOM,1.0,random_kv,original,A-s11-d3-t4096,4096,date,2031-05-26,</think>,False,False,False,False,-0.17500019073486328,-3.3006014823913574,4260,4208
RANDOM,1.0,random_kv,original,A-s11-d3-t4096,4096,hash,c57521a6383ce8e7,None,False,False,False,False,1.006417989730835,-3.7474472522735596,4260,4208
RANDOM,1.0,random_kv,original,A-s11-d3-t4096,4096,path,/srv/calder/spool/kx33.log,"</think>

Answer: /var/log/ordell-2158.log",False,False,False,False,0.08402252197265625,-8.447620391845703,4260,4208
RANDOM,1.0,random_kv,original,A-s11-d3-t4096,4096,url,https://relay.example.org/rel/5113,None.,False,False,False,False,-0.06971931457519531,-6.240114688873291,4260,4208
RANDOM,1.0,random_kv,original,A-s11-d3-t4096,4096,proper_noun,Ingrid Sorley,The answer is: None.,False,False,False,False,-2.234682083129883,-12.222640991210938,4260,4208
RANDOM,1.0,random_kv,original,A-s11-d3-t4096,4096,composition,Draywell,CEDAR-2252,False,False,False,False,-0.6962261199951172,-18.603439331054688,4260,4208
SHUFFLE_KV_ORDER,1.0,shuffle_blocks,original,A-s11-d3-t4096,4096,semantic,slate,slate,True,True,True,False,11.656250024330802,-0.001410459983162582,4260,4208
SHUFFLE_KV_ORDER,1.0,shuffle_blocks,original,A-s11-d3-t4096,4096,identifier,RT-7321-KP,RT-7321-KP,True,True,True,False,7.0546875,0.0,4260,4208
SHUFFLE_KV_ORDER,1.0,shuffle_blocks,original,A-s11-d3-t4096,4096,number,"40,087","40,087",True,True,True,False,5.2891011238098145,0.0,4260,4208
SHUFFLE_KV_ORDER,1.0,shuffle_blocks,original,A-s11-d3-t4096,4096,date,2031-05-26,2031-05-26,True,True,True,False,2.9124999046325684,0.0,4260,4208
SHUFFLE_KV_ORDER,1.0,shuffle_blocks,original,A-s11-d3-t4096,4096,hash,c57521a6383ce8e7,c57521a6383ce8e7,True,True,True,False,2.5768961906433105,0.0,4260,4208
SHUFFLE_KV_ORDER,1.0,shuffle_blocks,original,A-s11-d3-t4096,4096,path,/srv/calder/spool/kx33.log,/srv/calder/spool/kx33.log,True,True,True,False,3.6139244744244934,-2.6493364202906378e-05,4260,4208
SHUFFLE_KV_ORDER,1.0,shuffle_blocks,original,A-s11-d3-t4096,4096,url,https://relay.example.org/rel/5113,https://relay.example.org/rel/5113,True,True,True,False,2.645833392938357,-3.377592747710878e-07,4260,4208
SHUFFLE_KV_ORDER,1.0,shuffle_blocks,original,A-s11-d3-t4096,4096,proper_noun,Ingrid Sorley,Ingrid Sorley,True,True,True,False,7.087500035762794,-5.960463766996327e-08,4260,4208
SHUFFLE_KV_ORDER,1.0,shuffle_blocks,original,A-s11-d3-t4096,4096,composition,Draywell,Draywell,True,True,True,False,11.750007629394531,0.0,4260,4208
KV_STRIDE,2.0,stride,original,A-s11-d3-t4096,4096,semantic,slate,te,False,False,False,False,-16.555197715759277,-21.14975357055664,2156,4208
KV_STRIDE,2.0,stride,original,A-s11-d3-t4096,4096,identifier,RT-7321-KP,The replacement for the Harlow sensor was completed. The replacement for the Harlow sensor was completed. The replacement for the Harlow sensor was completed. The replacement for the Harlow sensor was completed. The replacement for the Harlow sensor was,False,False,False,False,1.4032673835754395,-7.012954235076904,2156,4208
KV_STRIDE,2.0,stride,original,A-s11-d3-t4096,4096,number,"40,087","41
44





































40",False,False,False,False,-0.17370939254760742,-4.555621147155762,2156,4208
KV_STRIDE,2.0,stride,original,A-s11-d3-t4096,4096,date,2031-05-26,The structural audit for the Harlow.,False,False,False,False,-0.27500009536743164,-6.1416015625,2156,4208
KV_STRIDE,2.0,stride,original,A-s11-d3-t4096,4096,hash,c57521a6383ce8e7,The manifest digest for Mirren-202 is 2005.,False,False,False,False,0.8827319145202637,-7.341742992401123,2156,4208
KV_STRIDE,2.0,stride,original,A-s11-d3-t4096,4096,path,/srv/calder/spool/kx33.log,/di,False,False,False,False,2.6780385971069336,-9.500103950500488,2156,4208
KV_STRIDE,2.0,stride,original,A-s11-d3-t4096,4096,url,https://relay.example.org/rel/5113,"https://


https://",False,False,False,False,-0.31700611114501953,-6.488004207611084,2156,4208
KV_STRIDE,2.0,stride,original,A-s11-d3-t4096,4096,proper_noun,Ingrid Sorley,Ingrid for the Vestry was completed. The Q1575. The Q157. The Q157. The Q157. The Q157. The Q157. The Q,False,False,False,False,2.3859753608703613,-5.849435329437256,2156,4208
KV_STRIDE,2.0,stride,original,A-s11-d3-t4096,4096,composition,Draywell,Dray for the Vestry coordinator.,False,False,False,False,1.8351349830627441,-4.105433464050293,2156,4208
KV_SINK,2.0,sink,original,A-s11-d3-t4096,4096,semantic,slate,"bicycle
b",False,False,False,False,-0.5940666198730469,-15.458843231201172,2154,4208
KV_SINK,2.0,sink,original,A-s11-d3-t4096,4096,identifier,RT-7321-KP,KP,False,False,False,False,-2.554396629333496,-8.830404281616211,2154,4208
KV_SINK,2.0,sink,original,A-s11-d3-t4096,4096,number,"40,087","45,001212222121212121212121212121121212121212121",False,False,False,False,2.565375566482544,-2.7479937076568604,2154,4208
KV_SINK,2.0,sink,original,A-s11-d3-t4096,4096,date,2031-05-26,"21

21

2
2
2
1
2
1
2
1
2
1
2
1
2
1
2
1
2
2
1
2",False,False,False,False,-0.375,-4.745044708251953,2154,4208
KV_SINK,2.0,sink,original,A-s11-d3-t4096,4096,hash,c57521a6383ce8e7,"6
657
657
62
657
657
657
657
657
657
657
657
65",False,False,False,False,1.0212693214416504,-7.572807788848877,2154,4208
KV_SINK,2.0,sink,original,A-s11-d3-t4096,4096,path,/srv/calder/spool/kx33.log,/opt/,False,False,False,False,-2.6418685913085938,-12.757805824279785,2154,4208
KV_SINK,2.0,sink,original,A-s11-d3-t4096,4096,url,https://relay.example.org/rel/5113,https://relay,False,False,False,False,-0.0980997085571289,-6.127981662750244,2154,4208
KV_SINK,2.0,sink,original,A-s11-d3-t4096,4096,proper_noun,Ingrid Sorley,In the usual format for the Vestry system was completed. The Q3 inventory for the Vestry system was completed. The Q3 inventory for the Vestry system was completed. The Q3 inventory for the Vestry system was completed.,False,False,False,False,6.942028522491455,-5.180692195892334,2154,4208
KV_SINK,2.0,sink,original,A-s11-d3-t4096,4096,composition,Draywell,CEDAR,False,False,False,False,-1.999387264251709,-9.753461837768555,2154,4208
KV_STRIDE_COMPACT,2.0,stride,compact,A-s11-d3-t4096,4096,semantic,slate,"<document>
</think>",False,False,False,False,-4.538576126098633,-15.720602035522461,2156,4208
KV_STRIDE_COMPACT,2.0,stride,compact,A-s11-d3-t4096,4096,identifier,RT-7321-KP,The exact replacement for the exact replacement for the exact replacement for the exact replacement for the exact replacement for the exact replacement for the exact replacement for the exact replacement for the exact replacement for the exact replacement for the exact replacement for the exact replacement for,False,False,False,False,0.9288978576660156,-6.170185089111328,2156,4208
KV_STRIDE_COMPACT,2.0,stride,compact,A-s11-d3-t4096,4096,number,"40,087","The Q1011, the Q10111, the Q102, the Q102, the Q103, the Q104, the Q105, the Q1",False,False,False,False,-0.6488683223724365,-4.197982311248779,2156,4208
KV_STRIDE_COMPACT,2.0,stride,compact,A-s11-d3-t4096,4096,date,2031-05-26,###,False,False,False,False,-0.13750004768371582,-3.128399610519409,2156,4208
KV_STRIDE_COMPACT,2.0,stride,compact,A-s11-d3-t4096,4096,hash,c57521a6383ce8e7,<document,False,False,False,False,-0.5037264823913574,-5.556797504425049,2156,4208
KV_STRIDE_COMPACT,2.0,stride,compact,A-s11-d3-t4096,4096,path,/srv/calder/spool/kx33.log,The Q1231.12.12.15.12.15.12.15.12.12.12.12.12.12.12,False,False,False,False,1.286290168762207,-10.39829158782959,2156,4208
KV_STRIDE_COMPACT,2.0,stride,compact,A-s11-d3-t4096,4096,url,https://relay.example.org/rel/5113,The Q1231.12.1231.12.12.121.121.121.121.121.121.121,False,False,False,False,-0.013867855072021484,-7.68902587890625,2156,4208
KV_STRIDE_COMPACT,2.0,stride,compact,A-s11-d3-t4096,4096,proper_noun,Ingrid Sorley,The Q122.12.12.122.12.12.12.12.12.12.12.12.12.12.12,False,False,False,False,0.5957708358764648,-8.738624572753906,2156,4208
KV_STRIDE_COMPACT,2.0,stride,compact,A-s11-d3-t4096,4096,composition,Draywell,###,False,False,False,False,-2.321113109588623,-8.311051368713379,2156,4208
KV_STRIDE,4.0,stride,original,A-s11-d3-t4096,4096,semantic,slate,"Answer: 215, the Q15, the Q11, the Q11, the Q15, the Q15, the Q15, the Q15, the Q15, the",False,False,False,False,-5.599246978759766,-23.828636169433594,1104,4208
KV_STRIDE,4.0,stride,original,A-s11-d3-t4096,4096,identifier,RT-7321-KP,The Q123,False,False,False,False,2.717860221862793,-8.137532234191895,1104,4208
KV_STRIDE,4.0,stride,original,A-s11-d3-t4096,4096,number,"40,087",1,False,False,False,False,-3.9520692825317383,-10.092753410339355,1104,4208
KV_STRIDE,4.0,stride,original,A-s11-d3-t4096,4096,date,2031-05-26,Answer: 202011-012-0122012012201201220122011122012201,False,False,False,False,-1.2875003814697266,-7.556340217590332,1104,4208
KV_STRIDE,4.0,stride,original,A-s11-d3-t4096,4096,hash,c57521a6383ce8e7,manifest for the Mir,False,False,False,False,2.9013118743896484,-9.780081748962402,1104,4208
KV_STRIDE,4.0,stride,original,A-s11-d3-t4096,4096,path,/srv/calder/spool/kx33.log,"https://







































### The",False,False,False,False,1.8350181579589844,-15.631399154663086,1104,4208
KV_STRIDE,4.0,stride,original,A-s11-d3-t4096,4096,url,https://relay.example.org/rel/5113,"https://







































The mirror",False,False,False,False,0.13487577438354492,-7.995494365692139,1104,4208
KV_STRIDE,4.0,stride,original,A-s11-d3-t4096,4096,proper_noun,Ingrid Sorley,Mir,False,False,False,False,3.478875160217285,-12.845458030700684,1104,4208
KV_STRIDE,4.0,stride,original,A-s11-d3-t4096,4096,composition,Draywell,Dray the Q12222222222222222222222222222222222222222222,False,False,False,False,-5.721226096153259,-7.685441493988037,1104,4208
KV_SINK,4.0,sink,original,A-s11-d3-t4096,4096,semantic,slate,"Answer: 22, the Q1, the Q2, the Q3, the Q2, the Q2, the Q2, the Q2, the Q2, the Q2, the Q2, the Q",False,False,False,False,-4.343542098999023,-23.098283767700195,1103,4208
KV_SINK,4.0,sink,original,A-s11-d3-t4096,4096,identifier,RT-7321-KP,KP,False,False,False,False,-2.432008743286133,-10.634565353393555,1103,4208
KV_SINK,4.0,sink,original,A-s11-d3-t4096,4096,number,"40,087",1,False,False,False,False,-1.9645781517028809,-6.146005630493164,1103,4208
KV_SINK,4.0,sink,original,A-s11-d3-t4096,4096,date,2031-05-26,"Answer: 20, 20, 20, 20, 20, 20, 20, 20, 20, 20, 20, 2",False,False,False,False,-0.5374999046325684,-7.181510925292969,1103,4208
KV_SINK,4.0,sink,original,A-s11-d3-t4096,4096,hash,c57521a6383ce8e7,c,False,False,False,False,3.2559051513671875,-8.724242210388184,1103,4208
KV_SINK,4.0,sink,original,A-s11-d3-t4096,4096,path,/srv/calder/spool/kx33.log,/ord of the system was deferred the scheduled on the system was deferred on the system was deferred on the system was deferred system was deferred on the system was deferred on the system was deferred on the system was deferred on the system was deferred on,False,False,False,False,-0.7450084686279297,-14.943839073181152,1103,4208
KV_SINK,4.0,sink,original,A-s11-d3-t4096,4096,url,https://relay.example.org/rel/5113,https,False,False,False,False,0.35625743865966797,-11.243874549865723,1103,4208
KV_SINK,4.0,sink,original,A-s11-d3-t4096,4096,proper_noun,Ingrid Sorley,In the Q1,False,False,False,False,2.108358383178711,-5.187793254852295,1103,4208
KV_SINK,4.0,sink,original,A-s11-d3-t4096,4096,composition,Draywell,"Dray on the data for the Q10, the Q10, the Q10, the Q10, the Q10, the Q10, the Q10, the Q10, the Q",False,False,False,False,-3.246035575866699,-6.711631774902344,1103,4208
KV_STRIDE_COMPACT,4.0,stride,compact,A-s11-d3-t4096,4096,semantic,slate,The,False,False,False,False,-4.62657356262207,-18.54802703857422,1104,4208
KV_STRIDE_COMPACT,4.0,stride,compact,A-s11-d3-t4096,4096,identifier,RT-7321-KP,The,False,False,False,False,0.47019100189208984,-8.27043628692627,1104,4208
KV_STRIDE_COMPACT,4.0,stride,compact,A-s11-d3-t4096,4096,number,"40,087",The,False,False,False,False,-1.2945384979248047,-6.308268070220947,1104,4208
KV_STRIDE_COMPACT,4.0,stride,compact,A-s11-d3-t4096,4096,date,2031-05-26,The,False,False,False,False,-0.4250001907348633,-4.479347229003906,1104,4208
KV_STRIDE_COMPACT,4.0,stride,compact,A-s11-d3-t4096,4096,hash,c57521a6383ce8e7,"The









































### The",False,False,False,False,0.8019371032714844,-8.146105766296387,1104,4208
KV_STRIDE_COMPACT,4.0,stride,compact,A-s11-d3-t4096,4096,path,/srv/calder/spool/kx33.log,The Q1,False,False,False,False,0.10079002380371094,-15.692477226257324,1104,4208
KV_STRIDE_COMPACT,4.0,stride,compact,A-s11-d3-t4096,4096,url,https://relay.example.org/rel/5113,The Q1. The,False,False,False,False,-0.3086662292480469,-10.348298072814941,1104,4208
KV_STRIDE_COMPACT,4.0,stride,compact,A-s11-d3-t4096,4096,proper_noun,Ingrid Sorley,The,False,False,False,False,1.5784902572631836,-11.358559608459473,1104,4208
KV_STRIDE_COMPACT,4.0,stride,compact,A-s11-d3-t4096,4096,composition,Draywell,The,False,False,False,False,-7.40361213684082,-12.119872093200684,1104,4208
KV_STRIDE,8.0,stride,original,A-s11-d3-t4096,4096,semantic,slate,"Answer: The document
</think>
<document
</think>

The document says: The color of the document.",False,False,False,False,-1.3156890869140625,-24.84848403930664,578,4208
KV_STRIDE,8.0,stride,original,A-s11-d3-t4096,4096,identifier,RT-7321-KP,"Har?
Answer: 00121
</think>
Answer: 00121.",False,False,False,False,0.3378620147705078,-11.007536888122559,578,4208
KV_STRIDE,8.0,stride,original,A-s11-d3-t4096,4096,number,"40,087","1

Answer: 0.",False,False,False,False,-2.359842538833618,-6.011777877807617,578,4208
KV_STRIDE,8.0,stride,original,A-s11-d3-t4096,4096,date,2031-05-26,"Answer: 25, 201
Answer: 25, 201.11.12.11. 20,01. 201. 201.",False,False,False,False,-1.4000000953674316,-7.2729172706604,578,4208
KV_STRIDE,8.0,stride,original,A-s11-d3-t4096,4096,hash,c57521a6383ce8e7,manifest,False,False,False,False,0.6198625564575195,-11.044679641723633,578,4208
KV_STRIDE,8.0,stride,original,A-s11-d3-t4096,4096,path,/srv/calder/spool/kx33.log,"manifest



Answer: /var
</think>
</think>
Answer: /var

Answer: /var

Answer: The",False,False,False,False,0.7070798873901367,-14.704476356506348,578,4208
KV_STRIDE,8.0,stride,original,A-s11-d3-t4096,4096,url,https://relay.example.org/rel/5113,"mirror
document
published. The mirror for the mirror at the mirror. The mirror for the mirror at the mirror at the mirror.


mir

the the mirror at the mirror for the mirror at the mirror. the mirror",False,False,False,False,0.04284858703613281,-11.274653434753418,578,4208
KV_STRIDE,8.0,stride,original,A-s11-d3-t4096,4096,proper_noun,Ingrid Sorley,"V
21
Answer: V22
</think>
Answer: V221.",False,False,False,False,1.512075424194336,-15.827362060546875,578,4208
KV_STRIDE,8.0,stride,original,A-s11-d3-t4096,4096,composition,Draywell,"CED
Answer: The Q1
</think>

The answer is: The Q1
Answer: The Q1

Answer: The Q1",False,False,False,False,-5.294002532958984,-16.372148513793945,578,4208
KV_SINK,8.0,sink,original,A-s11-d3-t4096,4096,semantic,slate,"Answer
</think>
</think>
</think>",False,False,False,False,-1.0746650695800781,-20.74742889404297,577,4208
KV_SINK,8.0,sink,original,A-s11-d3-t4096,4096,identifier,RT-7321-KP,"R
2100
201
</think>
</think>
Answer: The replacement for the Ordinal

201
Answer: 2
Answer: The replacement for the Ordinal
Answer: The replacement for",False,False,False,False,2.6975669860839844,-7.509248733520508,577,4208
KV_SINK,8.0,sink,original,A-s11-d3-t4096,4096,number,"40,087","1
Answer: 217
Answer: 2
Answer: 2200
Answer: 220
Answer: 220
Answer:
Ord 2200
Answer:",False,False,False,False,-0.46805715560913086,-5.954461574554443,577,4208
KV_SINK,8.0,sink,original,A-s11-d3-t4096,4096,date,2031-05-26,"20
Answer: The structural audit
Answer: The structural audit: The structural audit: The structural audit: The structural audit: The structural audit: The structural audit: The structural audit:",False,False,False,False,-0.7875001430511475,-4.236996650695801,577,4208
KV_SINK,8.0,sink,original,A-s11-d3-t4096,4096,hash,c57521a6383ce8e7,"Answer
</think>
Answer the question. The answer is the mirror.",False,False,False,False,-0.8774299621582031,-11.10288143157959,577,4208
KV_SINK,8.0,sink,original,A-s11-d3-t4096,4096,path,/srv/calder/spool/kx33.log,"/s
</think>
Answer
</think>",False,False,False,False,2.4902400970458984,-16.280406951904297,577,4208
KV_SINK,8.0,sink,original,A-s11-d3-t4096,4096,url,https://relay.example.org/rel/5113,"https
</think>
Answer: The mirror
the
</think>
Answer: The mirror
Answer: The mirror



Answer: The
Answer: The mirror
Answer: The mirror
Answer: The mirror
Answer: The",False,False,False,False,-0.05931854248046875,-11.5078763961792,577,4208
KV_SINK,8.0,sink,original,A-s11-d3-t4096,4096,proper_noun,Ingrid Sorley,"Row
Ord
Answer: Mir
ord
</think>
Answer: Mir.",False,False,False,False,2.575453758239746,-11.210770606994629,577,4208
KV_SINK,8.0,sink,original,A-s11-d3-t4096,4096,composition,Draywell,"CED
The
</think>
The
Answer: The
The
Answer: The
Answer: The
Answer: The
Answer: The
Answer: The
Answer: The
Answer: The
Answer: The
Answer:",False,False,False,False,-2.6808671951293945,-15.858936309814453,577,4208
KV_STRIDE_COMPACT,8.0,stride,compact,A-s11-d3-t4096,4096,semantic,slate,The answer is the,False,False,False,False,-2.2436132431030273,-14.111445426940918,578,4208
KV_STRIDE_COMPACT,8.0,stride,compact,A-s11-d3-t4096,4096,identifier,RT-7321-KP,### 208,False,False,False,False,1.3419299125671387,-7.989262104034424,578,4208
KV_STRIDE_COMPACT,8.0,stride,compact,A-s11-d3-t4096,4096,number,"40,087",**10. The Q1. The Q1. The Q1. The Q1. The Q1. The Q1. The Q1. The Q1. The Q1. The Q1. The Q1.,False,False,False,False,-2.748344898223877,-5.886202335357666,578,4208
KV_STRIDE_COMPACT,8.0,stride,compact,A-s11-d3-t4096,4096,date,2031-05-26,### 21,False,False,False,False,-0.7125000953674316,-5.433011054992676,578,4208
KV_STRIDE_COMPACT,8.0,stride,compact,A-s11-d3-t4096,4096,hash,c57521a6383ce8e7,The answer is the,False,False,False,False,-0.02790069580078125,-8.640779495239258,578,4208
KV_STRIDE_COMPACT,8.0,stride,compact,A-s11-d3-t4096,4096,path,/srv/calder/spool/kx33.log,###,False,False,False,False,0.41281986236572266,-13.199163436889648,578,4208
KV_STRIDE_COMPACT,8.0,stride,compact,A-s11-d3-t4096,4096,url,https://relay.example.org/rel/5113,###,False,False,False,False,-0.14730548858642578,-10.04117202758789,578,4208
KV_STRIDE_COMPACT,8.0,stride,compact,A-s11-d3-t4096,4096,proper_noun,Ingrid Sorley,### The,False,False,False,False,1.9826107025146484,-9.62724494934082,578,4208
KV_STRIDE_COMPACT,8.0,stride,compact,A-s11-d3-t4096,4096,composition,Draywell,The answer is the,False,False,False,False,2.539769172668457,-11.236783027648926,578,4208
KV_STRIDE,16.0,stride,original,A-s11-d3-t4096,4096,semantic,slate,Answer: blue.,False,False,False,False,0.5585269927978516,-19.092987060546875,315,4208
KV_STRIDE,16.0,stride,original,A-s11-d3-t4096,4096,identifier,RT-7321-KP,"Harvester. The replacement of the Harlow. The replacement of the Har
</think>

The replacement of the Har
</think>
</think>


The replacement of the Har


The replacement of the Har


The replacement",False,False,False,False,1.165501594543457,-9.202119827270508,315,4208
KV_STRIDE,16.0,stride,original,A-s11-d3-t4096,4096,number,"40,087","1
</think>
</think>

15

The Q1",False,False,False,False,-2.746400833129883,-7.3859171867370605,315,4208
KV_STRIDE,16.0,stride,original,A-s11-d3-t4096,4096,date,2031-05-26,"20
</think>
</think>

20

### The structural audit

### The structural audit


### The structural audit

### The structural audit

### The structural audit


### The structural audit",False,False,False,False,-0.5750002861022949,-6.060912132263184,315,4208
KV_STRIDE,16.0,stride,original,A-s11-d3-t4096,4096,hash,c57521a6383ce8e7,"manifest
</think>
Answer: 15. The manifest
Answer: 15.",False,False,False,False,-1.6979484558105469,-9.295955657958984,315,4208
KV_STRIDE,16.0,stride,original,A-s11-d3-t4096,4096,path,/srv/calder/spool/kx33.log,"/ The document
</think>
</think>

### The

### The



### The


### The

### The

### The


### The

### The


### The",False,False,False,False,-0.11777114868164062,-15.637589454650879,315,4208
KV_STRIDE,16.0,stride,original,A-s11-d3-t4096,4096,url,https://relay.example.org/rel/5113,"https://document
</think>

The mirror is left in the mirror",False,False,False,False,0.1700000762939453,-9.738763809204102,315,4208
KV_STRIDE,16.0,stride,original,A-s11-d3-t4096,4096,proper_noun,Ingrid Sorley,"D
</think>
Answer: Ansel


### The




###










### The




### The




### The",False,False,False,False,0.6002140045166016,-16.899389266967773,315,4208
KV_STRIDE,16.0,stride,original,A-s11-d3-t4096,4096,composition,Draywell,"Ashland
Answer: Ash
</think>
Answer: Ash
</think>

The person who is responsible for the facility
Answer: Ash





Answer: Ash


The person who is responsible for the facility",False,False,False,False,-9.063911437988281,-13.435317993164062,315,4208
KV_SINK,16.0,sink,original,A-s11-d3-t4096,4096,semantic,slate,"Answer: The color of the bike is the color of the bike.
Answer: The color of the bike is the color of the bike is the color of the bike is the color of the bike is the color of the bike is the color",False,False,False,False,-2.9091129302978516,-25.049663543701172,314,4208
KV_SINK,16.0,sink,original,A-s11-d3-t4096,4096,identifier,RT-7321-KP,"Harware
Answer: 208
Answer: 20
Answer: 208
Answer: 200
Answer: 20
Answer: 20
Answer: 208",False,False,False,False,0.7604608535766602,-8.319598197937012,314,4208
KV_SINK,16.0,sink,original,A-s11-d3-t4096,4096,number,"40,087","1
1234
1235
1235
1236
1237
1238
1231
1231
123
12",False,False,False,False,-5.23379921913147,-8.251919746398926,314,4208
KV_SINK,16.0,sink,original,A-s11-d3-t4096,4096,date,2031-05-26,"April 2th 2021



The
Answer: April 2021
Answer: April 2021
Answer: April 2021
Answer: April 20",False,False,False,False,-0.8249998092651367,-5.620814800262451,314,4208
KV_SINK,16.0,sink,original,A-s11-d3-t4096,4096,hash,c57521a6383ce8e7,d the document. Do not the document. The document. The document. The document. The document. The document. The document. The document. The document. The document. The document. The document. The document. The document.,False,False,False,False,-0.5446128845214844,-7.230502128601074,314,4208
KV_SINK,16.0,sink,original,A-s11-d3-t4096,4096,path,/srv/calder/spool/kx33.log,"/1
Answer: /var/0
</think>
</think>
Answer: /var/0
Answer: /var/0
Answer: /var/0
Answer: /var/0
Answer: /var/0",False,False,False,False,2.097111701965332,-14.92333698272705,314,4208
KV_SINK,16.0,sink,original,A-s11-d3-t4096,4096,url,https://relay.example.org/rel/5113,"http://www.ord
Answer: The mirror is a mirror.
Answer: The mirror is a mirror. The mirror is a mirror. The mirror is a mirror. The mirror is a mirror. The mirror is a mirror. The mirror",False,False,False,False,0.2718486785888672,-7.7218241691589355,314,4208
KV_SINK,16.0,sink,original,A-s11-d3-t4096,4096,proper_noun,Ingrid Sorley,"Mir
Answer: Darcy
Answer: Darcy
Answer: Darcy
Answer: Darcy
Answer: Darcy
Answer: Darcy
Answer: Darcy
Answer: Darcy
Answer: Darcy
Answer",False,False,False,False,-1.894639015197754,-15.987565040588379,314,4208
KV_SINK,16.0,sink,original,A-s11-d3-t4096,4096,composition,Draywell,"CED
</think>

CED
</think>

The person who is responsible for the facility at the facility is responsible for the facility at the facility is the facility at the facility is responsible for the facility is the facility is the facility is responsible for the",False,False,False,False,0.38936710357666016,-12.390750885009766,314,4208
KV_STRIDE_COMPACT,16.0,stride,compact,A-s11-d3-t4096,4096,semantic,slate,"The answer is: 15
</think>
</document. The",False,False,False,False,-4.303260803222656,-14.084972381591797,315,4208
KV_STRIDE_COMPACT,16.0,stride,compact,A-s11-d3-t4096,4096,identifier,RT-7321-KP,"<|>
</think>
</document.

The answer is the exact and the",False,False,False,False,1.1652717590332031,-7.4299774169921875,315,4208
KV_STRIDE_COMPACT,16.0,stride,compact,A-s11-d3-t4096,4096,number,"40,087","<|>
</think>
</document>

<|>
<document>
<|>
< document>
<document>
<document>
<document>
<document>
<document>
<document>
<document>
<document>
<document>
<",False,False,False,False,-2.1355018615722656,-6.177917003631592,315,4208
KV_STRIDE_COMPACT,16.0,stride,compact,A-s11-d3-t4096,4096,date,2031-05-26,"<|>
</think>
</document>
<|>
<document>
<|>
<document>
<|>
<document>
<|>
<document>
<|>
<document>
<|>
<document>
<|>
<",False,False,False,False,-0.15000009536743164,-5.079216003417969,315,4208
KV_STRIDE_COMPACT,16.0,stride,compact,A-s11-d3-t4096,4096,hash,c57521a6383ce8e7,<|> 135,False,False,False,False,-0.21051025390625,-9.584596633911133,315,4208
KV_STRIDE_COMPACT,16.0,stride,compact,A-s11-d3-t4096,4096,path,/srv/calder/spool/kx33.log,### 2,False,False,False,False,0.017752647399902344,-12.408676147460938,315,4208
KV_STRIDE_COMPACT,16.0,stride,compact,A-s11-d3-t4096,4096,url,https://relay.example.org/rel/5113,### 2,False,False,False,False,-0.1791400909423828,-9.481745719909668,315,4208
KV_STRIDE_COMPACT,16.0,stride,compact,A-s11-d3-t4096,4096,proper_noun,Ingrid Sorley,"<|>
</think>
</document>
<|>
<document>
<|>
<document>
<|>
<document>
<|>
<document>
<|>
<document>
<|>
<document>
<|>
<",False,False,False,False,1.3748044967651367,-12.545692443847656,315,4208
KV_STRIDE_COMPACT,16.0,stride,compact,A-s11-d3-t4096,4096,composition,Draywell,"The
</document. The",False,False,False,False,4.635190010070801,-9.982396125793457,315,4208
BUDGET,2.0,raw_uniform_chunks,native,A-s11-d3-t4096,4096,semantic,slate,None,False,False,False,False,6.929566025733948,-1.4541486501693726,2193,4208
BUDGET,2.0,raw_uniform_chunks,native,A-s11-d3-t4096,4096,identifier,RT-7321-KP,RT-7321-KP,True,True,True,False,10.44388192892076,-5.960463056453591e-08,2200,4208
BUDGET,2.0,raw_uniform_chunks,native,A-s11-d3-t4096,4096,number,"40,087","40,087",True,True,True,False,7.830313205718994,0.0,2201,4208
BUDGET,2.0,raw_uniform_chunks,native,A-s11-d3-t4096,4096,date,2031-05-26,2031-05-26,True,True,True,False,3.0625,0.0,2200,4208
BUDGET,2.0,raw_uniform_chunks,native,A-s11-d3-t4096,4096,hash,c57521a6383ce8e7,c57521a6383ce8e7,True,True,True,False,6.847344875335693,0.0,2198,4208
BUDGET,2.0,raw_uniform_chunks,native,A-s11-d3-t4096,4096,path,/srv/calder/spool/kx33.log,/diagnostic/ordell-2158.log,False,False,False,False,-4.351731061935425,-4.898248672485352,2199,4208
BUDGET,2.0,raw_uniform_chunks,native,A-s11-d3-t4096,4096,url,https://relay.example.org/rel/5113,https://relay.example.org/rel/5113,True,True,True,False,2.489583383003911,-1.0927514182412779e-07,2199,4208
BUDGET,2.0,raw_uniform_chunks,native,A-s11-d3-t4096,4096,proper_noun,Ingrid Sorley,Ingrid Sorley,True,True,True,False,8.600000262260465,-1.1920926112907182e-07,2200,4208
BUDGET,2.0,raw_uniform_chunks,native,A-s11-d3-t4096,4096,composition,Draywell,Draywell,True,True,True,False,16.125238299369833,-1.1920926823449918e-07,2210,4208
BUDGET,4.0,raw_uniform_chunks,native,A-s11-d3-t4096,4096,semantic,slate,None,False,False,False,False,7.671466708183289,-1.3903371095657349,1140,4208
BUDGET,4.0,raw_uniform_chunks,native,A-s11-d3-t4096,4096,identifier,RT-7321-KP,RT-7321-KP,True,True,True,False,11.634202003479004,0.0,1147,4208
BUDGET,4.0,raw_uniform_chunks,native,A-s11-d3-t4096,4096,number,"40,087","40,087",True,True,True,False,8.021699905395508,0.0,1148,4208
BUDGET,4.0,raw_uniform_chunks,native,A-s11-d3-t4096,4096,date,2031-05-26,2031-05-20,False,False,False,True,-2.9875000834465624,-2.9875001907348633,1147,4208
BUDGET,4.0,raw_uniform_chunks,native,A-s11-d3-t4096,4096,hash,c57521a6383ce8e7,Answer:,False,False,False,False,0.33685302734375,-4.167717933654785,1145,4208
BUDGET,4.0,raw_uniform_chunks,native,A-s11-d3-t4096,4096,path,/srv/calder/spool/kx33.log,https://relay.example.org/rel/5113,False,False,False,False,0.3282899856567383,-8.319729804992676,1146,4208
BUDGET,4.0,raw_uniform_chunks,native,A-s11-d3-t4096,4096,url,https://relay.example.org/rel/5113,https://relay.example.org/rel/5113,True,True,True,False,3.684711525837699,-1.6887970843981748e-07,1146,4208
BUDGET,4.0,raw_uniform_chunks,native,A-s11-d3-t4096,4096,proper_noun,Ingrid Sorley,Answer: Ingrid Ashgrove,False,False,False,True,-9.240224957466125,-9.951126098632812,1147,4208
BUDGET,4.0,raw_uniform_chunks,native,A-s11-d3-t4096,4096,composition,Draywell,Dagny Okonkwo.,False,False,False,False,8.02407693862915,-4.667212009429932,1157,4208
BUDGET,8.0,raw_uniform_chunks,native,A-s11-d3-t4096,4096,semantic,slate,slate,True,True,True,False,11.218275733292103,-0.004489235579967499,626,4208
BUDGET,8.0,raw_uniform_chunks,native,A-s11-d3-t4096,4096,identifier,RT-7321-KP,RT-7321-KP,True,True,True,False,10.788694381713867,0.0,633,4208
BUDGET,8.0,raw_uniform_chunks,native,A-s11-d3-t4096,4096,number,"40,087",0,False,False,False,False,-1.3112711906433105,-5.9077301025390625,634,4208
BUDGET,8.0,raw_uniform_chunks,native,A-s11-d3-t4096,4096,date,2031-05-26,None,False,False,False,False,-0.07499980926513672,-3.3064723014831543,633,4208
BUDGET,8.0,raw_uniform_chunks,native,A-s11-d3-t4096,4096,hash,c57521a6383ce8e7,Answer:,False,False,False,False,0.3657703399658203,-4.093383312225342,631,4208
BUDGET,8.0,raw_uniform_chunks,native,A-s11-d3-t4096,4096,path,/srv/calder/spool/kx33.log,Answer: /data/ordell/2158/diagnostics,False,False,False,False,-0.20385074615478516,-8.015193939208984,632,4208
BUDGET,8.0,raw_uniform_chunks,native,A-s11-d3-t4096,4096,url,https://relay.example.org/rel/5113,None.,False,False,False,False,-0.1315155029296875,-6.224092960357666,632,4208
BUDGET,8.0,raw_uniform_chunks,native,A-s11-d3-t4096,4096,proper_noun,Ingrid Sorley,None.,False,False,False,False,-7.767380714416504,-9.336897850036621,633,4208
BUDGET,8.0,raw_uniform_chunks,native,A-s11-d3-t4096,4096,composition,Draywell,Dagny Okonkwo,False,False,False,False,21.283236026763916,-5.003957271575928,643,4208
BUDGET,16.0,raw_uniform_chunks,native,A-s11-d3-t4096,4096,semantic,slate,None,False,False,False,False,-1.508749008178711,-13.468841552734375,359,4208
BUDGET,16.0,raw_uniform_chunks,native,A-s11-d3-t4096,4096,identifier,RT-7321-KP,Harlow-2082,False,False,False,False,2.1429219245910645,-5.895968914031982,366,4208
BUDGET,16.0,raw_uniform_chunks,native,A-s11-d3-t4096,4096,number,"40,087",0,False,False,False,False,-1.5858240127563477,-6.0409674644470215,367,4208
BUDGET,16.0,raw_uniform_chunks,native,A-s11-d3-t4096,4096,date,2031-05-26,The document does not mention the date when the structural audit for Harlow-2111 closed.,False,False,False,False,-0.125,-3.405226469039917,366,4208
BUDGET,16.0,raw_uniform_chunks,native,A-s11-d3-t4096,4096,hash,c57521a6383ce8e7,None,False,False,False,False,0.30219459533691406,-4.066836833953857,364,4208
BUDGET,16.0,raw_uniform_chunks,native,A-s11-d3-t4096,4096,path,/srv/calder/spool/kx33.log,None.,False,False,False,False,0.6181612014770508,-7.508424758911133,365,4208
BUDGET,16.0,raw_uniform_chunks,native,A-s11-d3-t4096,4096,url,https://relay.example.org/rel/5113,None.,False,False,False,False,-0.13040924072265625,-6.455766201019287,365,4208
BUDGET,16.0,raw_uniform_chunks,native,A-s11-d3-t4096,4096,proper_noun,Ingrid Sorley,Ingrid Ashgrove,False,False,False,True,-10.982709789648652,-11.009784698486328,366,4208
BUDGET,16.0,raw_uniform_chunks,native,A-s11-d3-t4096,4096,composition,Draywell,Vestry,False,False,False,False,21.869545698165894,-3.676589250564575,376,4208
SHUFFLE_TEXT,1.0,raw_shuffled,native,A-s11-d3-t4096,4096,semantic,slate,None,False,False,False,False,6.406250238418579,-2.084541082382202,4298,4208
SHUFFLE_TEXT,1.0,raw_shuffled,native,A-s11-d3-t4096,4096,identifier,RT-7321-KP,RT-7321-KP,True,True,True,False,4.976604461669922,0.0,4305,4208
SHUFFLE_TEXT,1.0,raw_shuffled,native,A-s11-d3-t4096,4096,number,"40,087","40,087",True,True,True,False,5.29351282119751,0.0,4306,4208
SHUFFLE_TEXT,1.0,raw_shuffled,native,A-s11-d3-t4096,4096,date,2031-05-26,2031-05-26,True,True,True,False,3.4000000953674316,0.0,4305,4208
SHUFFLE_TEXT,1.0,raw_shuffled,native,A-s11-d3-t4096,4096,hash,c57521a6383ce8e7,c57521a6383ce8e7,True,True,True,False,2.810739278793335,0.0,4303,4208
SHUFFLE_TEXT,1.0,raw_shuffled,native,A-s11-d3-t4096,4096,path,/srv/calder/spool/kx33.log,/srv/calder/spool/kx33.log,True,True,True,False,2.159090711720637,-0.000132129542180337,4304,4208
SHUFFLE_TEXT,1.0,raw_shuffled,native,A-s11-d3-t4096,4096,url,https://relay.example.org/rel/5113,https://relay.example.org/rel/5113,True,True,True,False,2.6354166070620835,-1.3907744289554103e-07,4304,4208
SHUFFLE_TEXT,1.0,raw_shuffled,native,A-s11-d3-t4096,4096,proper_noun,Ingrid Sorley,Ingrid Sorley,True,True,True,False,7.749999880790725,-1.1920927533992653e-07,4305,4208
SHUFFLE_TEXT,1.0,raw_shuffled,native,A-s11-d3-t4096,4096,composition,Draywell,Dagny Okonkwo.,False,False,False,False,11.791999340057373,-2.0839762687683105,4315,4208
NATIVE_CACHED,1.0,none,original,A-s11-d0-t16384,16384,semantic,amber,amber,True,True,True,False,6.812489033007296,-2.288792165927589e-05,16940,16888
NATIVE_CACHED,1.0,none,original,A-s11-d0-t16384,16384,identifier,MB-2316-MB,MB-2316-MB,True,True,True,False,8.906249955300495,-9.983738209484727e-07,16940,16888
NATIVE_CACHED,1.0,none,original,A-s11-d0-t16384,16384,number,"43,863","43,863",True,True,True,False,4.324269235134135,-5.960463411724959e-08,16940,16888
NATIVE_CACHED,1.0,none,original,A-s11-d0-t16384,16384,date,2030-07-15,2030-07-15,True,True,True,False,3.0757410526275635,0.0,16940,16888
NATIVE_CACHED,1.0,none,original,A-s11-d0-t16384,16384,hash,a91c9b7de0a35cb0,a91c9b7de0a35cb0,True,True,True,False,2.325003147125244,0.0,16940,16888
NATIVE_CACHED,1.0,none,original,A-s11-d0-t16384,16384,path,/srv/calder/spool/kx18.log,/srv/calder/spool/kx18.log,True,True,True,False,3.2394216282373236,-1.1421918316045776e-05,16940,16888
NATIVE_CACHED,1.0,none,original,A-s11-d0-t16384,16384,url,https://relay.example.org/rel/4340,https://relay.example.org/rel/4340,True,True,True,False,3.307588120308651,-1.172217594103131e-06,16940,16888
NATIVE_CACHED,1.0,none,original,A-s11-d0-t16384,16384,proper_noun,Tobias Sorley,Tobias Sorley,True,True,True,False,8.67666656971062,-6.437293222916196e-07,16940,16888
NATIVE_CACHED,1.0,none,original,A-s11-d0-t16384,16384,composition,Draywell,Draywell,True,True,True,False,7.062509815483281,-1.9748420527321286e-05,16940,16888
RANDOM,1.0,random_kv,original,A-s11-d0-t16384,16384,semantic,amber,"The


</document



 and",False,False,False,False,1.1693363189697266,-15.549320220947266,16940,16888
RANDOM,1.0,random_kv,original,A-s11-d0-t16384,16384,identifier,MB-2316-MB,the for the. for the for the for the for the for the for the for the for the for the for the for the for the for the for the for the for the for the for the for the for the for the for the,False,False,False,False,-0.009509086608886719,-10.42950439453125,16940,16888
RANDOM,1.0,random_kv,original,A-s11-d0-t16384,16384,number,"43,863","2
. 1. 2. 2
</",False,False,False,False,-0.3543381690979004,-7.354254245758057,16940,16888
RANDOM,1.0,random_kv,original,A-s11-d0-t16384,16384,date,2030-07-15,and for the. 1. The for the. 1. 2. 1. ..,False,False,False,False,-0.9530429840087891,-7.32839298248291,16940,16888
RANDOM,1.0,random_kv,original,A-s11-d0-t16384,16384,hash,a91c9b7de0a35cb0,to the,False,False,False,False,-1.5852365493774414,-12.054408073425293,16940,16888
RANDOM,1.0,random_kv,original,A-s11-d0-t16384,16384,path,/srv/calder/spool/kx18.log,to,False,False,False,False,0.20624351501464844,-16.987022399902344,16940,16888
RANDOM,1.0,random_kv,original,A-s11-d0-t16384,16384,url,https://relay.example.org/rel/4340,"to the


 in",False,False,False,False,-0.13639163970947266,-11.367477416992188,16940,16888
RANDOM,1.0,random_kv,original,A-s11-d0-t16384,16384,proper_noun,Tobias Sorley,"to the
Answer. 2. The
Answer. The
Answer. 1",False,False,False,False,1.1375102996826172,-15.4571533203125,16940,16888
RANDOM,1.0,random_kv,original,A-s11-d0-t16384,16384,composition,Draywell,"The
The


</document",False,False,False,False,-1.065399169921875,-16.16069984436035,16940,16888
SHUFFLE_KV_ORDER,1.0,shuffle_blocks,original,A-s11-d0-t16384,16384,semantic,amber,amber,True,True,True,False,6.62498807936754,-2.4318398573086597e-05,16940,16888
SHUFFLE_KV_ORDER,1.0,shuffle_blocks,original,A-s11-d0-t16384,16384,identifier,MB-2316-MB,MB-2316-MB,True,True,True,False,8.849609330300495,-9.983738209484727e-07,16940,16888
SHUFFLE_KV_ORDER,1.0,shuffle_blocks,original,A-s11-d0-t16384,16384,number,"43,863","43,863",True,True,True,False,4.357544322808614,-9.934104383546583e-08,16940,16888
SHUFFLE_KV_ORDER,1.0,shuffle_blocks,original,A-s11-d0-t16384,16384,date,2030-07-15,2030-07-15,True,True,True,False,3.1758391857147217,0.0,16940,16888
SHUFFLE_KV_ORDER,1.0,shuffle_blocks,original,A-s11-d0-t16384,16384,hash,a91c9b7de0a35cb0,a91c9b7de0a35cb0,True,True,True,False,2.2916717529296875,0.0,16940,16888
SHUFFLE_KV_ORDER,1.0,shuffle_blocks,original,A-s11-d0-t16384,16384,path,/srv/calder/spool/kx18.log,/srv/calder/spool/kx18.log,True,True,True,False,3.2394218556191845,-9.048769243236165e-06,16940,16888
SHUFFLE_KV_ORDER,1.0,shuffle_blocks,original,A-s11-d0-t16384,16384,url,https://relay.example.org/rel/4340,https://relay.example.org/rel/4340,True,True,True,False,3.3003580272223303,-7.450555017385341e-07,16940,16888
SHUFFLE_KV_ORDER,1.0,shuffle_blocks,original,A-s11-d0-t16384,16384,proper_noun,Tobias Sorley,Tobias Sorley,True,True,True,False,8.70267996788101,-6.198875439622498e-07,16940,16888
SHUFFLE_KV_ORDER,1.0,shuffle_blocks,original,A-s11-d0-t16384,16384,composition,Draywell,Draywell,True,True,True,False,7.250006159360964,-1.1960451047343668e-05,16940,16888
KV_STRIDE,2.0,stride,original,A-s11-d0-t16384,16384,semantic,amber,amber. The thermal. The thermal.1.1. 1.11. 1.1.1. 111. 1.1.1. 1 1.1 1 1.,True,True,True,False,25.295202828478068,-0.004750632215291262,8496,16888
KV_STRIDE,2.0,stride,original,A-s11-d0-t16384,16384,identifier,MB-2316-MB,MB. The Q.1.1.123. 0.1. 1.0.2. 0.1.0. 0.0. 0.0.2. The 0.,False,False,False,False,3.3046751022338867,-10.232709884643555,8496,16888
KV_STRIDE,2.0,stride,original,A-s11-d0-t16384,16384,number,"43,863",444. The Q3123. The Q3.1. 0.0. 0.0.0. 0.0.0 0.0.0. The 0.0,False,False,False,False,0.44592857360839844,-6.119867324829102,8496,16888
KV_STRIDE,2.0,stride,original,A-s11-d0-t16384,16384,date,2030-07-15,The thermal.203.1.223. 0.1.1.10.2. 0.24.0444.2 22 0. 0.0.,False,False,False,False,-0.6285781860351562,-7.240286350250244,8496,16888
KV_STRIDE,2.0,stride,original,A-s11-d0-t16384,16384,hash,a91c9b7de0a35cb0,a. The Q34.2.1.223. 0.1.1.10.2. 0.1.0. 0.0 0 0.0. 0.,False,False,False,False,-0.06833267211914062,-13.87204647064209,8496,16888
KV_STRIDE,2.0,stride,original,A-s11-d0-t16384,16384,path,/srv/calder/spool/kx18.log,/s. The thermal.2.1. 123. 0.1. 0.0.1. 0.1.0.0.24. 0.0.2. The 0,False,False,False,False,0.1652984619140625,-20.053611755371094,8496,16888
KV_STRIDE,2.0,stride,original,A-s11-d0-t16384,16384,url,https://relay.example.org/rel/4340,https. The Q.2.1. 123. 0.1. 0.0.2. 0.0.0.0 0.0 0 0.0 0.0,False,False,False,False,0.6744117736816406,-12.873550415039062,8496,16888
KV_STRIDE,2.0,stride,original,A-s11-d0-t16384,16384,proper_noun,Tobias Sorley,In the usual.2. The Q3123. The Q3.1. 111. Ash.1.2.1.24.2.2 22.2. The 2.,False,False,False,False,-4.09398078918457,-21.280807495117188,8496,16888
KV_STRIDE,2.0,stride,original,A-s11-d0-t16384,16384,composition,Draywell,Dr.2. The thermal.0.1. 12. Ash.0.1. 0. 24. 0.2.1. The 0.2. 1.0.1.,False,False,False,False,2.7375621795654297,-18.050092697143555,8496,16888
KV_SINK,2.0,sink,original,A-s11-d0-t16384,16384,semantic,amber,amber. The Q3.1. The Q3.1.1.112.4.10.1.10.0. 0.0.0.00 0.0 0,True,True,True,False,18.79903109371662,-0.09423749148845673,8494,16888
KV_SINK,2.0,sink,original,A-s11-d0-t16384,16384,identifier,MB-2316-MB,XD. The Q3.2. The Q312.1.10.1. 0.04.1.0.0.04.0.0.0.0.0. The,False,False,False,False,-1.184739112854004,-11.78553581237793,8494,16888
KV_SINK,2.0,sink,original,A-s11-d0-t16384,16384,number,"43,863",4. The Q3. The Q30.1. Ashcombe.0. 0.0.0. The 0.0. 0.0.0.0.0.0. The Q3 scheduled,False,False,False,False,1.4304466247558594,-6.437727451324463,8494,16888
KV_SINK,2.0,sink,original,A-s11-d0-t16384,16384,date,2030-07-15,2. The Q3.2. The Q312.1.10.2.10.0. 0.0.0.0440.0 04 0. The 0,False,False,False,False,-0.33197021484375,-7.106158256530762,8494,16888
KV_SINK,2.0,sink,original,A-s11-d0-t16384,16384,hash,a91c9b7de0a35cb0,The Q3. The Q34.1.2.12.1.10.2.10.0. 0.0.0.0.40.0 0.0.0.,False,False,False,False,-2.4910430908203125,-15.413114547729492,8494,16888
KV_SINK,2.0,sink,original,A-s11-d0-t16384,16384,path,/srv/calder/spool/kx18.log,/d. The thermal. the Q.1. 111. 1.12. 10.04. 04 0.4444.2 0.2.4. The,False,False,False,False,-0.31218910217285156,-20.951631546020508,8494,16888
KV_SINK,2.0,sink,original,A-s11-d0-t16384,16384,url,https://relay.example.org/rel/4340,https. The thermal. the Mir.1. Ash.12. Ash. Ash.1. 24.2. Long.222.24444.24444.2. The,False,False,False,False,0.3906698226928711,-13.539421081542969,8494,16888
KV_SINK,2.0,sink,original,A-s11-d0-t16384,16384,proper_noun,Tobias Sorley,"T. The Q3.1. The Q3
1.1.10.1.10.0. 0.1.0.1.40.0.24 0.00.",False,False,False,False,1.9883747100830078,-17.573040008544922,8494,16888
KV_SINK,2.0,sink,original,A-s11-d0-t16384,16384,composition,Draywell,F.22.1.10.0. 0.0. 0.0.0. 0 0.0 0 0 0. The Q3 0.0 0 0,False,False,False,False,-4.414302825927734,-19.888383865356445,8494,16888
KV_STRIDE_COMPACT,2.0,stride,compact,A-s11-d0-t16384,16384,semantic,amber,The Q3.1. The Q3.2. 2.12. 2.24. 24.2. 2. 1. 2. 2.2.2.2.,False,False,False,False,10.351943016052246,-14.248299598693848,8496,16888
KV_STRIDE_COMPACT,2.0,stride,compact,A-s11-d0-t16384,16384,identifier,MB-2316-MB,2.20. 2.22. 2.20. 24.2. 2. 2. 0. 24. 0.2.0. The 2.,False,False,False,False,-0.31229400634765625,-13.375255584716797,8496,16888
KV_STRIDE_COMPACT,2.0,stride,compact,A-s11-d0-t16384,16384,number,"43,863",the usual.2. the 12. 2.24. 24 23. 0 and 0. 0 0.0 0.0.0. The 0.0.,False,False,False,False,-1.047938346862793,-10.419525146484375,8496,16888
KV_STRIDE_COMPACT,2.0,stride,compact,A-s11-d0-t16384,16384,date,2030-07-15,and the 1.1. 111. 2.1.1. 111. 0. 1. 0. 1.1 0.2.4. The 2.,False,False,False,False,-0.2114119529724121,-6.539607048034668,8496,16888
KV_STRIDE_COMPACT,2.0,stride,compact,A-s11-d0-t16384,16384,hash,a91c9b7de0a35cb0,and the 2.1.1. 111. 2.1.1. 111. 0. 1. 0. 1.1. 2.2. The Q3,False,False,False,False,-2.367814064025879,-16.5034122467041,8496,16888
KV_STRIDE_COMPACT,2.0,stride,compact,A-s11-d0-t16384,16384,path,/srv/calder/spool/kx18.log,and the 1.1. 1.11. 2.1.1. 111. 0. 0. 0. 1.3 0 2.4. The 2,False,False,False,False,-0.08119583129882812,-20.3676815032959,8496,16888
KV_STRIDE_COMPACT,2.0,stride,compact,A-s11-d0-t16384,16384,url,https://relay.example.org/rel/4340,and the 2.2. 2.22. 2.24. 24 2. 2. 2. 2 24.2 2 2.4. The 2,False,False,False,False,0.35198402404785156,-13.609808921813965,8496,16888
KV_STRIDE_COMPACT,2.0,stride,compact,A-s11-d0-t16384,16384,proper_noun,Tobias Sorley,and the 1.1. 111. 1.1.1. 111. 0. 1. 0. 1.1 0.2.4. The 0.,False,False,False,False,-1.3805618286132812,-23.15973472595215,8496,16888
KV_STRIDE_COMPACT,2.0,stride,compact,A-s11-d0-t16384,16384,composition,Draywell,1. 2.20. 24.2. 2. 2. 2. 2.2.2 2.4. The 2.2. 24. 2.,False,False,False,False,0.44711875915527344,-22.339399337768555,8496,16888
KV_STRIDE,4.0,stride,original,A-s11-d0-t16384,16384,semantic,amber,Answer. The Q3. The. The Q3.. The. The Q3. The. The Q3. The.2. The Q. The Q3. The. The Q. The.. the Q3.,False,False,False,False,6.501889228820801,-13.506192207336426,4274,16888
KV_STRIDE,4.0,stride,original,A-s11-d0-t16384,16384,identifier,MB-2316-MB,XD. The Q3. the Q3. The Q3. 3 1 for the Q33 03. The Q 0 for the Q 0. 0 0 0 3 0,False,False,False,False,-0.6440296173095703,-10.945463180541992,4274,16888
KV_STRIDE,4.0,stride,original,A-s11-d0-t16384,16384,number,"43,863","4




 the Q3












3





 for the",False,False,False,False,1.6458253860473633,-10.917925834655762,4274,16888
KV_STRIDE,4.0,stride,original,A-s11-d0-t16384,16384,date,2030-07-15,"2






 2 2 2



 for the Q3

 1
 1 0 for the



 3
 1 1 3 0",False,False,False,False,-0.935582160949707,-7.483044624328613,4274,16888
KV_STRIDE,4.0,stride,original,A-s11-d0-t16384,16384,hash,a91c9b7de0a35cb0,The Q3. The Q3. the Q3. 2. 3. The  for the Q33 0. 1 3 for the Q3. The Q3 0 0 0 0,False,False,False,False,-2.646967887878418,-15.608916282653809,4274,16888
KV_STRIDE,4.0,stride,original,A-s11-d0-t16384,16384,path,/srv/calder/spool/kx18.log,/s. The data. The Q. the backup. 2. 1. The  for the 1. 0. 1 0 0. The 1  0 0 0 3 0,False,False,False,False,0.1655120849609375,-20.903846740722656,4274,16888
KV_STRIDE,4.0,stride,original,A-s11-d0-t16384,16384,url,https://relay.example.org/rel/4340,The was in the Q3. the Q3. 2. 3 3  for the Q33 03 1 3 for the Q3 3  0 0 0 3 0,False,False,False,False,0.36363697052001953,-12.709861755371094,4274,16888
KV_STRIDE,4.0,stride,original,A-s11-d0-t16384,16384,proper_noun,Tobias Sorley,In. The Q3. the Q3. 1. 3. 3 for the Q33 0. 1 3 0 0. The  0 0 0 3 3,False,False,False,False,-0.496826171875,-19.37404441833496,4274,16888
KV_STRIDE,4.0,stride,original,A-s11-d0-t16384,16384,composition,Draywell,"Dr at the facility was the maintenance. The for the Q3. the maintenance for the Q3 for the Q. The facility. for the Q the Q3. The Q. the Q
 the Q. The Q. The Q",False,False,False,False,10.580788612365723,-13.9967622756958,4274,16888
KV_SINK,4.0,sink,original,A-s11-d0-t16384,16384,semantic,amber,None was published. The Q3. The was not. The. The Q3. and the Q3. and the Q. The Q. The Q. The Q3. Q. The Q. The Q. Q. The,False,False,False,False,7.382277488708496,-14.324246406555176,4273,16888
KV_SINK,4.0,sink,original,A-s11-d0-t16384,16384,identifier,MB-2316-MB,XD. The was published. The. The Q3. The. 0. and the Q.11. 0. 0. 0. The Q. The 0. 0.0. 0.,False,False,False,False,-3.128657341003418,-13.341888427734375,4273,16888
KV_SINK,4.0,sink,original,A-s11-d0-t16384,16384,number,"43,863",3. The Q 1. The Q3 1. 0. The Q313.3.3. The Q3 0 0. The Q3 0. Q3 0 0 0,False,False,False,False,0.38204526901245117,-7.729640483856201,4273,16888
KV_SINK,4.0,sink,original,A-s11-d0-t16384,16384,date,2030-07-15,The Q.1. The thermal. The Q3. The. 0. and the Q to the Q.1. 1. The Q3 0. The Q3 0. The Q3. 0.,False,False,False,False,-1.2042832374572754,-7.412044525146484,4273,16888
KV_SINK,4.0,sink,original,A-s11-d0-t16384,16384,hash,a91c9b7de0a35cb0,The Q3. The Q3. The. The Q3. and the Vest. The. The. The Q3. 0. 0. Q3. The Q. The Q 0. The Q.0.,False,False,False,False,-3.7865095138549805,-17.1539306640625,4273,16888
KV_SINK,4.0,sink,original,A-s11-d0-t16384,16384,path,/srv/calder/spool/kx18.log,"https. The was. The. The. The Q3. and the Vest. The. The to the Q3. The Q. 0. and to the Q. The. The Q
 0.0. 0",False,False,False,False,0.007902145385742188,-22.1884708404541,4273,16888
KV_SINK,4.0,sink,original,A-s11-d0-t16384,16384,url,https://relay.example.org/rel/4340,https. The was. The Mir was. The Q3. and the Mir. The. The to the Q3. The Q. 0. Q3. The Q. The Q. 0. The Q. 0,False,False,False,False,0.6402273178100586,-12.142459869384766,4273,16888
KV_SINK,4.0,sink,original,A-s11-d0-t16384,16384,proper_noun,Tobias Sorley,In. The. The Q. The Q3. 1. 0. and the Q. 0. 0. 0. 0 0. The 0 0 0.0 0 0,False,False,False,False,-5.2335205078125,-25.28017807006836,4273,16888
KV_SINK,4.0,sink,original,A-s11-d0-t16384,16384,composition,Draywell,B. the facility was the facility. The to the facility to the facility. 1. The Q3 to the Q. The Q3  the Q3.1. The Q. The Q. The Q 3. The,False,False,False,False,4.887327194213867,-21.028060913085938,4273,16888
KV_STRIDE_COMPACT,4.0,stride,compact,A-s11-d0-t16384,16384,semantic,amber,"and the new for the following for the same. The Q. the same for the following for the ""D. The for the ""D was left for the ""the for the ""for the ""for ""for for the ""the for",False,False,False,False,-2.4470043182373047,-28.628145217895508,4274,16888
KV_STRIDE_COMPACT,4.0,stride,compact,A-s11-d0-t16384,16384,identifier,MB-2316-MB,"for the



 for the

1






 for the



















 the",False,False,False,False,0.0929098129272461,-13.721413612365723,4274,16888
KV_STRIDE_COMPACT,4.0,stride,compact,A-s11-d0-t16384,16384,number,"43,863",for the Q3. 1 for the following for the 3. The for the 1 was for the 1. The Q3 for the 2. for the 0.0.2. 0. 3,False,False,False,False,1.4253292083740234,-9.15853500366211,4274,16888
KV_STRIDE_COMPACT,4.0,stride,compact,A-s11-d0-t16384,16384,date,2030-07-15,"for the

The Q. for the
1






 for the



















 the",False,False,False,False,0.31514644622802734,-6.892716407775879,4274,16888
KV_STRIDE_COMPACT,4.0,stride,compact,A-s11-d0-t16384,16384,hash,a91c9b7de0a35cb0,"1. for the Q3 and the Q3 for the following for the



 for the










 for the






 the",False,False,False,False,-2.9562911987304688,-15.874345779418945,4274,16888
KV_STRIDE_COMPACT,4.0,stride,compact,A-s11-d0-t16384,16384,path,/srv/calder/spool/kx18.log,"for the Q. The Q3. for the ""The Q3. 1. The for the ""for the Q3. ""the for the Q3 for the ""The Q3. The Q3.0. ""for",False,False,False,False,0.10480880737304688,-21.026269912719727,4274,16888
KV_STRIDE_COMPACT,4.0,stride,compact,A-s11-d0-t16384,16384,url,https://relay.example.org/rel/4340,"for the Q4. The Q. for the ""The Q3. 0. The for the ""for the Q3. ""the for the Q3 for the ""for for the ""the the Q3.3. """,False,False,False,False,0.49358463287353516,-13.672618865966797,4274,16888
KV_STRIDE_COMPACT,4.0,stride,compact,A-s11-d0-t16384,16384,proper_noun,Tobias Sorley,"for the

The Q. 1 for the






 for the



















 the",False,False,False,False,1.0160179138183594,-21.980188369750977,4274,16888
KV_STRIDE_COMPACT,4.0,stride,compact,A-s11-d0-t16384,16384,composition,Draywell,"for the following for the ""The Q3 for the ""for the Q3. ""the for the Q3 for the ""for for the ""the the Q3 for the ""for the ""for the Q3. ""for the",False,False,False,False,0.19656944274902344,-21.255340576171875,4274,16888
KV_STRIDE,8.0,stride,original,A-s11-d0-t16384,16384,semantic,amber,"Answer
 the Calder. the new the the new for the Vest for the the the the new the new the Calder was the the the the Calder was the new for the Q was the the the the was the new the the the the the",False,False,False,False,7.027225494384766,-13.476314544677734,2163,16888
KV_STRIDE,8.0,stride,original,A-s11-d0-t16384,16384,identifier,MB-2316-MB,"MB
 the Calder.
 1?
 the the the 13?
The  the Calder for the Calder was    was the Calder was the  the Calder for the Q the the the the   the the  for the",False,False,False,False,3.5392990112304688,-11.215944290161133,2163,16888
KV_STRIDE,8.0,stride,original,A-s11-d0-t16384,16384,number,"43,863","0
 Vest. the Q the the the Q the Q?
 the Q3?
 the Q the Vest for the Q was the Q the Q for the Q3 and the Q for the Q for the Q for the Q3 for the",False,False,False,False,0.9006586074829102,-9.070930480957031,2163,16888
KV_STRIDE,8.0,stride,original,A-s11-d0-t16384,16384,date,2030-07-15,The to the thermal the Q of the the the the Ord the Calder for the Q  to the the Calder for the  to the the the Q the Q for the Q3 was the the Q the Q was the the Q was the,False,False,False,False,0.5905075073242188,-8.852109909057617,2163,16888
KV_STRIDE,8.0,stride,original,A-s11-d0-t16384,16384,hash,a91c9b7de0a35cb0,"The
?
The?
 the Vest?
 The?
 the the the the?
The?
 the Q was the
 the Vest for the 23 was the Q. the the



 the the Vest for the the
 the the",False,False,False,False,-2.66457462310791,-16.061527252197266,2163,16888
KV_STRIDE,8.0,stride,original,A-s11-d0-t16384,16384,path,/srv/calder/spool/kx18.log,"/k.
 path. the Vest at the Calder the the the Calder the Calder for the Calder for the the Calder for the Calder for the the Calder for the Calder for the Calder for the Q
 the the the the for the the the Calder",False,False,False,False,-0.13341712951660156,-17.479183197021484,2163,16888
KV_STRIDE,8.0,stride,original,A-s11-d0-t16384,16384,url,https://relay.example.org/rel/4340,"https
 the the Mir at the mirror at the the the Mir for the mirror was the Calder for the the Calder at the mirror at the Calder at the Calder at the mirror at the mirror the the mirror at the the the the mirror the",False,False,False,False,0.39903736114501953,-9.21563720703125,2163,16888
KV_STRIDE,8.0,stride,original,A-s11-d0-t16384,16384,proper_noun,Tobias Sorley,Row the Har for the Har for the Har the Har the Har for the Har for the Har for the Har for the for the Har for the Q the Q for the hand for the the the Har for the for the the Q for the,False,False,False,False,2.4510440826416016,-18.03471565246582,2163,16888
KV_STRIDE,8.0,stride,original,A-s11-d0-t16384,16384,composition,Draywell,V the Calder the facility for the facility at the facility was the Calder was at the Calder was theed the the the Calder for the Calder at the Calder at the for the for the Calder was the for the facility for the facility for the,False,False,False,False,4.510123252868652,-13.924384117126465,2163,16888
KV_SINK,8.0,sink,original,A-s11-d0-t16384,16384,semantic,amber,"None
 the 2 was the    and the  the  the Vest of the  the the the Vest was to the the the the the the  the the the the the the  the and the the the Mir was the",False,False,False,False,7.126212120056152,-12.421481132507324,2162,16888
KV_SINK,8.0,sink,original,A-s11-d0-t16384,16384,identifier,MB-2316-MB,"MB
 the replacement for the replacement for the Mir, the Ord, the same?
?
 the same to the the same for the same for the same the same for the same for the Mir for the Mir was for the same for the same",False,False,False,False,0.6397294998168945,-10.813298225402832,2162,16888
KV_SINK,8.0,sink,original,A-s11-d0-t16384,16384,number,"43,863","3
 the Q?
The?
 the Q?
 ?
 ?
 the Q.
 ?
 the  for the , the , the the Q, the Vest. the for the same for for the total for the Q3",False,False,False,False,0.244415283203125,-7.229461193084717,2162,16888
KV_SINK,8.0,sink,original,A-s11-d0-t16384,16384,date,2030-07-15,"Answer was the Q for the  the Ord  the Ord for the Ord, the same?
 to the the the same for the same for the the Ord for the same for the Ord the Ord was the the and for the the the same",False,False,False,False,0.2639174461364746,-7.320680141448975,2162,16888
KV_SINK,8.0,sink,original,A-s11-d0-t16384,16384,hash,a91c9b7de0a35cb0,"The

 the Q?
 ?
?
?
  for the ?
 the same the Vest for the same was the the . the for the same for the same for the same was for the for the Vest for the for the same",False,False,False,False,-3.631898880004883,-15.833990097045898,2162,16888
KV_SINK,8.0,sink,original,A-s11-d0-t16384,16384,path,/srv/calder/spool/kx18.log,"/s
 the Q and the Vest for the Vest for the Vest. the same the other. the Vest and the the the same for the Vest. the same the same the same for the and the other for the and the same for the",False,False,False,False,-0.005344390869140625,-18.137407302856445,2162,16888
KV_SINK,8.0,sink,original,A-s11-d0-t16384,16384,url,https://relay.example.org/rel/4340,"https was the Q?
 The?
  the Mir, the Mir?
 the same the same?
 to the same the the the same, the same. to the the same the same was at the
 the the and at the same for the",False,False,False,False,0.7979307174682617,-12.222969055175781,2162,16888
KV_SINK,8.0,sink,original,A-s11-d0-t16384,16384,proper_noun,Tobias Sorley,"In
 the maintenance for the  the Har for the Har for the Har for the Har for the Vest, the same for the Vest. the Vest for the same for the Har for the Har for the for the Har for the same for",False,False,False,False,-1.8518695831298828,-18.69900131225586,2162,16888
KV_SINK,8.0,sink,original,A-s11-d0-t16384,16384,composition,Draywell,"Row out the facility was the facility? The?
 The?
 The the same and the facility was the same the facility was the facility. and the Mir was the Mir was for the the facility. the same for the the the facility for the",False,False,False,False,1.3432016372680664,-13.583418846130371,2162,16888
KV_STRIDE_COMPACT,8.0,stride,compact,A-s11-d0-t16384,16384,semantic,amber,"""D. and the Calder. Calder for the Calder. Vest. the Calder the Calder.2 for the Q. The Q for the Calder for the Q3 was the Q. Q for the Q3 was the Q for the Q",False,False,False,False,8.415777206420898,-10.641801834106445,2163,16888
KV_STRIDE_COMPACT,8.0,stride,compact,A-s11-d0-t16384,16384,identifier,MB-2316-MB,"Vest for the Calder. Vest. Vest for the Calder for the Calder for the Q3. The Q. ""D for the Calder. The Q3. the Calder for the Q4. the Q3 was for the Q33",False,False,False,False,-0.469085693359375,-11.920355796813965,2163,16888
KV_STRIDE_COMPACT,8.0,stride,compact,A-s11-d0-t16384,16384,number,"43,863",the Calder. Vest. Vest for the Calder for the Calder for the Q3 was the Calder for the Calder for the Q was the Q3. the Q3.3. the Q3 was carried for the Q33 for the,False,False,False,False,-0.0699014663696289,-9.056944847106934,2163,16888
KV_STRIDE_COMPACT,8.0,stride,compact,A-s11-d0-t16384,16384,date,2030-07-15,"2. The. the Calder. the Calder. The 2 for the Calder. The Q3. the Calder.2 was not. The Q3. the. and the Calder. the Cal. the. The Q3,3",False,False,False,False,0.1883702278137207,-7.234230995178223,2163,16888
KV_STRIDE_COMPACT,8.0,stride,compact,A-s11-d0-t16384,16384,hash,a91c9b7de0a35cb0,V3. the Q3 for the Calder. the Calder. the Q was the Q3 was not the Calder for the Calder for the Calder. The Q3. the Q3.3. the Q3 was carried for the Q,False,False,False,False,-3.0175065994262695,-14.203080177307129,2163,16888
KV_STRIDE_COMPACT,8.0,stride,compact,A-s11-d0-t16384,16384,path,/srv/calder/spool/kx18.log,1. the Q3 for the Calder. the Calder.223 for the Q3 was the Calder for the Calder for the Calder. The Q3. the Q3.3. the Q3 was carried for the Q3,False,False,False,False,0.05895805358886719,-19.366975784301758,2163,16888
KV_STRIDE_COMPACT,8.0,stride,compact,A-s11-d0-t16384,16384,url,https://relay.example.org/rel/4340,1. the Q. the Calder. the Calder. The 2 for the Q. The Q3. the Calder.2 was not. The Q3. the. and the Q was the Q3 was for the Q3 for,False,False,False,False,0.08269023895263672,-12.676957130432129,2163,16888
KV_STRIDE_COMPACT,8.0,stride,compact,A-s11-d0-t16384,16384,proper_noun,Tobias Sorley,"2. The. the Calder. the the the the Calder.2 for the Calder. The Q. the Calder.2 was not. The Q3. the. and the Calder. the Cal. the "" for the. the Q",False,False,False,False,-1.3716583251953125,-21.72857666015625,2163,16888
KV_STRIDE_COMPACT,8.0,stride,compact,A-s11-d0-t16384,16384,composition,Draywell,the Calder for the Calder for the Q3 was the Calder for the Calder for the Q was the Q3. the Q3.3. the Q3 was for the Q3 for the Q for the Q. The Q. for,False,False,False,False,1.3597583770751953,-14.111477851867676,2163,16888
KV_STRIDE,16.0,stride,original,A-s11-d0-t16384,16384,semantic,amber,"None

 the the the the the the the the the.. the the the the the the the the the the the the the the the the the the the the the the the the the the the the the the the the the the",False,False,False,False,10.125694274902344,-10.742843627929688,1108,16888
KV_STRIDE,16.0,stride,original,A-s11-d0-t16384,16384,identifier,MB-2316-MB,Mir. assembly. the assembly... the the the the the... the assembly.. the.. the the the the the the. the Mir. the....... the... the.,False,False,False,False,1.5583457946777344,-15.617292404174805,1108,16888
KV_STRIDE,16.0,stride,original,A-s11-d0-t16384,16384,number,"43,863",1. the total.. . the the the the................................... the,False,False,False,False,-0.14968013763427734,-9.445121765136719,1108,16888
KV_STRIDE,16.0,stride,original,A-s11-d0-t16384,16384,date,2030-07-15,April.. document. the.... the the the the.............. the...................,False,False,False,False,-0.682830810546875,-13.577191352844238,1108,16888
KV_STRIDE,16.0,stride,original,A-s11-d0-t16384,16384,hash,a91c9b7de0a35cb0,"5

 .. ..... the the the the...... the.... the... the................",False,False,False,False,-1.477499008178711,-16.954395294189453,1108,16888
KV_STRIDE,16.0,stride,original,A-s11-d0-t16384,16384,path,/srv/calder/spool/kx18.log,"/


 document. path.... the the the path.................................",False,False,False,False,0.15088844299316406,-20.3520450592041,1108,16888
KV_STRIDE,16.0,stride,original,A-s11-d0-t16384,16384,url,https://relay.example.org/rel/4340,"https
 the mirror. the..... the the the the.................................",False,False,False,False,0.5590753555297852,-14.97635555267334,1108,16888
KV_STRIDE,16.0,stride,original,A-s11-d0-t16384,16384,proper_noun,Tobias Sorley,Row. document. the..... the the the the.............. the...................,False,False,False,False,2.0695877075195312,-18.14847183227539,1108,16888
KV_STRIDE,16.0,stride,original,A-s11-d0-t16384,16384,composition,Draywell,B the facility the the facility.. the facility. unit... the the.. the the the the the Har the the the the the the. the the the the the the the the the the the the the the the the,False,False,False,False,-3.4018735885620117,-19.181318283081055,1108,16888
KV_SINK,16.0,sink,original,A-s11-d0-t16384,16384,semantic,amber,Answer was was without the the the the the the the the the the the the the the the the the the the the the the the the the the the the the the the the the the the the the the the the the the the at,False,False,False,False,10.663931131362915,-3.168199300765991,1107,16888
KV_SINK,16.0,sink,original,A-s11-d0-t16384,16384,identifier,MB-2316-MB,MB was was... the assembly for the. the the. the the the the the the the the the the the the the the the the the the the the the the the the the the for for for for the the for at,False,False,False,False,3.0944175720214844,-13.380086898803711,1107,16888
KV_SINK,16.0,sink,original,A-s11-d0-t16384,16384,number,"43,863",1..    1   .   the the. .   the   the 3. the the the the the. .  2 for for for   2 for for,False,False,False,False,-0.09558773040771484,-8.790474891662598,1107,16888
KV_SINK,16.0,sink,original,A-s11-d0-t16384,16384,date,2030-07-15,April was was without the. .. the. the the. the. the the the the the the the the the the the the the the the the the the the the the the.. the at for for the the the at,False,False,False,False,-0.08566570281982422,-12.338526725769043,1107,16888
KV_SINK,16.0,sink,original,A-s11-d0-t16384,16384,hash,a91c9b7de0a35cb0,The.. was was.... ... the... the the the. the.. the. the the the.. the the the the the the... in. the for for for the the,False,False,False,False,-1.341623306274414,-17.55689239501953,1107,16888
KV_SINK,16.0,sink,original,A-s11-d0-t16384,16384,path,/srv/calder/spool/kx18.log,/ path was path was..... the. the the.. the the the the path.. the the the the the the. the the the the the the the path. in. path for for for the path for,False,False,False,False,0.27237892150878906,-19.427135467529297,1107,16888
KV_SINK,16.0,sink,original,A-s11-d0-t16384,16384,url,https://relay.example.org/rel/4340,https.. was at....... the... the. the. the... the. the the the. the. the the the the..... at at at for the the for,False,False,False,False,0.3025236129760742,-12.9835205078125,1107,16888
KV_SINK,16.0,sink,original,A-s11-d0-t16384,16384,proper_noun,Tobias Sorley,"Mir
 staff was.... was...... the the the the. the the the the the the the the the the the the the the the the the. the the the for the the the the for the",False,False,False,False,-1.8014335632324219,-19.873836517333984,1107,16888
KV_SINK,16.0,sink,original,A-s11-d0-t16384,16384,composition,Draywell,Long at. facility. facility. the the the. the.. the. the the. the. the the the the the. the the the the at for for for the the for at at for for the to to the the the,False,False,False,False,-3.42431640625,-15.847155570983887,1107,16888
KV_STRIDE_COMPACT,16.0,stride,compact,A-s11-d0-t16384,16384,semantic,amber,"the new. The Har. the same. The new. the. The the same the the the.2. the same. the same. the "" in. the "" the same. the ""the. The ""1. the same",False,False,False,False,2.9043312072753906,-17.688575744628906,1108,16888
KV_STRIDE_COMPACT,16.0,stride,compact,A-s11-d0-t16384,16384,identifier,MB-2316-MB,"the same. The other.. the. the same the the the same. the same. the same.. the "" in the same. the same. the same. The same. ""1. "" and. ""for. the",False,False,False,False,-0.5643787384033203,-13.109956741333008,1108,16888
KV_STRIDE_COMPACT,16.0,stride,compact,A-s11-d0-t16384,16384,number,"43,863","the same. The. the. the "" the the the same. the same.2. the ""2 and ""2. the ""2. the ""the. ""1. ""2. ""the. ""2. the """,False,False,False,False,-0.2575516700744629,-7.377347946166992,1108,16888
KV_STRIDE_COMPACT,16.0,stride,compact,A-s11-d0-t16384,16384,date,2030-07-15,"the the same. The. the. The. The the the the.2.. the same. the. the. in.. the.. the... The. The. ""the. ""the. ""the.",False,False,False,False,-1.095621109008789,-8.93134880065918,1108,16888
KV_STRIDE_COMPACT,16.0,stride,compact,A-s11-d0-t16384,16384,hash,a91c9b7de0a35cb0,"<. the same. The ""The. the. the "" the the the ""2 and ""the. the ""the. ""1 ""the. the ""2. ""the. ""1. ""2. ""the. """,False,False,False,False,-2.132406234741211,-13.28287410736084,1108,16888
KV_STRIDE_COMPACT,16.0,stride,compact,A-s11-d0-t16384,16384,path,/srv/calder/spool/kx18.log,"the document.. The other.. the. the the the the the same. the same.2. the same. the ""1. the same. the same. ""the. The. ""2. ""the. ""the",False,False,False,False,0.32835960388183594,-17.02910041809082,1108,16888
KV_STRIDE_COMPACT,16.0,stride,compact,A-s11-d0-t16384,16384,url,https://relay.example.org/rel/4340,"the document.. The new. the. The. The the the the.2.. the same. the. ""the in.. the "" and. the ""the. The ""1. "" and.. ""for.",False,False,False,False,0.05306053161621094,-10.988001823425293,1108,16888
KV_STRIDE_COMPACT,16.0,stride,compact,A-s11-d0-t16384,16384,proper_noun,Tobias Sorley,"the same. The same.. the. the same the the the same. the same.2. the same. ""1.. the same. the same. ""the. The. ""2. ""the. ""the.",False,False,False,False,-0.29314231872558594,-20.085779190063477,1108,16888
KV_STRIDE_COMPACT,16.0,stride,compact,A-s11-d0-t16384,16384,composition,Draywell,"the the the the the same. the same. the same.. "" in ""2 and the "" the same. ""the. The ""1. "" and ""the. ""the. The "" the ""for. ""1.",False,False,False,False,-1.820969581604004,-16.920949935913086,1108,16888
BUDGET,2.0,raw_uniform_chunks,native,A-s11-d0-t16384,16384,semantic,amber,amber,True,True,True,False,10.124997377410637,-5.483612312673358e-06,8529,16888
BUDGET,2.0,raw_uniform_chunks,native,A-s11-d0-t16384,16384,identifier,MB-2316-MB,MB-2316-MB,True,True,True,False,5.6796875,0.0,8535,16888
BUDGET,2.0,raw_uniform_chunks,native,A-s11-d0-t16384,16384,number,"43,863","43,863",True,True,True,False,8.23369312286377,0.0,8537,16888
BUDGET,2.0,raw_uniform_chunks,native,A-s11-d0-t16384,16384,date,2030-07-15,2029-12-02,False,False,False,True,-3.262260612566024,-3.264585494995117,8535,16888
BUDGET,2.0,raw_uniform_chunks,native,A-s11-d0-t16384,16384,hash,a91c9b7de0a35cb0,a91c9b7de0a35cb0,True,True,True,False,5.848670959472656,0.0,8533,16888
BUDGET,2.0,raw_uniform_chunks,native,A-s11-d0-t16384,16384,path,/srv/calder/spool/kx18.log,/srv/calder/spool/kx18.log,True,True,True,False,3.5834495167291607,-1.5821024135220796e-05,8534,16888
BUDGET,2.0,raw_uniform_chunks,native,A-s11-d0-t16384,16384,url,https://relay.example.org/rel/4340,https://relay.example.org/rel/4340,True,True,True,False,3.4702022473018133,-1.9868207346007694e-07,8534,16888
BUDGET,2.0,raw_uniform_chunks,native,A-s11-d0-t16384,16384,proper_noun,Tobias Sorley,Tobias Sorley,True,True,True,False,11.006101036072437,-5.722039304600912e-07,8535,16888
BUDGET,2.0,raw_uniform_chunks,native,A-s11-d0-t16384,16384,composition,Draywell,Draywell,True,True,True,False,6.6914259465411305,-0.007851931266486645,8544,16888
BUDGET,4.0,raw_uniform_chunks,native,A-s11-d0-t16384,16384,semantic,amber,amber,True,True,True,False,14.812887072712329,-1.728519782773219e-05,4324,16888
BUDGET,4.0,raw_uniform_chunks,native,A-s11-d0-t16384,16384,identifier,MB-2316-MB,None,False,False,False,False,0.10248851776123047,-7.093049049377441,4330,16888
BUDGET,4.0,raw_uniform_chunks,native,A-s11-d0-t16384,16384,number,"43,863","43,863",True,True,True,False,8.617547035217285,0.0,4332,16888
BUDGET,4.0,raw_uniform_chunks,native,A-s11-d0-t16384,16384,date,2030-07-15,The document does not mention the thermal audit for Ordell-2391 closing on any specific date.,False,False,False,False,0.8000044822692871,-2.9650471210479736,4330,16888
BUDGET,4.0,raw_uniform_chunks,native,A-s11-d0-t16384,16384,hash,a91c9b7de0a35cb0,The document does not provide the manifest digest for Vestry-2418.,False,False,False,False,-0.7524702548980713,-4.523071765899658,4328,16888
BUDGET,4.0,raw_uniform_chunks,native,A-s11-d0-t16384,16384,path,/srv/calder/spool/kx18.log,"Answer: The Q3 reconciliation for Vestry-2381 totalled 43,863 credits.",False,False,False,False,-0.06947517395019531,-7.173745632171631,4329,16888
BUDGET,4.0,raw_uniform_chunks,native,A-s11-d0-t16384,16384,url,https://relay.example.org/rel/4340,Answer:,False,False,False,False,-0.06929683685302734,-6.197484493255615,4329,16888
BUDGET,4.0,raw_uniform_chunks,native,A-s11-d0-t16384,16384,proper_noun,Tobias Sorley,No one signed off on the Harlow-2493 handover.,False,False,False,False,-3.9800429344177246,-8.546004295349121,4330,16888
BUDGET,4.0,raw_uniform_chunks,native,A-s11-d0-t16384,16384,composition,Draywell,Unit BRAVO-2518 is maintained by Rowena Sorley.,False,False,False,False,4.193876266479492,-9.512752532958984,4339,16888
BUDGET,8.0,raw_uniform_chunks,native,A-s11-d0-t16384,16384,semantic,amber,amber,True,True,True,False,15.313047647588974,-1.5020257706055418e-05,2212,16888
BUDGET,8.0,raw_uniform_chunks,native,A-s11-d0-t16384,16384,identifier,MB-2316-MB,None,False,False,False,False,0.23304510116577148,-6.617132663726807,2218,16888
BUDGET,8.0,raw_uniform_chunks,native,A-s11-d0-t16384,16384,number,"43,863","43,863",True,True,True,False,8.813556671142578,0.0,2220,16888
BUDGET,8.0,raw_uniform_chunks,native,A-s11-d0-t16384,16384,date,2030-07-15,Answer: The thermal audit for Ordell-2391 closed on 2023-09-30.,False,False,False,False,1.2691397666931152,-2.9354043006896973,2218,16888
BUDGET,8.0,raw_uniform_chunks,native,A-s11-d0-t16384,16384,hash,a91c9b7de0a35cb0,The document does not provide the manifest digest for Vestry-2418.,False,False,False,False,-0.6597597599029541,-4.355378150939941,2216,16888
BUDGET,8.0,raw_uniform_chunks,native,A-s11-d0-t16384,16384,path,/srv/calder/spool/kx18.log,"Answer: The Q3 reconciliation for Vestry-2381 totalled 43,863 credits.",False,False,False,False,-0.027812957763671875,-7.838628768920898,2217,16888
BUDGET,8.0,raw_uniform_chunks,native,A-s11-d0-t16384,16384,url,https://relay.example.org/rel/4340,None.,False,False,False,False,-0.07558536529541016,-6.2564377784729,2217,16888
BUDGET,8.0,raw_uniform_chunks,native,A-s11-d0-t16384,16384,proper_noun,Tobias Sorley,Answer: Halvard Brannigan,False,False,False,False,-0.08822917938232422,-9.598712921142578,2218,16888
BUDGET,8.0,raw_uniform_chunks,native,A-s11-d0-t16384,16384,composition,Draywell,Ashcombe,False,False,False,False,-0.7265167236328125,-3.0469672679901123,2227,16888
BUDGET,16.0,raw_uniform_chunks,native,A-s11-d0-t16384,16384,semantic,amber,amber,True,True,True,False,14.405918107135221,-0.0013704441953450441,1171,16888
BUDGET,16.0,raw_uniform_chunks,native,A-s11-d0-t16384,16384,identifier,MB-2316-MB,None,False,False,False,False,0.05833101272583008,-6.855435848236084,1177,16888
BUDGET,16.0,raw_uniform_chunks,native,A-s11-d0-t16384,16384,number,"43,863",0,False,False,False,False,-0.10112190246582031,-4.9692888259887695,1179,16888
BUDGET,16.0,raw_uniform_chunks,native,A-s11-d0-t16384,16384,date,2030-07-15,No exact date is provided for the thermal audit for Ordell-2391 in the given document.,False,False,False,False,0.9166157245635986,-2.7565817832946777,1177,16888
BUDGET,16.0,raw_uniform_chunks,native,A-s11-d0-t16384,16384,hash,a91c9b7de0a35cb0,Answer: Not provided in the document.,False,False,False,False,-0.23202848434448242,-4.2847418785095215,1175,16888
BUDGET,16.0,raw_uniform_chunks,native,A-s11-d0-t16384,16384,path,/srv/calder/spool/kx18.log,None.,False,False,False,False,-0.10150384902954102,-7.3940510749816895,1176,16888
BUDGET,16.0,raw_uniform_chunks,native,A-s11-d0-t16384,16384,url,https://relay.example.org/rel/4340,None.,False,False,False,False,-0.12583351135253906,-6.306591510772705,1176,16888
BUDGET,16.0,raw_uniform_chunks,native,A-s11-d0-t16384,16384,proper_noun,Tobias Sorley,Answer: Casimir Nieminen,False,False,False,False,4.353005409240723,-6.263068199157715,1177,16888
BUDGET,16.0,raw_uniform_chunks,native,A-s11-d0-t16384,16384,composition,Draywell,Ashcombe,False,False,False,False,1.3254783153533936,-3.650956392288208,1186,16888
SHUFFLE_TEXT,1.0,raw_shuffled,native,A-s11-d0-t16384,16384,semantic,amber,amber,True,True,True,False,10.937496304599335,-1.3232143828645349e-05,16979,16888
SHUFFLE_TEXT,1.0,raw_shuffled,native,A-s11-d0-t16384,16384,identifier,MB-2316-MB,MB-2316-MB,True,True,True,False,6.882812410593061,-8.940693874137651e-08,16985,16888
SHUFFLE_TEXT,1.0,raw_shuffled,native,A-s11-d0-t16384,16384,number,"43,863","43,863",True,True,True,False,4.017500937916338,-0.0038742413744330406,16987,16888
SHUFFLE_TEXT,1.0,raw_shuffled,native,A-s11-d0-t16384,16384,date,2030-07-15,2030-07-15,True,True,True,False,3.6500072479248047,0.0,16985,16888
SHUFFLE_TEXT,1.0,raw_shuffled,native,A-s11-d0-t16384,16384,hash,a91c9b7de0a35cb0,a91c9b7de0a35cb0,True,True,True,False,2.4666666984558105,0.0,16983,16888
SHUFFLE_TEXT,1.0,raw_shuffled,native,A-s11-d0-t16384,16384,path,/srv/calder/spool/kx18.log,/srv/calder/spool/kx18.log,True,True,True,False,3.272745815192934,-1.2246019878148218e-06,16984,16888
SHUFFLE_TEXT,1.0,raw_shuffled,native,A-s11-d0-t16384,16384,url,https://relay.example.org/rel/4340,https://relay.example.org/rel/4340,True,True,True,False,2.5104166169961815,-1.2914334490687907e-07,16984,16888
SHUFFLE_TEXT,1.0,raw_shuffled,native,A-s11-d0-t16384,16384,proper_noun,Tobias Sorley,Tobias Sorley,True,True,True,False,9.675157308578534,-2.3841853646899835e-07,16985,16888
SHUFFLE_TEXT,1.0,raw_shuffled,native,A-s11-d0-t16384,16384,composition,Draywell,Draywell,True,True,True,False,7.583655487746,-0.042311061173677444,16994,16888
NATIVE_CACHED,1.0,none,original,A-s11-d1-t16384,16384,semantic,crimson,crimson,True,True,True,False,11.343753001652658,-0.0008581662550568581,16942,16890
NATIVE_CACHED,1.0,none,original,A-s11-d1-t16384,16384,identifier,QZ-3292-RT,QZ-3292-RT,True,True,True,False,4.84375,0.0,16942,16890
NATIVE_CACHED,1.0,none,original,A-s11-d1-t16384,16384,number,"48,363","48,363",True,True,True,False,4.583337306976318,0.0,16942,16890
NATIVE_CACHED,1.0,none,original,A-s11-d1-t16384,16384,date,2032-02-03,2032-02-03,True,True,True,False,2.4749999046325684,0.0,16942,16890
NATIVE_CACHED,1.0,none,original,A-s11-d1-t16384,16384,hash,c67be39455983273,c67be39455983273,True,True,True,False,3.008333444595337,0.0,16942,16890
NATIVE_CACHED,1.0,none,original,A-s11-d1-t16384,16384,path,/srv/calder/spool/kx13.log,/srv/calder/spool/kx13.log,True,True,True,False,2.670454502120492,-2.384171011726721e-06,16942,16890
NATIVE_CACHED,1.0,none,original,A-s11-d1-t16384,16384,url,https://depot.example.net/rel/8572,https://depot.example.net/rel/8572,True,True,True,False,1.6730768588888623,-6.052148364688037e-07,16942,16890
NATIVE_CACHED,1.0,none,original,A-s11-d1-t16384,16384,proper_noun,Dagny Brannigan,Dagny Brannigan,True,True,True,False,11.415780703227,-3.1789116405889217e-07,16942,16890
NATIVE_CACHED,1.0,none,original,A-s11-d1-t16384,16384,composition,Draywell,Miriam Vantol,False,False,False,False,-2.1979146003723145,-9.354168891906738,16942,16890
RANDOM,1.0,random_kv,original,A-s11-d1-t16384,16384,semantic,crimson,с,False,False,False,False,-2.356752395629883,-14.840065002441406,16942,16890
RANDOM,1.0,random_kv,original,A-s11-d1-t16384,16384,identifier,QZ-3292-RT,"1


</think>
9",False,False,False,False,1.4783048629760742,-7.079743385314941,16942,16890
RANDOM,1.0,random_kv,original,A-s11-d1-t16384,16384,number,"48,363",1 the the the the the. the the the the the the. and the the the the the the the the the the. the the the the the the the the the the the the the the the the the the the the the the,False,False,False,False,0.6824116706848145,-4.531118869781494,16942,16890
RANDOM,1.0,random_kv,original,A-s11-d1-t16384,16384,date,2032-02-03,"20

</document",False,False,False,False,-0.15327906608581543,-4.01063871383667,16942,16890
RANDOM,1.0,random_kv,original,A-s11-d1-t16384,16384,hash,c67be39455983273,"""the
</document
1
99








9",False,False,False,False,0.28290510177612305,-5.788824558258057,16942,16890
RANDOM,1.0,random_kv,original,A-s11-d1-t16384,16384,path,/srv/calder/spool/kx13.log,"с


</think>
2",False,False,False,False,-0.11391162872314453,-11.258487701416016,16942,16890
RANDOM,1.0,random_kv,original,A-s11-d1-t16384,16384,url,https://depot.example.net/rel/8572,"с


</think>
2",False,False,False,False,0.26950931549072266,-8.063530921936035,16942,16890
RANDOM,1.0,random_kv,original,A-s11-d1-t16384,16384,proper_noun,Dagny Brannigan,"1


</think>
9",False,False,False,False,5.472143173217773,-11.72772216796875,16942,16890
RANDOM,1.0,random_kv,original,A-s11-d1-t16384,16384,composition,Draywell,9,False,False,False,False,-1.872446060180664,-13.392303466796875,16942,16890
SHUFFLE_KV_ORDER,1.0,shuffle_blocks,original,A-s11-d1-t16384,16384,semantic,crimson,crimson,True,True,True,False,11.531252073822543,-0.0010002378839999437,16942,16890
SHUFFLE_KV_ORDER,1.0,shuffle_blocks,original,A-s11-d1-t16384,16384,identifier,QZ-3292-RT,QZ-3292-RT,True,True,True,False,4.8515625,0.0,16942,16890
SHUFFLE_KV_ORDER,1.0,shuffle_blocks,original,A-s11-d1-t16384,16384,number,"48,363","48,363",True,True,True,False,4.562504291534424,0.0,16942,16890
SHUFFLE_KV_ORDER,1.0,shuffle_blocks,original,A-s11-d1-t16384,16384,date,2032-02-03,2032-02-03,True,True,True,False,2.4749999046325684,0.0,16942,16890
SHUFFLE_KV_ORDER,1.0,shuffle_blocks,original,A-s11-d1-t16384,16384,hash,c67be39455983273,c67be39455983273,True,True,True,False,2.941666603088379,0.0,16942,16890
SHUFFLE_KV_ORDER,1.0,shuffle_blocks,original,A-s11-d1-t16384,16384,path,/srv/calder/spool/kx13.log,/srv/calder/spool/kx13.log,True,True,True,False,2.659091039154646,-2.5792382984946016e-06,16942,16890
SHUFFLE_KV_ORDER,1.0,shuffle_blocks,original,A-s11-d1-t16384,16384,url,https://depot.example.net/rel/8572,https://depot.example.net/rel/8572,True,True,True,False,1.6730769872689848,-7.152532930376765e-07,16942,16890
SHUFFLE_KV_ORDER,1.0,shuffle_blocks,original,A-s11-d1-t16384,16384,proper_noun,Dagny Brannigan,Dagny Brannigan,True,True,True,False,11.440780361493637,-2.7815480052595376e-07,16942,16890
SHUFFLE_KV_ORDER,1.0,shuffle_blocks,original,A-s11-d1-t16384,16384,composition,Draywell,Miriam Vantol,False,False,False,False,-2.1197900772094727,-9.104168891906738,16942,16890
KV_STRIDE,2.0,stride,original,A-s11-d1-t16384,16384,semantic,crimson,cr. Thegrid the usual.1. The Q3. Har.Har. The Q3.1. The Q3. 3. The Q3. 3.3.30. The Q30.3,False,False,False,False,5.672133445739746,-15.799849510192871,8497,16890
KV_STRIDE,2.0,stride,original,A-s11-d1-t16384,16384,identifier,QZ-3292-RT,KP.6. The Q3.68.6.1.1. 1.6.1. 1. The Q3.6.6.6.6.6.3. 0. The,False,False,False,False,-1.602778434753418,-12.898172378540039,8497,16890
KV_STRIDE,2.0,stride,original,A-s11-d1-t16384,16384,number,"48,363",4. The Q3.1. The Q3.1. The Q3. 3. The Q3. 3.3.3. The Q3.3.3. The Q3.3. The Q,False,False,False,False,0.43480348587036133,-5.2885661125183105,8497,16890
KV_STRIDE,2.0,stride,original,A-s11-d1-t16384,16384,date,2032-02-03,2. The Q3. Har.1. 11.1. 11.1. The Q3. The Q3.0.6. 6. 0.3. 0. The Q3,False,False,False,False,-0.37059688568115234,-5.748635292053223,8497,16890
KV_STRIDE,2.0,stride,original,A-s11-d1-t16384,16384,hash,c67be39455983273,"The Q3. The Q3. Har.6. 6
1. to 1. . 6. The Q3. 6.6.6. 6. 6.6.0. The",False,False,False,False,2.732330322265625,-8.834890365600586,8497,16890
KV_STRIDE,2.0,stride,original,A-s11-d1-t16384,16384,path,/srv/calder/spool/kx13.log,/s.1. The Q3.1.1.6.1. to 1.6. 5. 1. 3.6.6.5.6.5.3.3.3.3,False,False,False,False,-0.129119873046875,-20.699541091918945,8497,16890
KV_STRIDE,2.0,stride,original,A-s11-d1-t16384,16384,url,https://depot.example.net/rel/8572,https.6. The Q3.69.6.1.1. 119.1. 1. The Q3.6.6.6.6.6.6. 64.3,False,False,False,False,-0.5825519561767578,-15.2890625,8497,16890
KV_STRIDE,2.0,stride,original,A-s11-d1-t16384,16384,proper_noun,Dagny Brannigan,"Hal.1. The Q3. 1. 1
1. to 119. 1. 1. 3.6.3.3.3.3.3.33.3.",False,False,False,False,-2.8201637268066406,-20.56473731994629,8497,16890
KV_STRIDE,2.0,stride,original,A-s11-d1-t16384,16384,composition,Draywell,Dr. The Q3.1. The Q3. 3. The Q3. 3.3.3. 3 3. 3. 3. The Q3. The Q3. The Q3,False,False,False,False,4.399998664855957,-15.639874458312988,8497,16890
KV_SINK,2.0,sink,original,A-s11-d1-t16384,16384,semantic,crimson,ol. The Q. the usual. The Q3. The Q3. 1. The Q3.2. 3. 3. The 3. The Q3 to the Mir. The Q3 3.,False,False,False,False,-9.660364151000977,-23.678335189819336,8495,16890
KV_SINK,2.0,sink,original,A-s11-d1-t16384,16384,identifier,QZ-3292-RT,KP. The replacement. The Q3. 6.6. 2.1. 1.6. 6. The Q3. 6.6. 6.6.6.6.3.3,False,False,False,False,-5.994403839111328,-15.966602325439453,8495,16890
KV_SINK,2.0,sink,original,A-s11-d1-t16384,16384,number,"48,363","2. The Q3. The Q3. 1.1.6.3. 








2",False,False,False,False,-2.4667654037475586,-10.341048240661621,8495,16890
KV_SINK,2.0,sink,original,A-s11-d1-t16384,16384,date,2032-02-03,2.2. The electrical. 2.2. 1.1.1.3.6. 2. 2.3 2 2. 3.6 3.3.3.3.,False,False,False,False,0.21631526947021484,-8.218395233154297,8495,16890
KV_SINK,2.0,sink,original,A-s11-d1-t16384,16384,hash,c67be39455983273,a the Mir.6. The Q3. 6.6. 1.1. 1.6. 6. 1. 3.6.6.6.6.6.6.6.,False,False,False,False,-0.27355384826660156,-13.953302383422852,8495,16890
KV_SINK,2.0,sink,original,A-s11-d1-t16384,16384,path,/srv/calder/spool/kx13.log,/s. The mirror. The Q3. The Q38. The Q3.1.1.6. The Q3. The Q3.6.6. 6.6.6.6.3.0,False,False,False,False,-0.0038890838623046875,-20.115440368652344,8495,16890
KV_SINK,2.0,sink,original,A-s11-d1-t16384,16384,url,https://depot.example.net/rel/8572,https. The mirror. The mirror. The Q3.6. The Q3. 20.6. The Q3. The Q3.6.6. The Q3 6.6.6.3.,False,False,False,False,-0.29558277130126953,-13.686263084411621,8495,16890
KV_SINK,2.0,sink,original,A-s11-d1-t16384,16384,proper_noun,Dagny Brannigan,Hal. The Q3. The Q3. Har.6. The Q3.3.3. . The 2. The Q3.3.6. The Q3 3.3.3.3.,False,False,False,False,-2.1162548065185547,-15.182124137878418,8495,16890
KV_SINK,2.0,sink,original,A-s11-d1-t16384,16384,composition,Draywell,Mir.6. The Q3.1. 1.6. 6. The Q3. 3.6. The 6. 3.3.3.3.3.3. The Q3.,False,False,False,False,-2.512455940246582,-17.904502868652344,8495,16890
KV_STRIDE_COMPACT,2.0,stride,compact,A-s11-d1-t16384,16384,semantic,crimson,the usual. the the usual for the usual for the usual for the Q3. The Q3.2. The Q3. The Q3. The Q3. Q3.2. The Q3. The Q3.,False,False,False,False,-0.07889747619628906,-26.498865127563477,8497,16890
KV_STRIDE_COMPACT,2.0,stride,compact,A-s11-d1-t16384,16384,identifier,QZ-3292-RT,the usual. The Q3 for the Q3. The Q3.2. The Q3. The Q3. The Q3. Q3.3. The Q3. The Q3. The Q3. The Q,False,False,False,False,2.52443790435791,-12.998200416564941,8497,16890
KV_STRIDE_COMPACT,2.0,stride,compact,A-s11-d1-t16384,16384,number,"48,363",The Q3 for the Q3. The Q3.2. The Q3. The Q3. The Q3. Q3.3. The Q3. The Q3. The Q3. The Q3. The,False,False,False,False,-0.7727718353271484,-8.062868118286133,8497,16890
KV_STRIDE_COMPACT,2.0,stride,compact,A-s11-d1-t16384,16384,date,2032-02-03,the usual for the Mir. The Q3. The Q3.2. The Q3. The Q3. The Q3. Q3.3. The Q3. The Q. 3.3. The Q3,False,False,False,False,0.10030984878540039,-7.662505149841309,8497,16890
KV_STRIDE_COMPACT,2.0,stride,compact,A-s11-d1-t16384,16384,hash,c67be39455983273,the usual. and the usual for the Mir. and the Q3.1. to the Q3. The Q3. The Q3. and the Q3. The Q3. The Q. 3.3. The,False,False,False,False,2.01226806640625,-10.902406692504883,8497,16890
KV_STRIDE_COMPACT,2.0,stride,compact,A-s11-d1-t16384,16384,path,/srv/calder/spool/kx13.log,the usual. The Q3 for the Mir. the Q3.1. to the 1. The Q3. The Q3. 0.0. The Q3 3. The Q3.3. The Q,False,False,False,False,-0.13998985290527344,-20.361326217651367,8497,16890
KV_STRIDE_COMPACT,2.0,stride,compact,A-s11-d1-t16384,16384,url,https://depot.example.net/rel/8572,the Q3. The Q3. Mir. the Q3.1. to the Q3. The Q3. The Q3. 2.2. The Q3. The Q3. The Q3. The Q,False,False,False,False,-0.13649654388427734,-15.796483993530273,8497,16890
KV_STRIDE_COMPACT,2.0,stride,compact,A-s11-d1-t16384,16384,proper_noun,Dagny Brannigan,the usual. The Q3 for the Mir. the Q3.1. to the. The Q3. The Q3. The Q3. the Q3. The Q3. The Q3. The Q3. The,False,False,False,False,-0.34068870544433594,-21.47255516052246,8497,16890
KV_STRIDE_COMPACT,2.0,stride,compact,A-s11-d1-t16384,16384,composition,Draywell,the usual. The Q3. to the. The Q3. The Q3. The Q3. the Q3. The Q3. The Q3. The Q3. The Q3. The Q3. The Q,False,False,False,False,1.831216812133789,-18.403852462768555,8497,16890
KV_STRIDE,4.0,stride,original,A-s11-d1-t16384,16384,semantic,crimson,Answer. the usual the usual. The electrical. the Mir. The Q3.12. The Q 12. 2. The 1.1. The Q. The 3. 1 1 1,False,False,False,False,-2.0052433013916016,-21.872900009155273,4274,16890
KV_STRIDE,4.0,stride,original,A-s11-d1-t16384,16384,identifier,QZ-3292-RT,"KP
The

 2. The 112 1 1 1 1 1 1 1 1 1 1 3  1 1 13 1 1",False,False,False,False,-4.187135696411133,-13.999927520751953,4274,16890
KV_STRIDE,4.0,stride,original,A-s11-d1-t16384,16384,number,"48,363","3
 the usual
 1.12 1 111 2 1 1 1 1 1 1 3  1 1 13 1 1 1 3",False,False,False,False,0.8026275634765625,-10.216782569885254,4274,16890
KV_STRIDE,4.0,stride,original,A-s11-d1-t16384,16384,date,2032-02-03,"2


 2. The electrical.12 0. 0 1 1 1 1 1 1 1 1   1 1 13 1 1 2",False,False,False,False,0.23976373672485352,-7.748033046722412,4274,16890
KV_STRIDE,4.0,stride,original,A-s11-d1-t16384,16384,hash,c67be39455983273,The Q3 the usual the usual. The Q3.12. 1 1 1 1 1 1.1. 1 1 3  1 1 13 1 1,False,False,False,False,4.6595964431762695,-10.015832901000977,4274,16890
KV_STRIDE,4.0,stride,original,A-s11-d1-t16384,16384,path,/srv/calder/spool/kx13.log,Di. The system was completed. The system. The Q.1. 1 1. 1 1 1.1. The Q. The Q3. 1 1 13 Q3 1,False,False,False,False,-0.4441032409667969,-22.34980583190918,4274,16890
KV_STRIDE,4.0,stride,original,A-s11-d1-t16384,16384,url,https://depot.example.net/rel/8572,The electrical. The. The Q3. 112. 1 1 1 1 1 1 1 1 1 1   1 1 13 1 1,False,False,False,False,0.8829288482666016,-12.403596878051758,4274,16890
KV_STRIDE,4.0,stride,original,A-s11-d1-t16384,16384,proper_noun,Dagny Brannigan,D. The staff for the usual. The. The.1. 1. 1. 1. The 1.1. The Q. The 3. 1. The 13. The 1,False,False,False,False,2.0995359420776367,-15.457966804504395,4274,16890
KV_STRIDE,4.0,stride,original,A-s11-d1-t16384,16384,composition,Draywell,Ash.12. 1 the 1 1 1 1 1 1 1  1   1 1 11 1 1 1   1  1,False,False,False,False,-3.6178998947143555,-16.52284812927246,4274,16890
KV_SINK,4.0,sink,original,A-s11-d1-t16384,16384,semantic,crimson,black. The electrical. the Q3. the new. the Q3. 112 the Q3 1. 1 1. the 1. the Q3 the 1     2,False,False,False,False,-1.9563064575195312,-20.11760711669922,4273,16890
KV_SINK,4.0,sink,original,A-s11-d1-t16384,16384,identifier,QZ-3292-RT,KP for the usual the usual. the Q3.111 the Q3 1.11 1 1 1 0. the Q3 3    1 1 for the 1,False,False,False,False,-2.6249217987060547,-14.768731117248535,4273,16890
KV_SINK,4.0,sink,original,A-s11-d1-t16384,16384,number,"48,363",3 the usual the usual.1. 11 1 1  11 1 1 1 0 1 1 1  1 1 1 for the 1 1 1,False,False,False,False,-0.3352088928222656,-9.283377647399902,4273,16890
KV_SINK,4.0,sink,original,A-s11-d1-t16384,16384,date,2032-02-03,"2
</ the usual  1. 112 1 1  11 1 1 1 0 1 1 1    1 1 for the 1 1",False,False,False,False,0.859344482421875,-8.107579231262207,4273,16890
KV_SINK,4.0,sink,original,A-s11-d1-t16384,16384,hash,c67be39455983273,Answer. 1. The 1. 1.111 1 1  11 1 1 1 0 1 1 1  1 1 1 for the 1,False,False,False,False,1.8494844436645508,-11.988176345825195,4273,16890
KV_SINK,4.0,sink,original,A-s11-d1-t16384,16384,path,/srv/calder/spool/kx13.log,/s. The backup. the usual. 1.112 1 1  11 1 1 1 0 1 1 3    1 1 for the 1,False,False,False,False,-0.29499053955078125,-20.489883422851562,4273,16890
KV_SINK,4.0,sink,original,A-s11-d1-t16384,16384,url,https://depot.example.net/rel/8572,The Q3 the usual.  1. 112 1 1  11 1 1 1 0 1 1 3    1 1 1 1,False,False,False,False,0.4383678436279297,-13.237067222595215,4273,16890
KV_SINK,4.0,sink,original,A-s11-d1-t16384,16384,proper_noun,Dagny Brannigan,D. The technical. the usual. 1.111 1 1  11 1 1 1 0. the 1 1    1 1 for the 1,False,False,False,False,3.0963497161865234,-17.360395431518555,4273,16890
KV_SINK,4.0,sink,original,A-s11-d1-t16384,16384,composition,Draywell,Unit. The Q3. the Q3. 11. 1. The Q3. The Q3 1   1 1 12 for the Q3 1  the Q3.  for,False,False,False,False,-3.116832733154297,-21.33577537536621,4273,16890
KV_STRIDE_COMPACT,4.0,stride,compact,A-s11-d1-t16384,16384,semantic,crimson,2. the 1. The 2 for the 2 for the 22 2 1 2  2 2  2.2 2  2 3 2 2 2,False,False,False,False,0.23201751708984375,-24.524539947509766,4274,16890
KV_STRIDE_COMPACT,4.0,stride,compact,A-s11-d1-t16384,16384,identifier,QZ-3292-RT,the the the the the same for the previous. 22 for the Q2.2. 2 for the 1.2. The Q3 2. 2  2 for the 2 2 2,False,False,False,False,1.0714740753173828,-14.312679290771484,4274,16890
KV_STRIDE_COMPACT,4.0,stride,compact,A-s11-d1-t16384,16384,number,"48,363",the the 2. The Q322 for the Q3 2. 2. 2 2.2.2  2.  2 2 21. The Q3 2 1,False,False,False,False,0.13498687744140625,-9.124641418457031,4274,16890
KV_STRIDE_COMPACT,4.0,stride,compact,A-s11-d1-t16384,16384,date,2032-02-03,the the the the same for the usual. 22 for the Q2.2. 2. 2 for the usual. 2  the 3. 2 2 for the 2 2 2,False,False,False,False,-0.6552228927612305,-8.956429481506348,4274,16890
KV_STRIDE_COMPACT,4.0,stride,compact,A-s11-d1-t16384,16384,hash,c67be39455983273,"the the the the the the same for the


22 for the Q2.2. 2 for the 1.2. 2  the 3. 2 2 for the 2 2",False,False,False,False,2.060497283935547,-10.487957954406738,4274,16890
KV_STRIDE_COMPACT,4.0,stride,compact,A-s11-d1-t16384,16384,path,/srv/calder/spool/kx13.log,the the the the the same for the previous. 22 for the Q2.2. 2 for the 1.2. The Q3 2. 2  2 for the 2 2 2,False,False,False,False,-0.10099411010742188,-21.115192413330078,4274,16890
KV_STRIDE_COMPACT,4.0,stride,compact,A-s11-d1-t16384,16384,url,https://depot.example.net/rel/8572,the the the the the same for the usual. 22 for the Q2.2. 2 for the 1.2. The Q3 2. 2  2 for the 2 2 2,False,False,False,False,0.04386329650878906,-16.12980842590332,4274,16890
KV_STRIDE_COMPACT,4.0,stride,compact,A-s11-d1-t16384,16384,proper_noun,Dagny Brannigan,the the the the the same for the same for the for the usual for the for the same for the usual for the same for the usual. The Q3 for the Q3. 1. The Q3. The Q3 for,False,False,False,False,1.5867290496826172,-20.1137638092041,4274,16890
KV_STRIDE_COMPACT,4.0,stride,compact,A-s11-d1-t16384,16384,composition,Draywell,222 2 for 2 2. 2 2 2.2 2  2   2 2 21  2 2 2 3 2 2,False,False,False,False,-5.249628067016602,-21.923171997070312,4274,16890
KV_STRIDE,8.0,stride,original,A-s11-d1-t16384,16384,semantic,crimson,"Answer
 the same was the same. the same the blue the the same the same the the the the the the the the the the same the same the the same the same the the the the same the same the the same was the same",False,False,False,False,-0.14580726623535156,-17.69286346435547,2163,16890
KV_STRIDE,8.0,stride,original,A-s11-d1-t16384,16384,identifier,QZ-3292-RT,"Unit
 the 1?
The to the  the  to the 1?
3  the Q  the  the the Q  for the 2. 1. to the   the 1


 0",False,False,False,False,0.2717170715332031,-11.100716590881348,2163,16890
KV_STRIDE,8.0,stride,original,A-s11-d1-t16384,16384,number,"48,363","3
?
  the Q the Q  the Q.
 the Q3?
 the Q3 the Q3
 the Q  the Q3 the Q, the Q.   the Q  the Q     3",False,False,False,False,1.1955933570861816,-6.56648588180542,2163,16890
KV_STRIDE,8.0,stride,original,A-s11-d1-t16384,16384,date,2032-02-03,"April
 1
  the electrical was completed  the  the 1. the  the Q the  the electrical. the  to the  the  1.    the 2",False,False,False,False,0.3476696014404297,-5.0923943519592285,2163,16890
KV_STRIDE,8.0,stride,original,A-s11-d1-t16384,16384,hash,c67be39455983273,"None
 the data was the manifest the same the same?
  the Q. the the the Q and the Q  the the Q. the Q. the the the Q

.
 the Q for the the Q. the Q",False,False,False,False,2.443361282348633,-10.012991905212402,2163,16890
KV_STRIDE,8.0,stride,original,A-s11-d1-t16384,16384,path,/srv/calder/spool/kx13.log,"/1
 the system the data written for the same to the Q. the the the Q3 the Q the same for the Q. the same. the Q. 1. to the Q 1",False,False,False,False,-0.17345809936523438,-17.099445343017578,2163,16890
KV_STRIDE,8.0,stride,original,A-s11-d1-t16384,16384,url,https://depot.example.net/rel/8572,"The to the Mir the data available the same, the same the the following the the the same for the same the same for the Q. the same for the the same for the same for the Q for the the the Q  the the",False,False,False,False,0.19122600555419922,-10.021477699279785,2163,16890
KV_STRIDE,8.0,stride,original,A-s11-d1-t16384,16384,proper_noun,Dagny Brannigan,"Hal
 the Calder the hand?
 the Calder the same for the the Q 1 the Calder for the Calder for the hand.
, the hand. the hand. 1. to the Q and the 
 the Q 0",False,False,False,False,0.6798572540283203,-14.832047462463379,2163,16890
KV_STRIDE,8.0,stride,original,A-s11-d1-t16384,16384,composition,Draywell,"Alpha
1 and the facility. the  and the facility?
 the same for the Q  to the same. the same. to the same. the Q and the the Q
, the  the same that that the Mir was the",False,False,False,False,0.011597633361816406,-13.847834587097168,2163,16890
KV_SINK,8.0,sink,original,A-s11-d1-t16384,16384,semantic,crimson,"Answer
 the. the mirror for the the the same for the the the the the the the the the the the the the the the the the Q3 the the the the the the the the the the the Q the the the the the",False,False,False,False,0.8404216766357422,-18.440845489501953,2162,16890
KV_SINK,8.0,sink,original,A-s11-d1-t16384,16384,identifier,QZ-3292-RT,D. the the replacement for the replacement of the same for the same the Vest the the the the the the Q for the the for the same for the the the the the Q  the the the the same for the the the the the,False,False,False,False,-0.8638334274291992,-10.722172737121582,2162,16890
KV_SINK,8.0,sink,original,A-s11-d1-t16384,16384,number,"48,363","3
 the Q3
 the Q to the Q the Q the Q  to the the Q  the the  to the Q3, the the Q3 Q3 in the Vest
 the Q3 for the the Q3 the",False,False,False,False,1.0311470031738281,-6.0974907875061035,2162,16890
KV_SINK,8.0,sink,original,A-s11-d1-t16384,16384,date,2032-02-03,April the the electrical for the the the the same the the the the Vest the the the the the the Q the the the Vest for the Q3 for the the the Q  the the the Vest for the the the the Vest the the,False,False,False,False,-0.8227663040161133,-6.4781999588012695,2162,16890
KV_SINK,8.0,sink,original,A-s11-d1-t16384,16384,hash,c67be39455983273,None for the the the the backup for the the the same for the the the the the the the the the the Q for the for the Vest for the Q3 the the the Q for the the Q for the for the the the the,False,False,False,False,2.514166831970215,-10.916861534118652,2162,16890
KV_SINK,8.0,sink,original,A-s11-d1-t16384,16384,path,/srv/calder/spool/kx13.log,Di the the the the system the the the same the same the same the Mir the the the the the the Q path for the the same for the the the the the the Mir the the the the Mir for the the the the the the,False,False,False,False,-0.04705810546875,-17.445470809936523,2162,16890
KV_SINK,8.0,sink,original,A-s11-d1-t16384,16384,url,https://depot.example.net/rel/8572,"mirror the the the the mirror?
The the the same for the the the mirror?
 the the the the the Q?
 the the the the mirror the the the the the the mirror the the the the mirror the the the the the the the",False,False,False,False,0.1438150405883789,-13.54226016998291,2162,16890
KV_SINK,8.0,sink,original,A-s11-d1-t16384,16384,proper_noun,Dagny Brannigan,D. the the the hand for the the the same to the the the Calder the the the the the the the Calder for the for the Calder the the the the the the Calder the the the the Calder for the for the the the the,False,False,False,False,0.4709815979003906,-15.70522689819336,2162,16890
KV_SINK,8.0,sink,original,A-s11-d1-t16384,16384,composition,Draywell,Alpha for the facility the facility the facility for the the the the the facility for the same for the same for the the the the Q. the the the Mir for the the the the the the the the the the the that the the for,False,False,False,False,2.944216728210449,-10.866610527038574,2162,16890
KV_STRIDE_COMPACT,8.0,stride,compact,A-s11-d1-t16384,16384,semantic,crimson,"the Q31. and the  the Q33 and the 1, 1. 1. the 1. The Q3.1.  1. the 1.1. The 3 1",False,False,False,False,0.6618309020996094,-21.939193725585938,2163,16890
KV_STRIDE_COMPACT,8.0,stride,compact,A-s11-d1-t16384,16384,identifier,QZ-3292-RT,the Q3. The Q3. the 1. The. the Q. the Q3. The Q3.1.. 0. the. The Q.3. The. The Q. The. 3.,False,False,False,False,2.607558250427246,-9.419249534606934,2163,16890
KV_STRIDE_COMPACT,8.0,stride,compact,A-s11-d1-t16384,16384,number,"48,363",", 1. The Q for the Q3.. the the 1. The Q.1.1.. 1. the. The Q. and. The. The.1. The. 0. The.",False,False,False,False,-0.851682186126709,-6.707752227783203,2163,16890
KV_STRIDE_COMPACT,8.0,stride,compact,A-s11-d1-t16384,16384,date,2032-02-03,the Q. The Q3. the 2. The. 0. the 0. The Q3.1.. 0. the 3.1. The. 3.2. The 3.,False,False,False,False,0.1778717041015625,-6.33135986328125,2163,16890
KV_STRIDE_COMPACT,8.0,stride,compact,A-s11-d1-t16384,16384,hash,c67be39455983273,the Q3. The. Q3. the 1. The.. the 3 1. The Q3.1.. 3. the 3.3. The. The Q.3. The Q.,False,False,False,False,1.7878952026367188,-9.504687309265137,2163,16890
KV_STRIDE_COMPACT,8.0,stride,compact,A-s11-d1-t16384,16384,path,/srv/calder/spool/kx13.log,the Q3. The Q3. the Q3. The.. the the Q3. The Q.1.1.. 3. the. The Q.3. The. The Q. The. Q.,False,False,False,False,-0.05474090576171875,-19.33943748474121,2163,16890
KV_STRIDE_COMPACT,8.0,stride,compact,A-s11-d1-t16384,16384,url,https://depot.example.net/rel/8572,the Q3. The Q3. the Q3. The.. the the 3. The Q.10... 3. the. The Q.3. The. The Q. The. 3.,False,False,False,False,-0.0965566635131836,-13.411630630493164,2163,16890
KV_STRIDE_COMPACT,8.0,stride,compact,A-s11-d1-t16384,16384,proper_noun,Dagny Brannigan,the Q3. The Q3. the 1. The Q. the 1. The Q3.10.. 3. The Q3. The Q. The. The Q.1. The Q.,False,False,False,False,1.5966377258300781,-18.128725051879883,2163,16890
KV_STRIDE_COMPACT,8.0,stride,compact,A-s11-d1-t16384,16384,composition,Draywell,the same at the Q. the the the Q3. The Q3.1.. 3. the. The Q. and. The. The Q. The. and. 3. The Q. The Q. The,False,False,False,False,-1.313547134399414,-20.319908142089844,2163,16890
KV_STRIDE,16.0,stride,original,A-s11-d1-t16384,16384,semantic,crimson,None was was was was the the the the the the the the Har for the the the the was for for the the the the the for for the for for for the the the the the the the the the the the the the the the,False,False,False,False,0.584136962890625,-19.581165313720703,1108,16890
KV_STRIDE,16.0,stride,original,A-s11-d1-t16384,16384,identifier,QZ-3292-RT,Cal the the the the replacement was for the Har the the the for for for the the the the the for for for for for for for the the the the the the the the the the the the the the the the the the the for,False,False,False,False,0.7105693817138672,-15.104348182678223,1108,16890
KV_STRIDE,16.0,stride,original,A-s11-d1-t16384,16384,number,"48,363",0 the total total throughout was was for for. was for for for the for for for for for for for for for for for the for for the the for for for the the the for for the for for for for for for for for,False,False,False,False,0.023375511169433594,-9.747047424316406,1108,16890
KV_STRIDE,16.0,stride,original,A-s11-d1-t16384,16384,date,2032-02-03,2 was the the the   . for the the for for for the the for the for for for for for for for for the the the the the the the the the the the the the the the the the the for the for,False,False,False,False,-0.2558097839355469,-10.983236312866211,1108,16890
KV_STRIDE,16.0,stride,original,A-s11-d1-t16384,16384,hash,c67be39455983273,The the the was was for for  was for for for for for for for for for the for for for for for for for for for for for the the for for the for for for for the the for for the the the the for,False,False,False,False,0.9180402755737305,-14.585062980651855,1108,16890
KV_STRIDE,16.0,stride,original,A-s11-d1-t16384,16384,path,/srv/calder/spool/kx13.log,/ the the path the path for for the Har for the for for for for the the for the path for for for for for for for the the the the the the the the the the the the for the the the the the for for,False,False,False,False,-0.10934066772460938,-18.52617835998535,1108,16890
KV_STRIDE,16.0,stride,original,A-s11-d1-t16384,16384,url,https://depot.example.net/rel/8572,https the was the the the the Har for the the the the for for for the the the the the for for for for for for the the the the the the the the the the the the the the the the the the the the for,False,False,False,False,0.10237503051757812,-14.646790504455566,1108,16890
KV_STRIDE,16.0,stride,original,A-s11-d1-t16384,16384,proper_noun,Dagny Brannigan,In the was was the hand was... for for the for for for for the for the for for for for for for for for the the hand the the the for for the the the the for the the the the the for for,False,False,False,False,0.9540596008300781,-18.914968490600586,1108,16890
KV_STRIDE,16.0,stride,original,A-s11-d1-t16384,16384,composition,Draywell,Alpha. facility. facility. for for for for the for for for for for for for for for the the the the the for for for the the the for for the the the for for for for for for the for the for for for,False,False,False,False,0.41410160064697266,-15.763274192810059,1108,16890
KV_SINK,16.0,sink,original,A-s11-d1-t16384,16384,semantic,crimson,"Answer

.
.. team. . the the the the the the.. the the the the
.
... the. and and. the the the the the the the the the the. the the the",False,False,False,False,1.0726451873779297,-20.487470626831055,1107,16890
KV_SINK,16.0,sink,original,A-s11-d1-t16384,16384,identifier,QZ-3292-RT,"Cal
 assembly was for for for   ..  1            and   the the the the the the       the for for for for for for",False,False,False,False,0.9367313385009766,-16.89280891418457,1107,16890
KV_SINK,16.0,sink,original,A-s11-d1-t16384,16384,number,"48,363",1 for for..   .. 1 for for for for for for for    . . the the the the     . for for for for for for for for for for for for,False,False,False,False,-0.04230976104736328,-11.404411315917969,1107,16890
KV_SINK,16.0,sink,original,A-s11-d1-t16384,16384,date,2032-02-03,April for for for for for for  ...     for for for for for for for for for and the the the the the the the the the for for for for for for for for for for for for for,False,False,False,False,-0.2781543731689453,-12.913919448852539,1107,16890
KV_SINK,16.0,sink,original,A-s11-d1-t16384,16384,hash,c67be39455983273,The.. was for for      for.. 6 for for for for for for for for for for for for for  the the the the the the  the for for for for for for for for for for,False,False,False,False,0.8184413909912109,-14.71757984161377,1107,16890
KV_SINK,16.0,sink,original,A-s11-d1-t16384,16384,path,/srv/calder/spool/kx13.log,"/

 document for for

  ... 1 for for for for for for for for for for for and to. the the the the the the the for for for for for for for for for for the for",False,False,False,False,-0.20168685913085938,-21.333961486816406,1107,16890
KV_SINK,16.0,sink,original,A-s11-d1-t16384,16384,url,https://depot.example.net/rel/8572,"https
 mirror was for for for
 . the..  the the the for for for for for for the for for and the the the the the the the the the for for for for for for for for for for for for",False,False,False,False,0.03180408477783203,-15.64774227142334,1107,16890
KV_SINK,16.0,sink,original,A-s11-d1-t16384,16384,proper_noun,Dagny Brannigan,"Mir. team was for for for
 .... 1 for for for for for for for for for for for and and. the the the the the the. for for for for for for for for for for for for",False,False,False,False,1.3015289306640625,-21.322437286376953,1107,16890
KV_SINK,16.0,sink,original,A-s11-d1-t16384,16384,composition,Draywell,Alpha. facility.. the facility for for... the the  . and. the the the the the the the the for for for for the the for for for for for for for for for for for for for for for,False,False,False,False,0.2785358428955078,-19.88267707824707,1107,16890
KV_STRIDE_COMPACT,16.0,stride,compact,A-s11-d1-t16384,16384,semantic,crimson,the system was the Har for the the the the system for the system was the system for the system was in the system for the system for the system for the system for the system for the system for the Har for the system the system for,False,False,False,False,0.5608501434326172,-18.9061222076416,1108,16890
KV_STRIDE_COMPACT,16.0,stride,compact,A-s11-d1-t16384,16384,identifier,QZ-3292-RT,The Q the the system for the system. the system for the system for the system for the system for the system for the system for the system. the system for the system for the system the system for the system for the system was the,False,False,False,False,1.946279525756836,-10.63323974609375,1108,16890
KV_STRIDE_COMPACT,16.0,stride,compact,A-s11-d1-t16384,16384,number,"48,363",the system for the system was in for the system was in for the system for the system for the system for the system for the system for the the system for the system for the the system for the system for the system for the system for,False,False,False,False,-0.9780979156494141,-7.631252765655518,1108,16890
KV_STRIDE_COMPACT,16.0,stride,compact,A-s11-d1-t16384,16384,date,2032-02-03,The the the system. The Q was. 1. to the same for the same for the data for the  for the 1. the data for the 1 and the the the  the 1 for the 1 and,False,False,False,False,0.006539821624755859,-7.148464202880859,1108,16890
KV_STRIDE_COMPACT,16.0,stride,compact,A-s11-d1-t16384,16384,hash,c67be39455983273,The Q the the the system for the system was the system for the system was in the system for the system for the system for the system for the system for the system for the Har for the system for the system for the system for the,False,False,False,False,0.1918201446533203,-9.03278923034668,1108,16890
KV_STRIDE_COMPACT,16.0,stride,compact,A-s11-d1-t16384,16384,path,/srv/calder/spool/kx13.log,The Q the the system for the system. the system for the system for the system for the system for the system for the system for the system. the system for the system for the system the system for the system for the system was for,False,False,False,False,-0.07271575927734375,-16.772119522094727,1108,16890
KV_STRIDE_COMPACT,16.0,stride,compact,A-s11-d1-t16384,16384,url,https://depot.example.net/rel/8572,The Q the the 1 for the Har for the Har for the Har for the same for the for the Har for the for the 1 and the Har for the 1 for the the the  the 1 for the 1,False,False,False,False,-0.06686115264892578,-12.479076385498047,1108,16890
KV_STRIDE_COMPACT,16.0,stride,compact,A-s11-d1-t16384,16384,proper_noun,Dagny Brannigan,The Q the the 1 for the Har for the  for the Har for the 1 for the 1 for the 1 for the 1 for the  the  the  the  the 1 and the  for the,False,False,False,False,0.8002681732177734,-16.166513442993164,1108,16890
KV_STRIDE_COMPACT,16.0,stride,compact,A-s11-d1-t16384,16384,composition,Draywell,the Har for the other was in the same for the data for the same for the same for the same for the the the same for the the the the the same for the same for the same for the same for the same for the same,False,False,False,False,-0.5838336944580078,-15.389739036560059,1108,16890
BUDGET,2.0,raw_uniform_chunks,native,A-s11-d1-t16384,16384,semantic,crimson,crimson,True,True,True,False,14.03128773428034,-0.0008482291596010327,8552,16890
BUDGET,2.0,raw_uniform_chunks,native,A-s11-d1-t16384,16384,identifier,QZ-3292-RT,None,False,False,False,False,-1.2299246788024902,-7.846372127532959,8558,16890
BUDGET,2.0,raw_uniform_chunks,native,A-s11-d1-t16384,16384,number,"48,363",0,False,False,False,False,0.5370702743530273,-5.462159633636475,8561,16890
BUDGET,2.0,raw_uniform_chunks,native,A-s11-d1-t16384,16384,date,2032-02-03,2032-02-03,True,True,True,False,4.577990531921387,0.0,8559,16890
BUDGET,2.0,raw_uniform_chunks,native,A-s11-d1-t16384,16384,hash,c67be39455983273,c67be39455983273,True,True,True,False,3.0833358764648438,0.0,8557,16890
BUDGET,2.0,raw_uniform_chunks,native,A-s11-d1-t16384,16384,path,/srv/calder/spool/kx13.log,Diagonistics for Mirren-6897 are written to /srv/calder/spool/kx12.log.,False,False,False,True,-2.3863635063171387,-3.591233253479004,8558,16890
BUDGET,2.0,raw_uniform_chunks,native,A-s11-d1-t16384,16384,url,https://depot.example.net/rel/8572,https://depot.example.net/rel/4890,False,False,False,True,-2.656284047290683,-2.6756653785705566,8558,16890
BUDGET,2.0,raw_uniform_chunks,native,A-s11-d1-t16384,16384,proper_noun,Dagny Brannigan,No one signed off on the Calder-6964 handover.,False,False,False,False,1.010183334350586,-5.80128812789917,8558,16890
BUDGET,2.0,raw_uniform_chunks,native,A-s11-d1-t16384,16384,composition,Draywell,Fennhollow,False,False,False,True,-8.506328403949738,-8.650314331054688,8567,16890
BUDGET,4.0,raw_uniform_chunks,native,A-s11-d1-t16384,16384,semantic,crimson,crimson,True,True,True,False,14.625026914465707,-0.0003898412105627358,4328,16890
BUDGET,4.0,raw_uniform_chunks,native,A-s11-d1-t16384,16384,identifier,QZ-3292-RT,None,False,False,False,False,-0.924811840057373,-7.482454299926758,4334,16890
BUDGET,4.0,raw_uniform_chunks,native,A-s11-d1-t16384,16384,number,"48,363",0,False,False,False,False,-0.16882896423339844,-6.27410888671875,4337,16890
BUDGET,4.0,raw_uniform_chunks,native,A-s11-d1-t16384,16384,date,2032-02-03,Answer:,False,False,False,False,0.06530022621154785,-3.5480434894561768,4335,16890
BUDGET,4.0,raw_uniform_chunks,native,A-s11-d1-t16384,16384,hash,c67be39455983273,c67be39455983273,True,True,True,False,2.6339266300201416,0.0,4333,16890
BUDGET,4.0,raw_uniform_chunks,native,A-s11-d1-t16384,16384,path,/srv/calder/spool/kx13.log,Diagonistics for Mirren-6897 are written to /srv/calder/spool/kx12.log.,False,False,False,True,-2.3409091234207153,-3.0989511013031006,4334,16890
BUDGET,4.0,raw_uniform_chunks,native,A-s11-d1-t16384,16384,url,https://depot.example.net/rel/8572,https://depot.example.net/rel/4890,False,False,False,True,-2.758479407057166,-2.770815849304199,4334,16890
BUDGET,4.0,raw_uniform_chunks,native,A-s11-d1-t16384,16384,proper_noun,Dagny Brannigan,No one signed off on the Calder-6964 handover.,False,False,False,False,-3.1058578491210938,-7.220783710479736,4334,16890
BUDGET,4.0,raw_uniform_chunks,native,A-s11-d1-t16384,16384,composition,Draywell,Miriam Vantol,False,False,False,False,-5.479166746139526,-9.166669845581055,4343,16890
BUDGET,8.0,raw_uniform_chunks,native,A-s11-d1-t16384,16384,semantic,crimson,crimson,True,True,True,False,15.718836649350123,-0.00032152325729839504,2202,16890
BUDGET,8.0,raw_uniform_chunks,native,A-s11-d1-t16384,16384,identifier,QZ-3292-RT,None,False,False,False,False,-1.213460922241211,-7.9423980712890625,2208,16890
BUDGET,8.0,raw_uniform_chunks,native,A-s11-d1-t16384,16384,number,"48,363",0,False,False,False,False,0.13036394119262695,-5.921895980834961,2211,16890
BUDGET,8.0,raw_uniform_chunks,native,A-s11-d1-t16384,16384,date,2032-02-03,Answer: No exact date is provided for the electrical audit for Vestry-6856 in the document.,False,False,False,False,-0.01457667350769043,-3.2809696197509766,2209,16890
BUDGET,8.0,raw_uniform_chunks,native,A-s11-d1-t16384,16384,hash,c67be39455983273,a0996bca13739d95,False,False,False,True,-4.568940250211199,-4.568944454193115,2207,16890
BUDGET,8.0,raw_uniform_chunks,native,A-s11-d1-t16384,16384,path,/srv/calder/spool/kx13.log,/dsrv/calder/spool/kx12.log,False,False,False,False,-2.3863636404275894,-2.5609967708587646,2208,16890
BUDGET,8.0,raw_uniform_chunks,native,A-s11-d1-t16384,16384,url,https://depot.example.net/rel/8572,None.,False,False,False,False,0.15175819396972656,-4.54144811630249,2208,16890
BUDGET,8.0,raw_uniform_chunks,native,A-s11-d1-t16384,16384,proper_noun,Dagny Brannigan,No one signed off on the Calder-6964 handover.,False,False,False,False,-6.55762243270874,-8.89157772064209,2208,16890
BUDGET,8.0,raw_uniform_chunks,native,A-s11-d1-t16384,16384,composition,Draywell,Alpha-6997 is not mentioned in the document.,False,False,False,False,-1.1889419555664062,-4.005777359008789,2217,16890
BUDGET,16.0,raw_uniform_chunks,native,A-s11-d1-t16384,16384,semantic,crimson,None.,False,False,False,False,1.527517318725586,-12.72164249420166,1148,16890
BUDGET,16.0,raw_uniform_chunks,native,A-s11-d1-t16384,16384,identifier,QZ-3292-RT,None,False,False,False,False,-0.0671992301940918,-6.617618083953857,1154,16890
BUDGET,16.0,raw_uniform_chunks,native,A-s11-d1-t16384,16384,number,"48,363",0,False,False,False,False,-0.0060634613037109375,-5.561349391937256,1157,16890
BUDGET,16.0,raw_uniform_chunks,native,A-s11-d1-t16384,16384,date,2032-02-03,No exact date is provided for the electrical audit for Vestry-6856 in the given document.,False,False,False,False,-0.0553438663482666,-3.1865923404693604,1155,16890
BUDGET,16.0,raw_uniform_chunks,native,A-s11-d1-t16384,16384,hash,c67be39455983273,None,False,False,False,False,-0.20439648628234863,-4.050520896911621,1153,16890
BUDGET,16.0,raw_uniform_chunks,native,A-s11-d1-t16384,16384,path,/srv/calder/spool/kx13.log,None,False,False,False,False,-0.15652894973754883,-7.060266017913818,1154,16890
BUDGET,16.0,raw_uniform_chunks,native,A-s11-d1-t16384,16384,url,https://depot.example.net/rel/8572,None,False,False,False,False,0.11438131332397461,-4.723565101623535,1154,16890
BUDGET,16.0,raw_uniform_chunks,native,A-s11-d1-t16384,16384,proper_noun,Dagny Brannigan,No one signed off on the Calder-6964 handover.,False,False,False,False,-5.8225417137146,-8.850663185119629,1154,16890
BUDGET,16.0,raw_uniform_chunks,native,A-s11-d1-t16384,16384,composition,Draywell,None,False,False,False,False,0.4158787727355957,-2.961509943008423,1163,16890
SHUFFLE_TEXT,1.0,raw_shuffled,native,A-s11-d1-t16384,16384,semantic,crimson,olive,False,False,False,True,-3.624982743553119,-3.6253843307495117,16980,16890
SHUFFLE_TEXT,1.0,raw_shuffled,native,A-s11-d1-t16384,16384,identifier,QZ-3292-RT,QZ-3292-RT,True,True,True,False,4.453125,0.0,16986,16890
SHUFFLE_TEXT,1.0,raw_shuffled,native,A-s11-d1-t16384,16384,number,"48,363","48,363",True,True,True,False,3.7605427900981567,-1.0331440307709272e-06,16989,16890
SHUFFLE_TEXT,1.0,raw_shuffled,native,A-s11-d1-t16384,16384,date,2032-02-03,2032-02-03,True,True,True,False,2.250174045562744,0.0,16987,16890
SHUFFLE_TEXT,1.0,raw_shuffled,native,A-s11-d1-t16384,16384,hash,c67be39455983273,c67be39455983273,True,True,True,False,3.183333396911621,0.0,16985,16890
SHUFFLE_TEXT,1.0,raw_shuffled,native,A-s11-d1-t16384,16384,path,/srv/calder/spool/kx13.log,/srv/calder/spool/kx13.log,True,True,True,False,2.227272752672434,-0.05240630730986595,16986,16890
SHUFFLE_TEXT,1.0,raw_shuffled,native,A-s11-d1-t16384,16384,url,https://depot.example.net/rel/8572,https://depot.example.net/rel/8572,True,True,True,False,2.5961540478927247,-1.6505893540852412e-07,16986,16890
SHUFFLE_TEXT,1.0,raw_shuffled,native,A-s11-d1-t16384,16384,proper_noun,Dagny Brannigan,Dagny Brannigan,True,True,True,False,11.034852067632016,-9.139353664977534e-07,16986,16890
SHUFFLE_TEXT,1.0,raw_shuffled,native,A-s11-d1-t16384,16384,composition,Draywell,Ingrid Delacroix.,False,False,False,False,4.40680718421936,-3.500009298324585,16995,16890
NATIVE_CACHED,1.0,none,original,A-s11-d2-t16384,16384,semantic,olive,olive,True,True,True,False,11.031250096246367,-0.00019159229123033583,16917,16865
NATIVE_CACHED,1.0,none,original,A-s11-d2-t16384,16384,identifier,QZ-5460-QZ,QZ-5460-QZ,True,True,True,False,8.42578125,0.0,16917,16865
NATIVE_CACHED,1.0,none,original,A-s11-d2-t16384,16384,number,"30,114","30,114",True,True,True,False,5.499999900658956,-9.934104383546583e-08,16917,16865
NATIVE_CACHED,1.0,none,original,A-s11-d2-t16384,16384,date,2032-02-05,2032-02-05,True,True,True,False,3.5500075817108154,0.0,16917,16865
NATIVE_CACHED,1.0,none,original,A-s11-d2-t16384,16384,hash,0ef60c6cdec25cb8,0ef60c6cdec25cb8,True,True,True,False,2.5833326975522937,-5.56308179966436e-07,16917,16865
NATIVE_CACHED,1.0,none,original,A-s11-d2-t16384,16384,path,/var/opt/mirren/spool/kx27.log,/var/opt/mirren/spool/kx27.log,True,True,True,False,2.697916791139505,-2.975732240884099e-05,16917,16865
NATIVE_CACHED,1.0,none,original,A-s11-d2-t16384,16384,url,https://depot.example.net/rel/4138,https://depot.example.net/rel/4138,True,True,True,False,4.439979131406091,-4.2181656567663595e-07,16917,16865
NATIVE_CACHED,1.0,none,original,A-s11-d2-t16384,16384,proper_noun,Ingrid Vantol,Ingrid Vantol,True,True,True,False,9.85431287288666,-2.384185648907078e-08,16917,16865
NATIVE_CACHED,1.0,none,original,A-s11-d2-t16384,16384,composition,Ashcombe,Ashcombe,True,True,True,False,3.6845000912435353,-0.006003029178828001,16917,16865
RANDOM,1.0,random_kv,original,A-s11-d2-t16384,16384,semantic,olive,The.,False,False,False,False,1.3512887954711914,-13.759134292602539,16917,16865
RANDOM,1.0,random_kv,original,A-s11-d2-t16384,16384,identifier,QZ-5460-QZ,The,False,False,False,False,-0.17930126190185547,-9.420650482177734,16917,16865
RANDOM,1.0,random_kv,original,A-s11-d2-t16384,16384,number,"30,114",The,False,False,False,False,0.6541557312011719,-6.153837203979492,16917,16865
RANDOM,1.0,random_kv,original,A-s11-d2-t16384,16384,date,2032-02-05,The.,False,False,False,False,-0.21393203735351562,-6.481287956237793,16917,16865
RANDOM,1.0,random_kv,original,A-s11-d2-t16384,16384,hash,0ef60c6cdec25cb8,The,False,False,False,False,-1.2269258499145508,-9.785480499267578,16917,16865
RANDOM,1.0,random_kv,original,A-s11-d2-t16384,16384,path,/var/opt/mirren/spool/kx27.log,1.,False,False,False,False,0.2062206268310547,-13.423476219177246,16917,16865
RANDOM,1.0,random_kv,original,A-s11-d2-t16384,16384,url,https://depot.example.net/rel/4138,1,False,False,False,False,-1.2982378005981445,-10.302021026611328,16917,16865
RANDOM,1.0,random_kv,original,A-s11-d2-t16384,16384,proper_noun,Ingrid Vantol,The,False,False,False,False,1.5320062637329102,-12.082365036010742,16917,16865
RANDOM,1.0,random_kv,original,A-s11-d2-t16384,16384,composition,Ashcombe,The,False,False,False,False,-1.2090959548950195,-13.414786338806152,16917,16865
SHUFFLE_KV_ORDER,1.0,shuffle_blocks,original,A-s11-d2-t16384,16384,semantic,olive,olive,True,True,True,False,11.093749371400918,-0.00016466058150399476,16917,16865
SHUFFLE_KV_ORDER,1.0,shuffle_blocks,original,A-s11-d2-t16384,16384,identifier,QZ-5460-QZ,QZ-5460-QZ,True,True,True,False,8.44140625,0.0,16917,16865
SHUFFLE_KV_ORDER,1.0,shuffle_blocks,original,A-s11-d2-t16384,16384,number,"30,114","30,114",True,True,True,False,5.479166368643504,-1.3907744289554103e-07,16917,16865
SHUFFLE_KV_ORDER,1.0,shuffle_blocks,original,A-s11-d2-t16384,16384,date,2032-02-05,2032-02-05,True,True,True,False,3.5250096321105957,0.0,16917,16865
SHUFFLE_KV_ORDER,1.0,shuffle_blocks,original,A-s11-d2-t16384,16384,hash,0ef60c6cdec25cb8,0ef60c6cdec25cb8,True,True,True,False,2.5666659772419393,-6.258464395614283e-07,16917,16865
SHUFFLE_KV_ORDER,1.0,shuffle_blocks,original,A-s11-d2-t16384,16384,path,/var/opt/mirren/spool/kx27.log,/var/opt/mirren/spool/kx27.log,True,True,True,False,2.718749943198418,-2.1752892280346714e-05,16917,16865
SHUFFLE_KV_ORDER,1.0,shuffle_blocks,original,A-s11-d2-t16384,16384,url,https://depot.example.net/rel/4138,https://depot.example.net/rel/4138,True,True,True,False,4.285298925180399,-3.7596706192744023e-07,16917,16865
SHUFFLE_KV_ORDER,1.0,shuffle_blocks,original,A-s11-d2-t16384,16384,proper_noun,Ingrid Vantol,Ingrid Vantol,True,True,True,False,9.875165915489198,-2.384185648907078e-08,16917,16865
SHUFFLE_KV_ORDER,1.0,shuffle_blocks,original,A-s11-d2-t16384,16384,composition,Ashcombe,Ashcombe,True,True,True,False,3.8354924358427525,-0.01651805266737938,16917,16865
KV_STRIDE,2.0,stride,original,A-s11-d2-t16384,16384,semantic,olive,ol. the Mir 1. the Mir. The Q3.1. The Q3. The Q3. 2. The Q3. The Q3. Long. The Q3. The Q3. the Q3,False,False,False,False,7.280743598937988,-13.61898136138916,8484,16865
KV_STRIDE,2.0,stride,original,A-s11-d2-t16384,16384,identifier,QZ-5460-QZ,KP. The thermal. The thermal.1. The thermal. The Q3. and the Mir. The Q38. The Q3. the Q3. The Q3. The Q3. The Q3.2.,False,False,False,False,-6.936594009399414,-16.90262222290039,8484,16865
KV_STRIDE,2.0,stride,original,A-s11-d2-t16384,16384,number,"30,114",3. The Q3. The Q3. The Q3. 2. 3. The Q38. 2.3. The Q3. The Q3. The Q3. The Q3 0.,False,False,False,False,0.0568695068359375,-5.968635559082031,8484,16865
KV_STRIDE,2.0,stride,original,A-s11-d2-t16384,16384,date,2032-02-05,The thermal. The thermal. The Q3. The Q3. The Q3. The Q3. The Q3. The Q3.2. The Q3. The Q3. The Q3. The Q3.,False,False,False,False,-0.9272933006286621,-8.811850547790527,8484,16865
KV_STRIDE,2.0,stride,original,A-s11-d2-t16384,16384,hash,0ef60c6cdec25cb8,"0
. The thermal. The thermal. The Q3. 1. The Q3. 3. The Q3. The. The Q3. The 2. The Q3. the Q3. The Q3",False,False,False,False,-4.923595428466797,-16.552322387695312,8484,16865
KV_STRIDE,2.0,stride,original,A-s11-d2-t16384,16384,path,/var/opt/mirren/spool/kx27.log,/Rel. The thermal. The Q3. The thermal. The Q3. Ash was completed. Mir. The Q3. The Q3. Ash. The Q3. The Q3. The Q3. The Q3,False,False,False,False,0.2881126403808594,-22.631738662719727,8484,16865
KV_STRIDE,2.0,stride,original,A-s11-d2-t16384,16384,url,https://depot.example.net/rel/4138,https. The thermal. The thermal. The Q3. 1. The Q3. The. 3. Mir. The. The Q3. The. The Q3.The Mir. The Q3. The Q3,False,False,False,False,-2.1992969512939453,-15.872893333435059,8484,16865
KV_STRIDE,2.0,stride,original,A-s11-d2-t16384,16384,proper_noun,Ingrid Vantol,In. The Q3. The Q3. The thermal. The Q3. and the Mir. 1. 3. The Q3.2. The Q3. The Q3. The Q3. The Q3,False,False,False,False,5.157171249389648,-16.72134780883789,8484,16865
KV_STRIDE,2.0,stride,original,A-s11-d2-t16384,16384,composition,Ashcombe,"https. The Q3
 the Mir. The Q3. Mir. The Q3. Long. The Q3. The Q3. the Q3. The Q3.2.2. The Q3. The Q3",False,False,False,False,5.074291229248047,-7.7253265380859375,8484,16865
KV_SINK,2.0,sink,original,A-s11-d2-t16384,16384,semantic,olive,black. The. the Mir. The thermal.1. The thermal. The. The Q3. The.1.1. The.1. the Mir. The. The.2.1. The. The. The.,False,False,False,False,-0.6696090698242188,-19.665672302246094,8482,16865
KV_SINK,2.0,sink,original,A-s11-d2-t16384,16384,identifier,QZ-5460-QZ,Q.2.1. The. The thermal. The thermal.1. The thermal.1. The.1.1. The. The thermal.2.2. The 2. The 2. The 1.,False,False,False,False,-2.453181266784668,-12.220803260803223,8482,16865
KV_SINK,2.0,sink,original,A-s11-d2-t16384,16384,number,"30,114","3
1. The. The Q3. The Q3. The Q3. The Q3.3. The Q3. The Q3.1. The Q3.3. The Q3. The Q3.",False,False,False,False,1.3419313430786133,-4.418738842010498,8482,16865
KV_SINK,2.0,sink,original,A-s11-d2-t16384,16384,date,2032-02-05,"2
3
1. The. The thermal. The thermal.1. The Q3. The Q3.1. The Q3. The Q3.2. The 2. The Q3.3. The Q",False,False,False,False,-1.760991096496582,-8.018844604492188,8482,16865
KV_SINK,2.0,sink,original,A-s11-d2-t16384,16384,hash,0ef60c6cdec25cb8,0. The Q. The thermal. The Q. The Q3. 1. The Mir.1. The Mir.1. The thermal. The thermal.2.1. The thermal. The Mir. the Mir. The,False,False,False,False,-5.857394218444824,-16.869497299194336,8482,16865
KV_SINK,2.0,sink,original,A-s11-d2-t16384,16384,path,/var/opt/mirren/spool/kx27.log,diagnostics. The Q.1. The. The thermal. The thermal.1. The Mir. 1. Mir.1. The thermal. The thermal.2.1. The 2. The Mir. The. The thermal,False,False,False,False,0.47784996032714844,-20.032976150512695,8482,16865
KV_SINK,2.0,sink,original,A-s11-d2-t16384,16384,url,https://depot.example.net/rel/4138,https. The Q.1. The electrical. The Mir. The Q1. The Mir. Long. The Q3.1. The. The. The Mir.2. The. The Mir. The Q3. The Q,False,False,False,False,-1.8423919677734375,-15.962390899658203,8482,16865
KV_SINK,2.0,sink,original,A-s11-d2-t16384,16384,proper_noun,Ingrid Vantol,In. The Q.1. The. The thermal. The thermal.1. The Q3. The Q3.1. The Q3. The Q3.1. The 3. The Q3. The Q3,False,False,False,False,7.64253044128418,-15.848871231079102,8482,16865
KV_SINK,2.0,sink,original,A-s11-d2-t16384,16384,composition,Ashcombe,Ash. The thermal. The thermal was published. The thermal.1. Mir. The. The thermal.2.1. The. The Mir. The Q3. The Q.2. The Q3. The Q3.,False,False,False,False,0.6324481964111328,-13.710197448730469,8482,16865
KV_STRIDE_COMPACT,2.0,stride,compact,A-s11-d2-t16384,16384,semantic,olive,the. the usual. and the usual. The Q3. The Q3. and the Q3. The Q3. the usual. The was not. The Q3. The Q3. The Q3. the Q3,False,False,False,False,-5.293724060058594,-23.078411102294922,8484,16865
KV_STRIDE_COMPACT,2.0,stride,compact,A-s11-d2-t16384,16384,identifier,QZ-5460-QZ,long. The Q3. The Q3. The Q3. The Q3. The. the Q3. The Q3. The Q3. The Q3. The Q3. The Q3. The Q3.,False,False,False,False,-3.037374496459961,-15.557642936706543,8484,16865
KV_STRIDE_COMPACT,2.0,stride,compact,A-s11-d2-t16384,16384,number,"30,114",The Q3. The Q3. The Q3. The Q3. The. the Q3.2. The Q3.2. The Q3. The Q3. The Q3. The Q3.2.,False,False,False,False,0.5442728996276855,-7.3904595375061035,8484,16865
KV_STRIDE_COMPACT,2.0,stride,compact,A-s11-d2-t16384,16384,date,2032-02-05,long. The Q3. The Q3. The Q3. The Q3. The. the Q3.2. The Q3. the usual. The Q3. and the Q3. the Q3.2.,False,False,False,False,-1.274458885192871,-9.129425048828125,8484,16865
KV_STRIDE_COMPACT,2.0,stride,compact,A-s11-d2-t16384,16384,hash,0ef60c6cdec25cb8,the same for the usual. The Q3. the Q3. the Q3. The Q3. the usual. The was released for the Q3. The Q3. The Q3. the Q3. The Q3,False,False,False,False,-4.402807235717773,-15.249079704284668,8484,16865
KV_STRIDE_COMPACT,2.0,stride,compact,A-s11-d2-t16384,16384,path,/var/opt/mirren/spool/kx27.log,the same. The Q3. The Q3. The Q3. The Q3. The. the Q3. The Q3. The Q3. The Q3. The Q3. The Q3. The Q3,False,False,False,False,0.4253864288330078,-20.685922622680664,8484,16865
KV_STRIDE_COMPACT,2.0,stride,compact,A-s11-d2-t16384,16384,url,https://depot.example.net/rel/4138,the same. The Q3. The Q3. The Q3. The Q3. The. the Q3. The Q3. The Q3. The Q3. The Q3. the Q3. The Q3,False,False,False,False,-1.8541250228881836,-15.183958053588867,8484,16865
KV_STRIDE_COMPACT,2.0,stride,compact,A-s11-d2-t16384,16384,proper_noun,Ingrid Vantol,the same for the usual. The Q3. The Q3. The Q3. The. The Q3. The. The Q3. Ash. The Q3. The Q3. the Q3. The Q3.,False,False,False,False,-0.22035980224609375,-21.30426788330078,8484,16865
KV_STRIDE_COMPACT,2.0,stride,compact,A-s11-d2-t16384,16384,composition,Ashcombe,D. the following. D. and the usual. The usual. the Q3. the usual. The Q3. The Q3. the usual. the usual. the usual.2. The Q3 the the Q3.,False,False,False,False,-5.878681182861328,-16.005983352661133,8484,16865
KV_STRIDE,4.0,stride,original,A-s11-d2-t16384,16384,semantic,olive,"Answer
 0. 1. The Q. The Mir was not 0. The 1 0. The Mir 0. The 0. The Q. The   0. The 0. The",False,False,False,False,2.3978729248046875,-18.00855255126953,4268,16865
KV_STRIDE,4.0,stride,original,A-s11-d2-t16384,16384,identifier,QZ-5460-QZ,KP. The Q. The Mir was not. The. The Q. The. The Mir. The. The Mir. The. The. The. The. The. The. The. The. The. The. The. The,False,False,False,False,-5.905553817749023,-13.439458847045898,4268,16865
KV_STRIDE,4.0,stride,original,A-s11-d2-t16384,16384,number,"30,114","3
1
1. The Q30. The Q3
0. The Q3.0. The Q3. 0.3 0. The Q3 0. The 3 0. Q.",False,False,False,False,0.5331883430480957,-5.149847984313965,4268,16865
KV_STRIDE,4.0,stride,original,A-s11-d2-t16384,16384,date,2032-02-05,The Q3. The Q3 1 13  1 1 the Mir 1 0 0 3 0 0   0 0 3 0 3 3 3,False,False,False,False,0.07137775421142578,-5.113783836364746,4268,16865
KV_STRIDE,4.0,stride,original,A-s11-d2-t16384,16384,hash,0ef60c6cdec25cb8,0. The Q3. 0000.0. The Q3 0. 0 0.0. 0 0 0. 3 0 0 0 0.0.,False,False,False,False,-6.036465167999268,-13.244856834411621,4268,16865
KV_STRIDE,4.0,stride,original,A-s11-d2-t16384,16384,path,/var/opt/mirren/spool/kx27.log,"/ 1. 1. The Mir was not. The 


 the Mir 1 1. The 



 3  the 3 1 3. 1.3 3",False,False,False,False,0.3839282989501953,-18.03200340270996,4268,16865
KV_STRIDE,4.0,stride,original,A-s11-d2-t16384,16384,url,https://depot.example.net/rel/4138,https. The Mir. The Q312 1. The Q 1 the Mir 1 1 1 3. The Q3    3 3  3 3 3 3,False,False,False,False,-1.6624956130981445,-10.724373817443848,4268,16865
KV_STRIDE,4.0,stride,original,A-s11-d2-t16384,16384,proper_noun,Ingrid Vantol,D. The Q3. The Mir was not the Q. The Q. The Mir. The Q. The Q. The. The Q. The Q. the Q. The. The Q. The Q. The Q. The,False,False,False,False,3.2206192016601562,-14.807451248168945,4268,16865
KV_STRIDE,4.0,stride,original,A-s11-d2-t16384,16384,composition,Ashcombe,Ash. The Q. The Mir. The Mir. The Mir. The Mir. The Mir. The. The. The. The Mir. The Mir. The... The. 1. The Q3. The. The,False,False,False,False,2.9102134704589844,-17.286123275756836,4268,16865
KV_SINK,4.0,sink,original,A-s11-d2-t16384,16384,semantic,olive,"None was the new. The new. The Q. The Q.1. The Q. 
 1. 2. The Q.1.1. The Q. The Q. The Q. The Q3. The",False,False,False,False,-0.7403659820556641,-22.072967529296875,4267,16865
KV_SINK,4.0,sink,original,A-s11-d2-t16384,16384,identifier,QZ-5460-QZ,Q. The Q3. The maintenance. The Q.1.1. The Q3. The Q. The.1.3.3.1. The Q. 1. The Q3. The Q. The Q,False,False,False,False,0.015664100646972656,-11.850855827331543,4267,16865
KV_SINK,4.0,sink,original,A-s11-d2-t16384,16384,number,"30,114","3
1
1. The Q 1.1. The Q3
0. The Q 1 1 1 3 2 2 3 1 1 3 3 0 3",False,False,False,False,0.9098119735717773,-6.5092644691467285,4267,16865
KV_SINK,4.0,sink,original,A-s11-d2-t16384,16384,date,2032-02-05,"2
1. The Q.1. The Q.1.1. The Q3. The Q. The Q.1.1.3.20. The Q. The Q3. 1. The Q3",False,False,False,False,0.0539250373840332,-5.467583656311035,4267,16865
KV_SINK,4.0,sink,original,A-s11-d2-t16384,16384,hash,0ef60c6cdec25cb8,The Q. The Q. The Q.1. The Q.1.1. The Q. 0. 13.1.1 0. 4 2. The Q. The Qase. The Q,False,False,False,False,-5.952540397644043,-14.54675006866455,4267,16865
KV_SINK,4.0,sink,original,A-s11-d2-t16384,16384,path,/var/opt/mirren/spool/kx27.log,"/1
1. The Q.1. The Q.1.1. 1. 0. 11.1 1 0.1. The Q. The Q. The Q3. The Q3",False,False,False,False,0.39508628845214844,-19.162946701049805,4267,16865
KV_SINK,4.0,sink,original,A-s11-d2-t16384,16384,url,https://depot.example.net/rel/4138,https. The Q. The Q. The Mir. 1.1. The Q3. 0. The Q.1.3.3 1. The Q. 1. The Q3. The Q. The,False,False,False,False,-0.48151683807373047,-11.515684127807617,4267,16865
KV_SINK,4.0,sink,original,A-s11-d2-t16384,16384,proper_noun,Ingrid Vantol,In. The Q. The Q.1. The Q.1.1. 1. 1. 13.1. 1 1. The Q. 1. The Q3. The Q. The,False,False,False,False,3.293191909790039,-18.833898544311523,4267,16865
KV_SINK,4.0,sink,original,A-s11-d2-t16384,16384,composition,Ashcombe,Ash. The Q. The Q3. 1. The Q3.1. The Q3.1. The Q 1 1 the Q3 3. The Q3 1. The Q34.1,False,False,False,False,5.683177947998047,-12.760467529296875,4267,16865
KV_STRIDE_COMPACT,4.0,stride,compact,A-s11-d2-t16384,16384,semantic,olive,The Q3. (and. 1. 1. The Q3. the  for the 1. the 0. The Q3. The Q3. The 3. 0. The Q3. The,False,False,False,False,-5.143581390380859,-23.944091796875,4268,16865
KV_STRIDE_COMPACT,4.0,stride,compact,A-s11-d2-t16384,16384,identifier,QZ-5460-QZ,report. 1. The Q3.1. the following for the 1. the same was not.1 and for the 0 and the 1. 1. The Q3. The Q3. the 3,False,False,False,False,-2.3219709396362305,-12.187129974365234,4268,16865
KV_STRIDE_COMPACT,4.0,stride,compact,A-s11-d2-t16384,16384,number,"30,114",1. The Q3.2. the  for the 2. the 1. The Q3. The Q3 and the 3. 2. The Q3. The Q3. The Q3.,False,False,False,False,0.4695558547973633,-4.611222743988037,4268,16865
KV_STRIDE_COMPACT,4.0,stride,compact,A-s11-d2-t16384,16384,date,2032-02-05,report. 1. The Q3.2. the following for the 1. the 1. The Q3. The Q3 and the 1. 1. The Q3. The Q3. the 3,False,False,False,False,-0.7057094573974609,-5.458671569824219,4268,16865
KV_STRIDE_COMPACT,4.0,stride,compact,A-s11-d2-t16384,16384,hash,0ef60c6cdec25cb8,The following report. The Q3. The Q3. and the  for the 2. The Q3. The Q3. The Q3 and the 3. The Q3. The Q3. The 3.,False,False,False,False,-5.278519630432129,-13.663131713867188,4268,16865
KV_STRIDE_COMPACT,4.0,stride,compact,A-s11-d2-t16384,16384,path,/var/opt/mirren/spool/kx27.log,the report. The Q3. The Q3. the 0. 1. The Q3 and the 1 and the 0. 20 3. 0. The 2 3. 3,False,False,False,False,0.2596397399902344,-19.314916610717773,4268,16865
KV_STRIDE_COMPACT,4.0,stride,compact,A-s11-d2-t16384,16384,url,https://depot.example.net/rel/4138,the same for the Q3 and the same for the 0. for the 2 the Mir 1. The Q3 and the 0 and the 3 2 and the 2. 2 and the 3,False,False,False,False,-2.219355583190918,-13.519561767578125,4268,16865
KV_STRIDE_COMPACT,4.0,stride,compact,A-s11-d2-t16384,16384,proper_noun,Ingrid Vantol,the report. The Q3. The Q3. the 0. 1. The Q3. The Q3. 0. The 2. the 0. The 2. 2. 3. The,False,False,False,False,1.2912425994873047,-19.25632095336914,4268,16865
KV_STRIDE_COMPACT,4.0,stride,compact,A-s11-d2-t16384,16384,composition,Ashcombe,and the previous for the 2 the Mir 0 and the 0 and the 0 and the 3 0 and the 0. 0 and the 3 0 0 and 0 0. The Q,False,False,False,False,-4.668773651123047,-23.675743103027344,4268,16865
KV_STRIDE,8.0,stride,original,A-s11-d2-t16384,16384,semantic,olive,"Answer


1 was released in the  the same in the same and the
 in to the same was at the the ""D and the ""D at the ""The ""the the ""D ""The ""the ""The """,False,False,False,False,0.12286758422851562,-20.141315460205078,2160,16865
KV_STRIDE,8.0,stride,original,A-s11-d2-t16384,16384,identifier,QZ-5460-QZ,"KP
 and the , the maintenance. the same, the same the same. to the final
3
 2

  ""D to the ""D for the ""the ""D ""D  the ""D ""The",False,False,False,False,-4.633218765258789,-14.777531623840332,2160,16865
KV_STRIDE,8.0,stride,original,A-s11-d2-t16384,16384,number,"30,114","3

 in  to the  the Q  the Q  to the the  the Q  the same for the same for the to the Q for the  the  the Q  the Q for the Q

 and the",False,False,False,False,0.42177486419677734,-7.9666595458984375,2160,16865
KV_STRIDE,8.0,stride,original,A-s11-d2-t16384,16384,date,2032-02-05,"The electrical equipment. the  to the audit. the audit. the same. the  the the final to the same, the same for the same to the same the the the the  the same to the same for the same at at",False,False,False,False,-0.12525081634521484,-6.851988792419434,2160,16865
KV_STRIDE,8.0,stride,original,A-s11-d2-t16384,16384,hash,0ef60c6cdec25cb8,"The routine
  was not the  the documentation. the same. the same, to the
 in the ""D and the ""D
 ""D to the ""the for the ""the ""the ""D ""d ""for """,False,False,False,False,-6.317166328430176,-15.516810417175293,2160,16865
KV_STRIDE,8.0,stride,original,A-s11-d2-t16384,16384,path,/var/opt/mirren/spool/kx27.log,"/ The

1. the  the system. the  to the same. the


 
 ""D and ""D
 ""D to the ""D ""the ""2
 ""D ""D ""D ""The",False,False,False,False,0.27572059631347656,-20.713565826416016,2160,16865
KV_STRIDE,8.0,stride,original,A-s11-d2-t16384,16384,url,https://depot.example.net/rel/4138,"https


https
  the documentation. the same, the same, to the


 
  the same, the same for the same to the the ""https
  the ""The Mir to the ""The """,False,False,False,False,-1.430171012878418,-12.089710235595703,2160,16865
KV_STRIDE,8.0,stride,original,A-s11-d2-t16384,16384,proper_noun,Ingrid Vantol,"In the routine. the maintenance. the maintenance. the same. the same, to the
 in the Calder for the routine. the same for the same to the for the ""D for the ""D and the ""for ""D for",False,False,False,False,2.973569869995117,-18.133296966552734,2160,16865
KV_STRIDE,8.0,stride,original,A-s11-d2-t16384,16384,composition,Ashcombe,"CED
 to the facility. the facility. the Mir and the facility. to the same

 to the other for the other the other the same for the other for the other for the facility at the the facility for the the for the",False,False,False,False,0.980250358581543,-15.255545616149902,2160,16865
KV_SINK,8.0,sink,original,A-s11-d2-t16384,16384,semantic,olive,"Answer
 the same bicycle was not. the same. and the same. the same for the same for the same was the the the same at. the the the the the the same the the the the the the the the same for the",False,False,False,False,-1.0699424743652344,-21.995948791503906,2159,16865
KV_SINK,8.0,sink,original,A-s11-d2-t16384,16384,identifier,QZ-5460-QZ,Har. in the Har was not. the Har. the same for the same  the Har  the same for the the the the same on the Har 2. the Har for the 00. the 04 0,False,False,False,False,-4.159213066101074,-13.448323249816895,2159,16865
KV_SINK,8.0,sink,original,A-s11-d2-t16384,16384,number,"30,114","3
  the Vest for the Vest. the Q. the Q1. the Q. the  the Q3. the the Vest for the Q. the Q for the Q. and the Q for the Q3. to the",False,False,False,False,-0.35627269744873047,-6.02817964553833,2159,16865
KV_SINK,8.0,sink,original,A-s11-d2-t16384,16384,date,2032-02-05,The to the Ord. and the . the same. the same for the same  the Ord was to the the the the the same on the same. the the the the the the the same for the the the same for the same,False,False,False,False,-0.558107852935791,-6.491453647613525,2159,16865
KV_SINK,8.0,sink,original,A-s11-d2-t16384,16384,hash,0ef60c6cdec25cb8,"Answer was archived. in. and Mir. the Mir. the same for the same for the
 Mir was for the the the the the the the the the the the the the the the the the for the the same for the the for",False,False,False,False,-6.31574821472168,-15.371066093444824,2159,16865
KV_SINK,8.0,sink,original,A-s11-d2-t16384,16384,path,/var/opt/mirren/spool/kx27.log,/ The path. and the Har to the Har. the same for the same path was the Har. the same and the the the the same on the Har  to the the Har at the the other for the path for the other path,False,False,False,False,0.07105445861816406,-16.837934494018555,2159,16865
KV_SINK,8.0,sink,original,A-s11-d2-t16384,16384,url,https://depot.example.net/rel/4138,"https?

 the Har?
 1 at the same at the same for the Har  the Har the Har at  the the 2 the same on the to the the  the 10000. the 0",False,False,False,False,-2.317610740661621,-10.781646728515625,2159,16865
KV_SINK,8.0,sink,original,A-s11-d2-t16384,16384,proper_noun,Ingrid Vantol,"An.
... and the Calder. the Calder. the same for the same for the
 the the the the the the the the the the the the the the the the the the the for the for the same for the for the",False,False,False,False,-0.47243499755859375,-17.221343994140625,2159,16865
KV_SINK,8.0,sink,original,A-s11-d2-t16384,16384,composition,Ashcombe,CED at the facility at the facility at the to the facility. the facility. the facility at the facility at the facility at the facility at the facility at at the facility at the facility at the facility at the facility at at the facility at,False,False,False,False,3.329376220703125,-12.470187187194824,2159,16865
KV_STRIDE_COMPACT,8.0,stride,compact,A-s11-d2-t16384,16384,semantic,olive,"the. 30. The. The. The. The Q. The Q, 3. The.. The. The.. 2. The Q. The. The. The. The. The. The. The",False,False,False,False,3.6644039154052734,-22.61216163635254,2160,16865
KV_STRIDE_COMPACT,8.0,stride,compact,A-s11-d2-t16384,16384,identifier,QZ-5460-QZ,"The for the same for the
 and the same for the "" for the same for the for the ""for the ""for the ""for the "" to the ""for the ""for the "" for the "" for the "" for the """,False,False,False,False,-0.9533767700195312,-11.175296783447266,2160,16865
KV_STRIDE_COMPACT,8.0,stride,compact,A-s11-d2-t16384,16384,number,"30,114","for the
 for the Q. The Q, for the Q3.. The Q and for the Q, for the Q for the Q for the Q, for the Q, Q and for the Q for the for the Q and",False,False,False,False,-0.33915233612060547,-5.487331867218018,2160,16865
KV_STRIDE_COMPACT,8.0,stride,compact,A-s11-d2-t16384,16384,date,2032-02-05,"The for the same for the 2. The Q, for the same for the. The 3 for the 2, for the 2 to the 2, 2 0 0 3 3 3",False,False,False,False,-0.5143680572509766,-6.100663185119629,2160,16865
KV_STRIDE_COMPACT,8.0,stride,compact,A-s11-d2-t16384,16384,hash,0ef60c6cdec25cb8,"for the 3. The 2, 2. The 2, 2. 3 3   2, 1 3  to 2 3 3 0 3 3 3",False,False,False,False,-3.7880144119262695,-12.530827522277832,2160,16865
KV_STRIDE_COMPACT,8.0,stride,compact,A-s11-d2-t16384,16384,path,/var/opt/mirren/spool/kx27.log,"The Q, 2, 2, 3 and 2, 3. 3 3   3 3 3  to the 2  3 4 0 3 3 3",False,False,False,False,0.0639495849609375,-18.10451316833496,2160,16865
KV_STRIDE_COMPACT,8.0,stride,compact,A-s11-d2-t16384,16384,url,https://depot.example.net/rel/4138,"The Q4. A, 2, 3 and the 2, . 3 3   2, 2 for the  to 2 and 3 4 0 3 3 3",False,False,False,False,-2.6070547103881836,-14.07817268371582,2160,16865
KV_STRIDE_COMPACT,8.0,stride,compact,A-s11-d2-t16384,16384,proper_noun,Ingrid Vantol,"The Q, 3, 2, 3 and 2, 3. 3 3   3 3 3  to the 2 3 3 0 3 3 3",False,False,False,False,3.3041839599609375,-17.388444900512695,2160,16865
KV_STRIDE_COMPACT,8.0,stride,compact,A-s11-d2-t16384,16384,composition,Ashcombe,"2, 0, . The 3   2, 2,  to the 2 and 3 0 0 3 3 3 2 3 3 3 3",False,False,False,False,-0.8943557739257812,-20.01254653930664,2160,16865
KV_STRIDE,16.0,stride,original,A-s11-d2-t16384,16384,semantic,olive,Answer was was the. was the. was the same was was in in.. the the the the Vest.. the. was the the the the the the the same the the the the the the the the the the the the the,False,False,False,False,1.4380950927734375,-18.113853454589844,1106,16865
KV_STRIDE,16.0,stride,original,A-s11-d2-t16384,16384,identifier,QZ-5460-QZ,KP was. was was was assembly was ... for for of...... was. the the. the     .. the . the of the  to the the the. the to,False,False,False,False,-4.776764869689941,-15.088329315185547,1106,16865
KV_STRIDE,16.0,stride,original,A-s11-d2-t16384,16384,number,"30,114",0. was was document was .... the Vest........ the the.....  ... the. the. the same the the the the. the to to,False,False,False,False,-0.044686317443847656,-8.614323616027832,1106,16865
KV_STRIDE,16.0,stride,original,A-s11-d2-t16384,16384,date,2032-02-05,1. was.  structural report was............................. the... the the the the. the.,False,False,False,False,0.03632354736328125,-9.981884956359863,1106,16865
KV_STRIDE,16.0,stride,original,A-s11-d2-t16384,16384,hash,0ef60c6cdec25cb8,0 was was.. was. was  ................ the.......... to. .. the same the the the.,False,False,False,False,-2.0881481170654297,-15.532611846923828,1106,16865
KV_STRIDE,16.0,stride,original,A-s11-d2-t16384,16384,path,/var/opt/mirren/spool/kx27.log,"/
 path. was  was  ... the the the...... was.. the.. the.. the. to.. to the. the the. the same the the the. the",False,False,False,False,0.1450214385986328,-18.805265426635742,1106,16865
KV_STRIDE,16.0,stride,original,A-s11-d2-t16384,16384,url,https://depot.example.net/rel/4138,Answer... was was was for was............... the............. the... the the the.. the,False,False,False,False,-1.1019268035888672,-13.247126579284668,1106,16865
KV_STRIDE,16.0,stride,original,A-s11-d2-t16384,16384,proper_noun,Ingrid Vantol,"D was.. hand
 was to was in.... of. on.. the.... the. the. the same the the the . the the the the the the the the the the the the the",False,False,False,False,-3.324223518371582,-18.681503295898438,1106,16865
KV_STRIDE,16.0,stride,original,A-s11-d2-t16384,16384,composition,Ashcombe,Ash at. unit was...... in. the the. the same the. the to... the the the of the the the the the the the the to to to the the same to the same the the,False,False,False,False,6.093233108520508,-10.867486953735352,1106,16865
KV_SINK,16.0,sink,original,A-s11-d2-t16384,16384,semantic,olive,Answer was... was. was... for..... the. was. was. was was..... for the the. the. the the.... for the same.. The,False,False,False,False,5.239713668823242,-18.102537155151367,1105,16865
KV_SINK,16.0,sink,original,A-s11-d2-t16384,16384,identifier,QZ-5460-QZ,mirror was for for for for for was for for the the the for for for for for was was the. for for for for the the the the the the.... for for the for the.1 for the Vest for the,False,False,False,False,-3.63385009765625,-17.701133728027344,1105,16865
KV_SINK,16.0,sink,original,A-s11-d2-t16384,16384,number,"30,114","0 for for for for was for was  was.. for for for for was,... for for for the the. the for..... for for the.. Vest for... for. the for",False,False,False,False,0.2835702896118164,-9.37843132019043,1105,16865
KV_SINK,16.0,sink,original,A-s11-d2-t16384,16384,date,2032-02-05,Answer.....  . the. the............ for.................2.....,False,False,False,False,0.08662033081054688,-11.907990455627441,1105,16865
KV_SINK,16.0,sink,original,A-s11-d2-t16384,16384,hash,0ef60c6cdec25cb8,Answer...... for.... the.... for for. was.... for for for the... the...... the....2...,False,False,False,False,-1.263127326965332,-16.020763397216797,1105,16865
KV_SINK,16.0,sink,original,A-s11-d2-t16384,16384,path,/var/opt/mirren/spool/kx27.log,"/

.... for... the............. for for the... the.......... and.....",False,False,False,False,0.1547832489013672,-20.273733139038086,1105,16865
KV_SINK,16.0,sink,original,A-s11-d2-t16384,16384,url,https://depot.example.net/rel/4138,https...... for................. for................. for....,False,False,False,False,0.3536691665649414,-13.42465591430664,1105,16865
KV_SINK,16.0,sink,original,A-s11-d2-t16384,16384,proper_noun,Ingrid Vantol,T...... for... the.... for for....... for for the........... the...2....,False,False,False,False,0.6159648895263672,-18.31317138671875,1105,16865
KV_SINK,16.0,sink,original,A-s11-d2-t16384,16384,composition,Ashcombe,CED the. facility..  facility...... the the Vest the the the the the the.... the the... for the Vest... the the the Vest for. the the the the,False,False,False,False,-1.7659034729003906,-20.04263687133789,1105,16865
KV_STRIDE_COMPACT,16.0,stride,compact,A-s11-d2-t16384,16384,semantic,olive,".. was not. "" and 2. The Vest for was in. and on on for the Vest. Vest. to. was. ""b. A.. ""the and. "" and the "" and the ""b.",False,False,False,False,0.48877716064453125,-20.470115661621094,1106,16865
KV_STRIDE_COMPACT,16.0,stride,compact,A-s11-d2-t16384,16384,identifier,QZ-5460-QZ,"2 was 2 1 was   2    2 2. was  2, 2 and  0 2. 2 0 1 1 1 1 and",False,False,False,False,-2.490192413330078,-10.493746757507324,1106,16865
KV_STRIDE_COMPACT,16.0,stride,compact,A-s11-d2-t16384,16384,number,"30,114","2, 2 was in for on on for the  2. 2 and  2, 2 and  0 and 44  0 1 and 0 and  1 and 1",False,False,False,False,-0.14957809448242188,-4.726916313171387,1106,16865
KV_STRIDE_COMPACT,16.0,stride,compact,A-s11-d2-t16384,16384,date,2032-02-05,and  was. The 0 was at. 2 was for  2. 2.  to the Vest 1.  0 2. 2 0 1. 1 and  1.,False,False,False,False,-0.4218616485595703,-5.356224060058594,1106,16865
KV_STRIDE_COMPACT,16.0,stride,compact,A-s11-d2-t16384,16384,hash,0ef60c6cdec25cb8,". ""2. 2, 1 was in for on on for the Vest for 2. 2 was 2, 2 and  0.4. 2 0. 1 was 1 to",False,False,False,False,-3.6141881942749023,-11.804780006408691,1106,16865
KV_STRIDE_COMPACT,16.0,stride,compact,A-s11-d2-t16384,16384,path,/var/opt/mirren/spool/kx27.log,"and 1. The Q was for for. . on on for the Vest. 2. was. 2, 2.  0.4. 2 0. 1 was 1 to 1",False,False,False,False,0.1620349884033203,-17.26106071472168,1106,16865
KV_STRIDE_COMPACT,16.0,stride,compact,A-s11-d2-t16384,16384,url,https://depot.example.net/rel/4138,"and 1. The 2 was for for for the 2 was for 2. 2. was 2, 2 and  0 and 44  0. 1 was 1 and 1",False,False,False,False,-0.8594799041748047,-13.345072746276855,1106,16865
KV_STRIDE_COMPACT,16.0,stride,compact,A-s11-d2-t16384,16384,proper_noun,Ingrid Vantol,"and 2 was not. 2 was in for on on on for the Vest on. 2. was 2, 2 and the 0 and 24 and 0. 1 was 1 and 1",False,False,False,False,0.049480438232421875,-18.28805923461914,1106,16865
KV_STRIDE_COMPACT,16.0,stride,compact,A-s11-d2-t16384,16384,composition,Ashcombe,". on for the Vest for the Vest. to to the same.2.    0 and to. 2 0. 1 was 0 to 1 and 10, 1 to 1 and",False,False,False,False,-4.214651107788086,-22.401222229003906,1106,16865
BUDGET,2.0,raw_uniform_chunks,native,A-s11-d2-t16384,16384,semantic,olive,olive,True,True,True,False,11.2812501859662,-8.469104795949534e-05,8502,16865
BUDGET,2.0,raw_uniform_chunks,native,A-s11-d2-t16384,16384,identifier,QZ-5460-QZ,QZ-5460-QZ,True,True,True,False,7.5051788489024105,-7.947283364728719e-08,8508,16865
BUDGET,2.0,raw_uniform_chunks,native,A-s11-d2-t16384,16384,number,"30,114","30,114",True,True,True,False,7.29166841506958,0.0,8510,16865
BUDGET,2.0,raw_uniform_chunks,native,A-s11-d2-t16384,16384,date,2032-02-05,2032-02-05,True,True,True,False,5.1659746170043945,0.0,8508,16865
BUDGET,2.0,raw_uniform_chunks,native,A-s11-d2-t16384,16384,hash,0ef60c6cdec25cb8,06021148a5fcf403,False,False,False,True,-6.748480482958257,-6.752618312835693,8506,16865
BUDGET,2.0,raw_uniform_chunks,native,A-s11-d2-t16384,16384,path,/var/opt/mirren/spool/kx27.log,https://relay.example.org/rel/2403,False,False,False,False,0.07015562057495117,-7.289829730987549,8507,16865
BUDGET,2.0,raw_uniform_chunks,native,A-s11-d2-t16384,16384,url,https://depot.example.net/rel/4138,https://relay.example.org/rel/2403,False,False,False,True,-4.856271861353889,-4.8594441413879395,8507,16865
BUDGET,2.0,raw_uniform_chunks,native,A-s11-d2-t16384,16384,proper_noun,Ingrid Vantol,Miriam Okonkwo,False,False,False,True,-5.0842995844050165,-5.084307670593262,8507,16865
BUDGET,2.0,raw_uniform_chunks,native,A-s11-d2-t16384,16384,composition,Ashcombe,Rowena Nieminen,False,False,False,False,-6.4259748458862305,-10.101951599121094,8518,16865
BUDGET,4.0,raw_uniform_chunks,native,A-s11-d2-t16384,16384,semantic,olive,olive,True,True,True,False,11.437499954627128,-0.0003653026360552758,4314,16865
BUDGET,4.0,raw_uniform_chunks,native,A-s11-d2-t16384,16384,identifier,QZ-5460-QZ,https://relay.example.org/rel/2403,False,False,False,False,-3.427332878112793,-9.796520233154297,4320,16865
BUDGET,4.0,raw_uniform_chunks,native,A-s11-d2-t16384,16384,number,"30,114","30,114",True,True,True,False,10.345381736755371,0.0,4322,16865
BUDGET,4.0,raw_uniform_chunks,native,A-s11-d2-t16384,16384,date,2032-02-05,2032-02-05,True,True,True,False,5.9066572189331055,0.0,4320,16865
BUDGET,4.0,raw_uniform_chunks,native,A-s11-d2-t16384,16384,hash,0ef60c6cdec25cb8,None,False,False,False,False,-1.3474011421203613,-5.779510498046875,4318,16865
BUDGET,4.0,raw_uniform_chunks,native,A-s11-d2-t16384,16384,path,/var/opt/mirren/spool/kx27.log,https://relay.example.org/rel/2403,False,False,False,False,0.14892911911010742,-7.92733907699585,4319,16865
BUDGET,4.0,raw_uniform_chunks,native,A-s11-d2-t16384,16384,url,https://depot.example.net/rel/4138,https://relay.example.org/rel/2403,False,False,False,True,-4.795457777217962,-4.796804428100586,4319,16865
BUDGET,4.0,raw_uniform_chunks,native,A-s11-d2-t16384,16384,proper_noun,Ingrid Vantol,Rowena Nieminen,False,False,False,False,3.3809056282043457,-2.7688398361206055,4319,16865
BUDGET,4.0,raw_uniform_chunks,native,A-s11-d2-t16384,16384,composition,Ashcombe,Fennhollow,False,False,False,True,-13.062585516927356,-13.06266975402832,4330,16865
BUDGET,8.0,raw_uniform_chunks,native,A-s11-d2-t16384,16384,semantic,olive,olive,True,True,True,False,12.531249473875505,-0.0001016156020341441,2194,16865
BUDGET,8.0,raw_uniform_chunks,native,A-s11-d2-t16384,16384,identifier,QZ-5460-QZ,None,False,False,False,False,-2.161978244781494,-7.85245418548584,2200,16865
BUDGET,8.0,raw_uniform_chunks,native,A-s11-d2-t16384,16384,number,"30,114",0,False,False,False,False,-0.712071418762207,-6.149782657623291,2202,16865
BUDGET,8.0,raw_uniform_chunks,native,A-s11-d2-t16384,16384,date,2032-02-05,Answer: The document does not mention the date when the structural audit for Ordell-5921 closed.,False,False,False,False,0.17426395416259766,-2.996156692504883,2200,16865
BUDGET,8.0,raw_uniform_chunks,native,A-s11-d2-t16384,16384,hash,0ef60c6cdec25cb8,Answer:,False,False,False,False,-1.3477892875671387,-5.678483486175537,2198,16865
BUDGET,8.0,raw_uniform_chunks,native,A-s11-d2-t16384,16384,path,/var/opt/mirren/spool/kx27.log,Answer: /archives/Harlow-5964 diagnostics.txt,False,False,False,False,0.286501407623291,-6.510160446166992,2199,16865
BUDGET,8.0,raw_uniform_chunks,native,A-s11-d2-t16384,16384,url,https://depot.example.net/rel/4138,None.,False,False,False,False,0.8013591766357422,-4.363580703735352,2199,16865
BUDGET,8.0,raw_uniform_chunks,native,A-s11-d2-t16384,16384,proper_noun,Ingrid Vantol,Rowena Nieminen,False,False,False,False,4.193986892700195,-3.7259631156921387,2199,16865
BUDGET,8.0,raw_uniform_chunks,native,A-s11-d2-t16384,16384,composition,Ashcombe,CEDAR-6020 is maintained by Rowena Nieminen.,False,False,False,False,-8.640785217285156,-15.797203063964844,2210,16865
BUDGET,16.0,raw_uniform_chunks,native,A-s11-d2-t16384,16384,semantic,olive,None,False,False,False,False,-3.4846019744873047,-13.663418769836426,1146,16865
BUDGET,16.0,raw_uniform_chunks,native,A-s11-d2-t16384,16384,identifier,QZ-5460-QZ,None,False,False,False,False,-1.7917842864990234,-7.812272071838379,1152,16865
BUDGET,16.0,raw_uniform_chunks,native,A-s11-d2-t16384,16384,number,"30,114",0,False,False,False,False,-0.5483407974243164,-5.854323863983154,1154,16865
BUDGET,16.0,raw_uniform_chunks,native,A-s11-d2-t16384,16384,date,2032-02-05,None,False,False,False,False,0.20001816749572754,-2.8371119499206543,1152,16865
BUDGET,16.0,raw_uniform_chunks,native,A-s11-d2-t16384,16384,hash,0ef60c6cdec25cb8,Answer: Not applicable.,False,False,False,False,-1.2319550514221191,-5.586726665496826,1150,16865
BUDGET,16.0,raw_uniform_chunks,native,A-s11-d2-t16384,16384,path,/var/opt/mirren/spool/kx27.log,Answer: /archives/harlow-5964 diagnostics.txt,False,False,False,False,0.26820802688598633,-6.889621734619141,1151,16865
BUDGET,16.0,raw_uniform_chunks,native,A-s11-d2-t16384,16384,url,https://depot.example.net/rel/4138,None.,False,False,False,False,0.7603034973144531,-4.821939468383789,1151,16865
BUDGET,16.0,raw_uniform_chunks,native,A-s11-d2-t16384,16384,proper_noun,Ingrid Vantol,Answer: Dagny Vantol,False,False,False,False,2.6020359992980957,-2.969968318939209,1151,16865
BUDGET,16.0,raw_uniform_chunks,native,A-s11-d2-t16384,16384,composition,Ashcombe,CEDAR-6020 is maintained by Rowena Nieminen.,False,False,False,False,-7.6408209800720215,-12.84415340423584,1162,16865
SHUFFLE_TEXT,1.0,raw_shuffled,native,A-s11-d2-t16384,16384,semantic,olive,olive,True,True,True,False,10.281249554362148,-0.0011324570514261723,16956,16865
SHUFFLE_TEXT,1.0,raw_shuffled,native,A-s11-d2-t16384,16384,identifier,QZ-5460-QZ,QZ-5460-QZ,True,True,True,False,5.824244022369385,0.0,16962,16865
SHUFFLE_TEXT,1.0,raw_shuffled,native,A-s11-d2-t16384,16384,number,"30,114","30,114",True,True,True,False,5.575235366821289,0.0,16964,16865
SHUFFLE_TEXT,1.0,raw_shuffled,native,A-s11-d2-t16384,16384,date,2032-02-05,2032-02-05,True,True,True,False,2.625000476837158,0.0,16962,16865
SHUFFLE_TEXT,1.0,raw_shuffled,native,A-s11-d2-t16384,16384,hash,0ef60c6cdec25cb8,0ef60c6cdec25cb8,True,True,True,False,2.34166665871939,-3.973642037635727e-08,16960,16865
SHUFFLE_TEXT,1.0,raw_shuffled,native,A-s11-d2-t16384,16384,path,/var/opt/mirren/spool/kx27.log,/var/opt/mirren/spool/kx27.log,True,True,True,False,3.010416477991612,-3.6060080219613155e-06,16961,16865
SHUFFLE_TEXT,1.0,raw_shuffled,native,A-s11-d2-t16384,16384,url,https://depot.example.net/rel/4138,https://depot.example.net/rel/4138,True,True,True,False,2.0738372344242464,-2.842677702119545e-07,16961,16865
SHUFFLE_TEXT,1.0,raw_shuffled,native,A-s11-d2-t16384,16384,proper_noun,Ingrid Vantol,Ingrid Vantol,True,True,True,False,8.459769225120546,-2.384185648907078e-08,16961,16865
SHUFFLE_TEXT,1.0,raw_shuffled,native,A-s11-d2-t16384,16384,composition,Ashcombe,Anselm Ashgrove.,False,False,False,False,0.45312023162841797,-7.937509536743164,16972,16865
NATIVE_CACHED,1.0,none,original,A-s11-d3-t16384,16384,semantic,olive,blue,False,False,False,True,-0.34297609329223633,-0.6570242047309875,16943,16891
NATIVE_CACHED,1.0,none,original,A-s11-d3-t16384,16384,identifier,RT-5106-RT,RT-5106-RT,True,True,True,False,5.140632152557373,0.0,16943,16891
NATIVE_CACHED,1.0,none,original,A-s11-d3-t16384,16384,number,"11,446","11,446",True,True,True,False,3.500020662943541,-7.947284075271455e-08,16943,16891
NATIVE_CACHED,1.0,none,original,A-s11-d3-t16384,16384,date,2030-01-19,2030-01-19,True,True,True,False,2.825000047683716,0.0,16943,16891
NATIVE_CACHED,1.0,none,original,A-s11-d3-t16384,16384,hash,7d15591c976439fc,7d15591c976439fc,True,True,True,False,2.740386724472046,0.0,16943,16891
NATIVE_CACHED,1.0,none,original,A-s11-d3-t16384,16384,path,/var/opt/mirren/spool/kx91.log,/var/opt/mirren/spool/kx91.log,True,True,True,False,2.8750002014076017,-2.1494683096534573e-05,16943,16891
NATIVE_CACHED,1.0,none,original,A-s11-d3-t16384,16384,url,https://relay.example.org/rel/9448,https://relay.example.org/rel/9448,True,True,True,False,2.6514427463215213,-2.5828663297033927e-07,16943,16891
NATIVE_CACHED,1.0,none,original,A-s11-d3-t16384,16384,proper_noun,Tobias Vantol,Tobias Vantol,True,True,True,False,7.547999421756003,-4.3710019781428855e-07,16943,16891
NATIVE_CACHED,1.0,none,original,A-s11-d3-t16384,16384,composition,Longmere,Ravensgate,False,False,False,True,-5.342549070715904,-5.560453414916992,16943,16891
RANDOM,1.0,random_kv,original,A-s11-d3-t16384,16384,semantic,olive,The,False,False,False,False,-2.7971887588500977,-11.081201553344727,16943,16891
RANDOM,1.0,random_kv,original,A-s11-d3-t16384,16384,identifier,RT-5106-RT,The,False,False,False,False,1.0493474006652832,-6.86224889755249,16943,16891
RANDOM,1.0,random_kv,original,A-s11-d3-t16384,16384,number,"11,446",The,False,False,False,False,0.23118877410888672,-4.339354991912842,16943,16891
RANDOM,1.0,random_kv,original,A-s11-d3-t16384,16384,date,2030-01-19,The,False,False,False,False,-0.38057518005371094,-4.808870315551758,16943,16891
RANDOM,1.0,random_kv,original,A-s11-d3-t16384,16384,hash,7d15591c976439fc,The. The. 1,False,False,False,False,1.3794231414794922,-7.038824081420898,16943,16891
RANDOM,1.0,random_kv,original,A-s11-d3-t16384,16384,path,/var/opt/mirren/spool/kx91.log,1,False,False,False,False,-0.19812488555908203,-12.014836311340332,16943,16891
RANDOM,1.0,random_kv,original,A-s11-d3-t16384,16384,url,https://relay.example.org/rel/9448,The,False,False,False,False,0.6827411651611328,-8.319165229797363,16943,16891
RANDOM,1.0,random_kv,original,A-s11-d3-t16384,16384,proper_noun,Tobias Vantol,The,False,False,False,False,1.6229162216186523,-9.5667085647583,16943,16891
RANDOM,1.0,random_kv,original,A-s11-d3-t16384,16384,composition,Longmere,1,False,False,False,False,-3.081563949584961,-11.57683277130127,16943,16891
SHUFFLE_KV_ORDER,1.0,shuffle_blocks,original,A-s11-d3-t16384,16384,semantic,olive,blue,False,False,False,True,-0.7946716398000717,-0.9553287029266357,16943,16891
SHUFFLE_KV_ORDER,1.0,shuffle_blocks,original,A-s11-d3-t16384,16384,identifier,RT-5106-RT,RT-5106-RT,True,True,True,False,5.179697036743164,0.0,16943,16891
SHUFFLE_KV_ORDER,1.0,shuffle_blocks,original,A-s11-d3-t16384,16384,number,"11,446","11,446",True,True,True,False,3.6250262260438717,-2.3841840857130592e-07,16943,16891
SHUFFLE_KV_ORDER,1.0,shuffle_blocks,original,A-s11-d3-t16384,16384,date,2030-01-19,2030-01-19,True,True,True,False,2.825000047683716,0.0,16943,16891
SHUFFLE_KV_ORDER,1.0,shuffle_blocks,original,A-s11-d3-t16384,16384,hash,7d15591c976439fc,7d15591c976439fc,True,True,True,False,2.73077130317688,0.0,16943,16891
SHUFFLE_KV_ORDER,1.0,shuffle_blocks,original,A-s11-d3-t16384,16384,path,/var/opt/mirren/spool/kx91.log,/var/opt/mirren/spool/kx91.log,True,True,True,False,2.885416619872558,-2.206077624578029e-05,16943,16891
SHUFFLE_KV_ORDER,1.0,shuffle_blocks,original,A-s11-d3-t16384,16384,url,https://relay.example.org/rel/9448,https://relay.example.org/rel/9448,True,True,True,False,2.6177887221179788,-3.0795709449193964e-07,16943,16891
SHUFFLE_KV_ORDER,1.0,shuffle_blocks,original,A-s11-d3-t16384,16384,proper_noun,Tobias Vantol,"Tobias Vantol, the compliance registrar, signed off on the Vestry-5026 handover.",True,True,True,False,7.546952625116603,-5.761773422818806e-07,16943,16891
SHUFFLE_KV_ORDER,1.0,shuffle_blocks,original,A-s11-d3-t16384,16384,composition,Longmere,Ravensgate,False,False,False,True,-5.531240984797478,-5.750339984893799,16943,16891
KV_STRIDE,2.0,stride,original,A-s11-d3-t16384,16384,semantic,olive,The Mir. The Q3. The Q3.1.1. Ash. The Q3. The Q3.1. Long. Long. The Q3. Long for the Q3. The Q3. The Q3,False,False,False,False,-12.658034801483154,-15.41560173034668,8498,16891
KV_STRIDE,2.0,stride,original,A-s11-d3-t16384,16384,identifier,RT-5106-RT,RT.1. and the thermal. Ash. The Q3. The Q3. The Q3. Long.1. The Q3 for the Q3. The Q3. 2. The Q3.1. The,False,False,False,False,5.853200912475586,-8.620973587036133,8498,16891
KV_STRIDE,2.0,stride,original,A-s11-d3-t16384,16384,number,"11,446",1. The Q3.1. Ash. The Q3. The Q3.1. Long. Long. The Q3. Long for the Q3. 1. 2. The Q3.1. The Q,False,False,False,False,-1.3657011985778809,-6.494889736175537,8498,16891
KV_STRIDE,2.0,stride,original,A-s11-d3-t16384,16384,date,2030-01-19,2.1. and the thermal.0. The Q3. The Q3. The Q3.1.1. The Q3 for the Q3. The Q3. 0. The Q3.5. The,False,False,False,False,-0.26536989212036133,-8.077657699584961,8498,16891
KV_STRIDE,2.0,stride,original,A-s11-d3-t16384,16384,hash,7d15591c976439fc,7. The.1. and the Q3. Ash. The Q3. The Q3. and the Q3.1. The Q3 for the Q3. The Q3. and the Q3 and the Q3,False,False,False,False,5.050746917724609,-15.679967880249023,8498,16891
KV_STRIDE,2.0,stride,original,A-s11-d3-t16384,16384,path,/var/opt/mirren/spool/kx91.log,/var. The Q3.5.1. Ash. The Q3. The Q3.1. Long. Long. The Q3. Long. The Q3. 5. 2enn. The Q3. The,False,False,False,False,-0.2656097412109375,-20.153976440429688,8498,16891
KV_STRIDE,2.0,stride,original,A-s11-d3-t16384,16384,url,https://relay.example.org/rel/9448,The thermal. The thermal. and the thermal. Ash. The.1. The mirror. Long. Long. Long. Long. The mirror. Long for the Mir. Long. The mirror. The. The mirror.1.1,False,False,False,False,1.2276391983032227,-13.728741645812988,8498,16891
KV_STRIDE,2.0,stride,original,A-s11-d3-t16384,16384,proper_noun,Tobias Vantol,T.1. and the Q3. Ash. The Q3. The Q3.1. Long. Long. The Q3. Long. The Q3. 0. and the Q3 and the Q3. The,False,False,False,False,5.802215576171875,-16.975271224975586,8498,16891
KV_STRIDE,2.0,stride,original,A-s11-d3-t16384,16384,composition,Longmere,R.1. The Q3. The Q3.1.1. The Q3. Long for the Q3. The Q3. The Q3.1. The Q3. The Q3. The Q3.,False,False,False,False,-3.9696598052978516,-17.99747085571289,8498,16891
KV_SINK,2.0,sink,original,A-s11-d3-t16384,16384,semantic,olive,"None. The Q3





 the


 the



1. The Q3







0",False,False,False,False,-17.399475932121277,-18.308391571044922,8496,16891
KV_SINK,2.0,sink,original,A-s11-d3-t16384,16384,identifier,RT-5106-RT,XD. The replacement. The Q3. the Mir. The duty. The Q33. The Q3. 1. The Q3. 1. The Q3. The Q3. The Q3.1.,False,False,False,False,-1.2237253189086914,-9.858047485351562,8496,16891
KV_SINK,2.0,sink,original,A-s11-d3-t16384,16384,number,"11,446",1. The Q3.1. The Q3. The Q3. The Q3. The 1. 1. The Q3. The Q3. The Q3. 3. The Q3.1.,False,False,False,False,-1.1667466163635254,-5.385627746582031,8496,16891
KV_SINK,2.0,sink,original,A-s11-d3-t16384,16384,date,2030-01-19,The Q3. The Q3. The Q3. The Q3. The Q3. The Q3.1. The Q3. 1. The Q3.3. The Q3. The Q3.2,False,False,False,False,-0.559661865234375,-7.994298458099365,8496,16891
KV_SINK,2.0,sink,original,A-s11-d3-t16384,16384,hash,7d15591c976439fc,"7





 the







1











0
















0",False,False,False,False,4.956029891967773,-12.503292083740234,8496,16891
KV_SINK,2.0,sink,original,A-s11-d3-t16384,16384,path,/var/opt/mirren/spool/kx91.log,/var. The Q3. The Q3. 1. The Q3. The Q3. The Q3.1. The Q3. 0. The 1. 1. 0. The Q3.,False,False,False,False,-0.21201515197753906,-16.51070785522461,8496,16891
KV_SINK,2.0,sink,original,A-s11-d3-t16384,16384,url,https://relay.example.org/rel/9448,https. The Q1. The Q3. The Q3. The Q3. The Q3. The Q3.1. The Q3. The Q1. The Q3. The Q3. The Q3.,False,False,False,False,-0.2543783187866211,-12.812294006347656,8496,16891
KV_SINK,2.0,sink,original,A-s11-d3-t16384,16384,proper_noun,Tobias Vantol,T. The replacement was completed.1. the Mir. The duty. The Q3. the Q3 for the Mir. The Q3. The Q3. The Q3. The Q3. The Q3.2.,False,False,False,False,3.7779979705810547,-16.096515655517578,8496,16891
KV_SINK,2.0,sink,original,A-s11-d3-t16384,16384,composition,Longmere,R. The Q3. The Q3. The Q3.1. The Q3. 0. 1. The Q3. 0. The Q3.1. The Q3. The Q3.0,False,False,False,False,-8.119060516357422,-20.054908752441406,8496,16891
KV_STRIDE_COMPACT,2.0,stride,compact,A-s11-d3-t16384,16384,semantic,olive,and. and the same. The. for the usual. The Q3. The Q3. The Q3. The Q3. the. The Q. The Q3 for the Q3. and the Q3. The Q,False,False,False,False,-12.257116317749023,-21.234500885009766,8498,16891
KV_STRIDE_COMPACT,2.0,stride,compact,A-s11-d3-t16384,16384,identifier,RT-5106-RT,for for the usual. and the usual. and the usual. the usual for the usual. and the usual. The Q3. The Q3 for the Q3. and the Q3. The Q3 and the Q3.,False,False,False,False,2.4844141006469727,-13.179402351379395,8498,16891
KV_STRIDE_COMPACT,2.0,stride,compact,A-s11-d3-t16384,16384,number,"11,446",for the usual. and the usual. and the Q3. The Q3. The Q3. the Q. The Q3. The Q3. for the Q3. and the Q3 and the Q3. The Q,False,False,False,False,-1.3569507598876953,-9.972770690917969,8498,16891
KV_STRIDE_COMPACT,2.0,stride,compact,A-s11-d3-t16384,16384,date,2030-01-19,for. for the usual. The Q3. The Q3. The Q3. The Q3. Long. The Q3. The. The Q3. The Q3. and the Q3 and the Q3. The,False,False,False,False,-0.2135305404663086,-10.387868881225586,8498,16891
KV_STRIDE_COMPACT,2.0,stride,compact,A-s11-d3-t16384,16384,hash,7d15591c976439fc,The Q3. for the usual. The Q3. The Q3. The Q3. The Q3. 2. The Q3. The Q3. and. The Q3. The Q3 and the Q3,False,False,False,False,2.7914161682128906,-16.9970645904541,8498,16891
KV_STRIDE_COMPACT,2.0,stride,compact,A-s11-d3-t16384,16384,path,/var/opt/mirren/spool/kx91.log,1. The Q3.1. for the. The Q3. The Q3. The Q3.1.0. The Q3 for the Q3. The Q3. and the. The Q3.1.,False,False,False,False,-0.03389549255371094,-22.698394775390625,8498,16891
KV_STRIDE_COMPACT,2.0,stride,compact,A-s11-d3-t16384,16384,url,https://relay.example.org/rel/9448,The Q3. for the usual. The Q3. The Q3. The Q3. The Q3.1. The Q3. The. The Q3. The Q3. and the. The Q3.1,False,False,False,False,1.5360946655273438,-16.28257942199707,8498,16891
KV_STRIDE_COMPACT,2.0,stride,compact,A-s11-d3-t16384,16384,proper_noun,Tobias Vantol,for. for the usual. The Q3. The Q3. The Q3. The Q3. Long. The Q3. The. The Q3. The Q3. and the Q3 and the Q3. The,False,False,False,False,-0.2607593536376953,-22.404848098754883,8498,16891
KV_STRIDE_COMPACT,2.0,stride,compact,A-s11-d3-t16384,16384,composition,Longmere,and.0. The Q3. The Q3.1.1. The Q3 for the Q3. The Q3. and the Q3 and the Q3. The Q3. The Q3. The Q3,False,False,False,False,1.518341064453125,-18.068798065185547,8498,16891
KV_STRIDE,4.0,stride,original,A-s11-d3-t16384,16384,semantic,olive,None. The Q3. The Q3. 1. The the Q3. 2. the the the Q3. 3. The Q3. Q3. The Q. The Q. The. 3.,False,False,False,False,-18.43150520324707,-24.492252349853516,4275,16891
KV_STRIDE,4.0,stride,original,A-s11-d3-t16384,16384,identifier,RT-5106-RT,RT. The maintenance. The maintenance. The. The. 2. the the. the maintenance. 2. The Q. The. The. The. The. The. The..2. The. The. The.,False,False,False,False,2.117767333984375,-9.372553825378418,4275,16891
KV_STRIDE,4.0,stride,original,A-s11-d3-t16384,16384,number,"11,446","1
 and the system. The system. The Q3. the the the system. The Q3. The Q. The Q3 2. The Q. The. The Q.3. The Q. The Q. The",False,False,False,False,-0.30930423736572266,-9.648503303527832,4275,16891
KV_STRIDE,4.0,stride,original,A-s11-d3-t16384,16384,date,2030-01-19,The Mir. The thermal. The electrical. The. Ash. The. the the. the. The. The. The. The. The. The. The. The. The. The.2. The. The. The.,False,False,False,False,-1.2787189483642578,-9.582036018371582,4275,16891
KV_STRIDE,4.0,stride,original,A-s11-d3-t16384,16384,hash,7d15591c976439fc,"Answer. The Q3
 and the system. the the Q3. The Q. the the Q3. 3. The Q3. 3. The Q. The Q. The Q3. The. The. The",False,False,False,False,5.034597396850586,-13.013517379760742,4275,16891
KV_STRIDE,4.0,stride,original,A-s11-d3-t16384,16384,path,/var/opt/mirren/spool/kx91.log,/d the backup. The electrical. The Q. The Q3. The. the the. the. The Q3. The Q3. 3. The. The Q. The. Ash.3. The. The. the,False,False,False,False,0.0463409423828125,-19.385324478149414,4275,16891
KV_STRIDE,4.0,stride,original,A-s11-d3-t16384,16384,url,https://relay.example.org/rel/9448,https. The Mir. The mirror. The Q. The. Ash. The. the the. The. The. The. The. The. The. The. The. The. The. The. The. The. The.,False,False,False,False,0.665074348449707,-13.48633861541748,4275,16891
KV_STRIDE,4.0,stride,original,A-s11-d3-t16384,16384,proper_noun,Tobias Vantol,Cas for the. The electrical. The maintenance. The Q3. the. the the maintenance. The Q3. The Q. The. The. The. The. The. The..2. The. The. The.,False,False,False,False,-0.5745925903320312,-21.342172622680664,4275,16891
KV_STRIDE,4.0,stride,original,A-s11-d3-t16384,16384,composition,Longmere,R. 1. the the 1. 3. The 3. 2 2 2 3 for the 3.3. 3   2 2 3  3 3,False,False,False,False,-0.5179853439331055,-15.488663673400879,4275,16891
KV_SINK,4.0,sink,original,A-s11-d3-t16384,16384,semantic,olive,"None
 and no was published. The duty and the new. The Q. the Vest. 2
 1 for the new. The 2. The Q3. The Q. The Q. The Vest. The Q3",False,False,False,False,-11.757159233093262,-22.777301788330078,4274,16891
KV_SINK,4.0,sink,original,A-s11-d3-t16384,16384,identifier,RT-5106-RT,"5






 0000. The 0. The Q3




0. The Har 0. The Q 0.0. 0. The Mir 0.",False,False,False,False,1.3792743682861328,-11.363234519958496,4274,16891
KV_SINK,4.0,sink,original,A-s11-d3-t16384,16384,number,"11,446","1
 and the Q3
1
1
1



1








1
1
1







1



1
1",False,False,False,False,-0.5889892578125,-9.662503242492676,4274,16891
KV_SINK,4.0,sink,original,A-s11-d3-t16384,16384,date,2030-01-19,The duty was published. The duty. The thermal. 1. The structural. 1.2. The 2. The Q3. The structural. The structural was completed. The structural. 2. The structural. The,False,False,False,False,-0.7946124076843262,-8.506135940551758,4274,16891
KV_SINK,4.0,sink,original,A-s11-d3-t16384,16384,hash,7d15591c976439fc,7,False,False,False,False,4.312108039855957,-13.264639854431152,4274,16891
KV_SINK,4.0,sink,original,A-s11-d3-t16384,16384,path,/var/opt/mirren/spool/kx91.log,https the Mir and the data. The duty. The Vest was not. The Q. 1.1. The was. The Q3. 2. The Q. 2 2. The 2 1. The,False,False,False,False,0.03249549865722656,-20.779571533203125,4274,16891
KV_SINK,4.0,sink,original,A-s11-d3-t16384,16384,url,https://relay.example.org/rel/9448,https,False,False,False,False,0.3776988983154297,-12.219306945800781,4274,16891
KV_SINK,4.0,sink,original,A-s11-d3-t16384,16384,proper_noun,Tobias Vantol,D the Vest and the maintenance. The thermal. the maintenance for the same. and the Vest for the system. 2. The Vest. the Vest. The Q. the Vest for the Vest and the Vest for the Vest.2,False,False,False,False,0.8896007537841797,-17.731201171875,4274,16891
KV_SINK,4.0,sink,original,A-s11-d3-t16384,16384,composition,Longmere,CED for the facility. 1. The facility.1. 2. The Q3. The Q3. 2 2. The Q. 1. The Q. The 1 the 0. The Q.,False,False,False,False,-2.0785903930664062,-16.62355613708496,4274,16891
KV_STRIDE_COMPACT,4.0,stride,compact,A-s11-d3-t16384,16384,semantic,olive,"The. The Q3 for the of for the


 the the usual for the same for the for the the usual. The Q3. The Q3. the usual for the usual for the usual for the usual for the Q",False,False,False,False,-8.39818000793457,-26.186267852783203,4275,16891
KV_STRIDE_COMPACT,4.0,stride,compact,A-s11-d3-t16384,16384,identifier,RT-5106-RT,the of for the 2. The the usual for the same for the the the the usual. the usual. The Q3. The Q3. The Q. The for the.2.2. The 2. the usual,False,False,False,False,1.647395133972168,-11.684989929199219,4275,16891
KV_STRIDE_COMPACT,4.0,stride,compact,A-s11-d3-t16384,16384,number,"11,446",the. the 2. The the the usual for the 2. the the usual. the previous. The Q3. The Q3. The Q. The. The.2.2. The 2. the 2,False,False,False,False,-1.18440580368042,-9.048225402832031,4275,16891
KV_STRIDE_COMPACT,4.0,stride,compact,A-s11-d3-t16384,16384,date,2030-01-19,the of for the 2. The the the usual for the 2. the the usual. the usual. The Q3. The Q3. The Q3 for the 3.2. The 2.  for the,False,False,False,False,-0.4066452980041504,-7.8714752197265625,4275,16891
KV_STRIDE_COMPACT,4.0,stride,compact,A-s11-d3-t16384,16384,hash,7d15591c976439fc,The Mir. The was for the 1. the the usual for the same. the the the usual. The Q3. The Q3. 2. The Q. The. The 2.2. The 2.,False,False,False,False,4.164340019226074,-12.943970680236816,4275,16891
KV_STRIDE_COMPACT,4.0,stride,compact,A-s11-d3-t16384,16384,path,/var/opt/mirren/spool/kx91.log,the of the for the 2. The the the usual for the same. the the the usual. the usual. The Q3. The Q3. The Q. The. The.2.2. The 2. the,False,False,False,False,-0.13561248779296875,-20.61577033996582,4275,16891
KV_STRIDE_COMPACT,4.0,stride,compact,A-s11-d3-t16384,16384,url,https://relay.example.org/rel/9448,"The Mir. The was for the 1. the the usual for the
 the for the the usual. the same. The Q3. The Q3. The Q. The. The.2.2. The 2.",False,False,False,False,0.8263082504272461,-14.28173828125,4275,16891
KV_STRIDE_COMPACT,4.0,stride,compact,A-s11-d3-t16384,16384,proper_noun,Tobias Vantol,the of for the 2. The the the usual for the 2. the the usual. the usual. The Q3. The Q3. The Q3 for the. The Q3. The Q3. The Q3,False,False,False,False,0.017416000366210938,-22.182512283325195,4275,16891
KV_STRIDE_COMPACT,4.0,stride,compact,A-s11-d3-t16384,16384,composition,Longmere,The Q. The. the the the usual. the same. The Q3. The Q3. The Q. The. The.2.2. The. The. the usual. The. the. The Q3. The,False,False,False,False,1.2971611022949219,-14.817279815673828,4275,16891
KV_STRIDE,8.0,stride,original,A-s11-d3-t16384,16384,semantic,olive,"black. was completed. the electrical for the the the the the the Q  the same was not the previous the the the the the Q to the Q, the same on the the same the Q the Q for the Q was the the",False,False,False,False,-13.579492568969727,-17.700870513916016,2163,16891
KV_STRIDE,8.0,stride,original,A-s11-d3-t16384,16384,identifier,RT-5106-RT,"Assembly
 the replacement the the replacement for the Q?
  the Q the Q the same, the same the same the Q of the  on the the  the Q of the Ord for the Q for the the of the the same the",False,False,False,False,3.017704963684082,-8.767253875732422,2163,16891
KV_STRIDE,8.0,stride,original,A-s11-d3-t16384,16384,number,"11,446","1
 the the the Q    the Q?
   the Q?
3, the Q  the Q, the the Q3 and the Q, the Q3



  the Q of the Q3",False,False,False,False,-0.7972793579101562,-6.967886447906494,2163,16891
KV_STRIDE,8.0,stride,original,A-s11-d3-t16384,16384,date,2030-01-19,"2
 to the the the  the  the Q
1
 the  the  the final  to the the the on theated on the  the same on the Q  the the Q for the the of the the the",False,False,False,False,-1.2225632667541504,-7.366497993469238,2163,16891
KV_STRIDE,8.0,stride,original,A-s11-d3-t16384,16384,hash,7d15591c976439fc,"None for the  the the the the  the  the  the the  the previous the previous, the final  the Mir of theate on the  the  the same the Q for the the Q for the the of the the",False,False,False,False,5.7796831130981445,-12.21802806854248,2163,16891
KV_STRIDE,8.0,stride,original,A-s11-d3-t16384,16384,path,/var/opt/mirren/spool/kx91.log,"D
 the Vest the the the the backup to the same to the the the same to the the backup to the other to the the the  on the the same the same on the the the the Q for the the of the the the",False,False,False,False,-0.43979644775390625,-18.019502639770508,2163,16891
KV_STRIDE,8.0,stride,original,A-s11-d3-t16384,16384,url,https://relay.example.org/rel/9448,"https
 the backup
 the the the  the Q  the other?
  the the the same?
 the following the same the the the
 the  to the  the same on the  the



 the of the of",False,False,False,False,1.2573785781860352,-11.68963623046875,2163,16891
KV_STRIDE,8.0,stride,original,A-s11-d3-t16384,16384,proper_noun,Tobias Vantol,"D. to the the the Vest for the Q, the other. the Q the the the Vest on the Vest, the the the the Q3 on the hand in the Q. the the Q for the the of the the Q.",False,False,False,False,1.7236804962158203,-17.611658096313477,2163,16891
KV_STRIDE,8.0,stride,original,A-s11-d3-t16384,16384,composition,Longmere,"CED in the facility was the facility was the facility, the same the facility of the facility on the same on the the same for the the Q for the the the of the of the the same for the the the the the the the the",False,False,False,False,0.17870807647705078,-14.50936508178711,2163,16891
KV_SINK,8.0,sink,original,A-s11-d3-t16384,16384,semantic,olive,None the the the same the new  the same the the the same the same the same for the same the the the the Q for the same for the Q the the the the same for the same the the same for the same the other,False,False,False,False,-12.226879119873047,-19.930892944335938,2162,16891
KV_SINK,8.0,sink,original,A-s11-d3-t16384,16384,identifier,RT-5106-RT,"The replacement
 the replacement the replacement for the replacement for the same part for the the the assembly for the replacement for the assembly for the the the the replacement for the system for the same for the Ord for the Q for the Q for the",False,False,False,False,0.6168651580810547,-10.775057792663574,2162,16891
KV_SINK,8.0,sink,original,A-s11-d3-t16384,16384,number,"11,446","1
 the Q the Q the Q,  the Q, the the the Q for the Q  to the Q the Q the the Q for the Q the Q3, the Q

  the Q of the Q  the",False,False,False,False,-1.3733291625976562,-9.452637672424316,2162,16891
KV_SINK,8.0,sink,original,A-s11-d3-t16384,16384,date,2030-01-19,D was completed for the the the data the data the data the Q the the the the the Q for the data for the the Q the the the Q for the data the the same for the same for the Q the Q of the Vest,False,False,False,False,-0.44750070571899414,-7.955024719238281,2162,16891
KV_SINK,8.0,sink,original,A-s11-d3-t16384,16384,hash,7d15591c976439fc,Answer for the data was the the the the data the  the data the to the the the the the Q for the data for the was the the the the Q for the same the the the same for the data for the Q of the,False,False,False,False,4.569236755371094,-13.68520736694336,2162,16891
KV_SINK,8.0,sink,original,A-s11-d3-t16384,16384,path,/var/opt/mirren/spool/kx91.log,/ the data was the same the the data the data the same path for the the the the the Q for the data for the the Q the the the the file. the the file for the file for the file for the Q of the,False,False,False,False,0.0029850006103515625,-18.3448429107666,2162,16891
KV_SINK,8.0,sink,original,A-s11-d3-t16384,16384,url,https://relay.example.org/rel/9448,https the the data was the data the the data available the same data the to the the the the same for the Q for the available the Q the the the Q for the same the the same for the same available for the Q of the,False,False,False,False,1.3346996307373047,-12.576988220214844,2162,16891
KV_SINK,8.0,sink,original,A-s11-d3-t16384,16384,proper_noun,Tobias Vantol,"D
 was the the the the data for the data the Q for the the the the the Vest for the same for the hand for the the the Vest for the hand the the same for the hand for the Q for the Q of the",False,False,False,False,1.349822998046875,-18.126039505004883,2162,16891
KV_SINK,8.0,sink,original,A-s11-d3-t16384,16384,composition,Longmere,R the and the the the facility for the facility for the facility for the facility for the same the same for the same the the same for the same the the Q the Q of the facility for the facility for the the the the same the,False,False,False,False,-7.497594833374023,-19.753551483154297,2162,16891
KV_STRIDE_COMPACT,8.0,stride,compact,A-s11-d3-t16384,16384,semantic,olive,"The Q3. The was for the Q the the Q. the Q3



 the Q3
 the Q and the Q3 was not
 ""Dagn on the Q and the Q3 and the Q3 had",False,False,False,False,-7.235546112060547,-24.7430419921875,2163,16891
KV_STRIDE_COMPACT,8.0,stride,compact,A-s11-d3-t16384,16384,identifier,RT-5106-RT,"to the Q the the the the the Q3, ""D. the Q1 and the Q and the Q3 was not 2 3 and the Q and the Q3 and the Q3 had the Q of the Q3",False,False,False,False,2.1013031005859375,-10.405747413635254,2163,16891
KV_STRIDE_COMPACT,8.0,stride,compact,A-s11-d3-t16384,16384,number,"11,446","Q for the the the the the Q3, 2. the Q3 2 and the Q 20. The Q3 2. The Q3 Q3 0. The Q3 of the Q3 2",False,False,False,False,-0.6351456642150879,-5.73097562789917,2163,16891
KV_STRIDE_COMPACT,8.0,stride,compact,A-s11-d3-t16384,16384,date,2030-01-19,"and for the Q the the the the Q3, ""D. the Q1 and the Q from the Q3 was not 2 2 2 and the Q3 2. Q3 2 of the Q2",False,False,False,False,-0.9663124084472656,-7.8406524658203125,2163,16891
KV_STRIDE_COMPACT,8.0,stride,compact,A-s11-d3-t16384,16384,hash,7d15591c976439fc,0. The Q the the the the 2. Q3. The Q 2 2. The Q 20. The Q3 2. The Q3 Q3. The Q3 2 of the Q,False,False,False,False,3.5778627395629883,-10.757875442504883,2163,16891
KV_STRIDE_COMPACT,8.0,stride,compact,A-s11-d3-t16384,16384,path,/var/opt/mirren/spool/kx91.log,"0 was for the the the the the Q3, 2. the Q3 2 and the Q 20. The Q3 2. The Q3 Q3. The Q3 2 of the Q3",False,False,False,False,-0.17653465270996094,-18.720678329467773,2163,16891
KV_STRIDE_COMPACT,8.0,stride,compact,A-s11-d3-t16384,16384,url,https://relay.example.org/rel/9448,0 was for the Q the the 2. The 2. The Q 2 2. The Q 20. The Q3 2. The Q3 2. The Q3 2 of the,False,False,False,False,1.6848716735839844,-14.03796100616455,2163,16891
KV_STRIDE_COMPACT,8.0,stride,compact,A-s11-d3-t16384,16384,proper_noun,Tobias Vantol,2 for the the the 2 to the Q3. The Q 2 2 and the Q 20. The Q3 2. The Q3 Q3 2. The Q3 of the Q3,False,False,False,False,2.8929595947265625,-18.351320266723633,2163,16891
KV_STRIDE_COMPACT,8.0,stride,compact,A-s11-d3-t16384,16384,composition,Longmere,2. The Q 2 2 and the Q 20. The Q3 2. The Q3 Q3 2. The Q3 of the Q3 2 Q 0 the Q3 for the Q,False,False,False,False,-0.22035598754882812,-19.510440826416016,2163,16891
KV_STRIDE,16.0,stride,original,A-s11-d3-t16384,16384,semantic,olive,"Answer
 the the the the the the the the the the the the the the the the the...... the the the the the the the the the the the the the.. the the the the the the the the",False,False,False,False,-11.305532455444336,-19.51795196533203,1108,16891
KV_STRIDE,16.0,stride,original,A-s11-d3-t16384,16384,identifier,RT-5106-RT,ORD. the the the the the the the the. the....... the the the the the the the the the the the the the.. the the the the. the the the the the to to to the,False,False,False,False,0.6884899139404297,-16.137954711914062,1108,16891
KV_STRIDE,16.0,stride,original,A-s11-d3-t16384,16384,number,"11,446",0. the the the the the  .......... the the the the the the. the the..... the. the... the the the to to to to to the,False,False,False,False,0.0712728500366211,-9.92113208770752,1108,16891
KV_STRIDE,16.0,stride,original,A-s11-d3-t16384,16384,date,2030-01-19,2. the.. the the the the........... the the the the the the the. the. the.... the the.... the the to to to to to,False,False,False,False,-0.7862129211425781,-13.326513290405273,1108,16891
KV_STRIDE,16.0,stride,original,A-s11-d3-t16384,16384,hash,7d15591c976439fc,"5
 Mir.. the the the. the. the. the....... the the the the the the.. the the the..... the the.... the. to to to",False,False,False,False,0.9885520935058594,-15.37717056274414,1108,16891
KV_STRIDE,16.0,stride,original,A-s11-d3-t16384,16384,path,/var/opt/mirren/spool/kx91.log,"/var
 the..... usual.. the. the...... the the the the the the the the. the the the... the the the the. the the the the the to to to",False,False,False,False,0.0767822265625,-20.040998458862305,1108,16891
KV_STRIDE,16.0,stride,original,A-s11-d3-t16384,16384,url,https://relay.example.org/rel/9448,https for.. the the the the the. the the. the....... the the the the the the the the the the the the.... the the... the. the to to to,False,False,False,False,0.30754661560058594,-15.267714500427246,1108,16891
KV_STRIDE,16.0,stride,original,A-s11-d3-t16384,16384,proper_noun,Tobias Vantol,D.... the. the........... the the the the the the the.... the..... the... the. the to to to to to,False,False,False,False,2.2588958740234375,-17.542234420776367,1108,16891
KV_STRIDE,16.0,stride,original,A-s11-d3-t16384,16384,composition,Longmere,F.......... the the the the... the...... the.... the the the the.. to to to the the. the the the the. the,False,False,False,False,-0.8409652709960938,-17.746103286743164,1108,16891
KV_SINK,16.0,sink,original,A-s11-d3-t16384,16384,semantic,olive,"Answer the the the the bike.

 the the the the the the the the the the the the the the the the the the the the the the the the the the the the the the the the the the the the the the the",False,False,False,False,-10.086955070495605,-20.27993392944336,1107,16891
KV_SINK,16.0,sink,original,A-s11-d3-t16384,16384,identifier,RT-5106-RT,XD.. the replacement. replacement. the   for the the . the  for the replacement for the the the the the the the the the the the the the the the the the the the the the the the the the the,False,False,False,False,-1.9421195983886719,-15.572366714477539,1107,16891
KV_SINK,16.0,sink,original,A-s11-d3-t16384,16384,number,"11,446","0
 the total the Q. 1  for the.. the   for for for for the the the the the the the the. the the. the the the the. the the the the the the the...",False,False,False,False,-0.1575021743774414,-9.890560150146484,1107,16891
KV_SINK,16.0,sink,original,A-s11-d3-t16384,16384,date,2030-01-19,"April
... 
  the  . the Vest.. .  for was for the the the the the the.. the the the. the the the the. the the the the the the the the.",False,False,False,False,-0.6940155029296875,-12.39818000793457,1107,16891
KV_SINK,16.0,sink,original,A-s11-d3-t16384,16384,hash,7d15591c976439fc,"None

..      4 .              the               the the the",False,False,False,False,1.7975854873657227,-13.63144588470459,1107,16891
KV_SINK,16.0,sink,original,A-s11-d3-t16384,16384,path,/var/opt/mirren/spool/kx91.log,"/
..

   the the  . the the . the  for the    the the the the the. the the the the the the the the the the the the the the the the the the",False,False,False,False,-0.10320472717285156,-20.701438903808594,1107,16891
KV_SINK,16.0,sink,original,A-s11-d3-t16384,16384,url,https://relay.example.org/rel/9448,"Answer

..
   the the the the. the . the. the. at for for the the the the the the the the the the the the the the the the the the the the the the the the the",False,False,False,False,0.8801336288452148,-13.467582702636719,1107,16891
KV_SINK,16.0,sink,original,A-s11-d3-t16384,16384,proper_noun,Tobias Vantol,"Row..
. hand.  1 . the.          the      . the    the     the the the the  the .",False,False,False,False,0.22763824462890625,-19.616655349731445,1107,16891
KV_SINK,16.0,sink,original,A-s11-d3-t16384,16384,composition,Longmere,"CED
 was..
.  at for  facility for the the the ... the. the. the the the the  and the the the the the the the the the and the same the the the the the the",False,False,False,False,-7.091730117797852,-24.120908737182617,1107,16891
KV_STRIDE_COMPACT,16.0,stride,compact,A-s11-d3-t16384,16384,semantic,olive,". the same to the same for the usual. the that the usual for the new. The.1.. The. the same. the. The. the. The. The. The. the. The.. ""1.",False,False,False,False,2.0656490325927734,-16.410926818847656,1108,16891
KV_STRIDE_COMPACT,16.0,stride,compact,A-s11-d3-t16384,16384,identifier,RT-5106-RT,"the same. the same that the usual for the. The Q.1. not. The. the new. The. the. the. The. The. The. the... ""1. The. to.. to",False,False,False,False,0.7338237762451172,-11.146413803100586,1108,16891
KV_STRIDE_COMPACT,16.0,stride,compact,A-s11-d3-t16384,16384,number,"11,446","the same for the that the usual for the new. The. not.. The. the same. the new. the. the. The. The. The. the... ""1. The. The.. ""R",False,False,False,False,-0.931544303894043,-9.582210540771484,1108,16891
KV_STRIDE_COMPACT,16.0,stride,compact,A-s11-d3-t16384,16384,date,2030-01-19,"the usual for the same that that the same for the. The. scheduled.. The. the same. the. The. the. The. The. The. the. The.. ""1. The. to.. The",False,False,False,False,-0.9541807174682617,-8.350606918334961,1108,16891
KV_STRIDE_COMPACT,16.0,stride,compact,A-s11-d3-t16384,16384,hash,7d15591c976439fc,"to the usual. The  the that the usual. the. The. The... The. the same. the. The. the. The. The. The. the. The.. ""1. The. The.",False,False,False,False,1.3860464096069336,-12.101690292358398,1108,16891
KV_STRIDE_COMPACT,16.0,stride,compact,A-s11-d3-t16384,16384,path,/var/opt/mirren/spool/kx91.log,"to the same. the same that the usual for the. The. The... The. the same. the. The. the. The. The. The. the. The.. ""1. The. to..",False,False,False,False,-0.10965538024902344,-16.299758911132812,1108,16891
KV_STRIDE_COMPACT,16.0,stride,compact,A-s11-d3-t16384,16384,url,https://relay.example.org/rel/9448,"to the usual. The  the that the usual. the. The. The... The. the. not. The. the. the. The. The. The. The... ""1. The. The.",False,False,False,False,0.8357172012329102,-13.28075885772705,1108,16891
KV_STRIDE_COMPACT,16.0,stride,compact,A-s11-d3-t16384,16384,proper_noun,Tobias Vantol,"the same. the same that the usual. the. The. The... The. the same. the. The. the. The. The. The. the. The.. ""1. The. to.. to",False,False,False,False,1.2028884887695312,-16.071971893310547,1108,16891
KV_STRIDE_COMPACT,16.0,stride,compact,A-s11-d3-t16384,16384,composition,Longmere,". The. The... The. the same. the. The. the. The. The. The. the. The.. ""1. The. to.. to... The. The. The. """,False,False,False,False,-2.141277313232422,-20.31275749206543,1108,16891
BUDGET,2.0,raw_uniform_chunks,native,A-s11-d3-t16384,16384,semantic,olive,olive,True,True,True,False,15.87503683700561,-3.659591675386764e-05,8497,16891
BUDGET,2.0,raw_uniform_chunks,native,A-s11-d3-t16384,16384,identifier,RT-5106-RT,XD-7512-XD,False,False,False,True,-5.896186113363228,-5.8961873054504395,8503,16891
BUDGET,2.0,raw_uniform_chunks,native,A-s11-d3-t16384,16384,number,"11,446","17,101",False,False,False,True,-7.060254906187765,-7.060667514801025,8504,16891
BUDGET,2.0,raw_uniform_chunks,native,A-s11-d3-t16384,16384,date,2030-01-19,2030-01-19,True,True,True,False,6.33209753036499,0.0,8503,16891
BUDGET,2.0,raw_uniform_chunks,native,A-s11-d3-t16384,16384,hash,7d15591c976439fc,75a2ccbb94d8a8ed,False,False,False,True,-5.205309381851784,-5.2053093910217285,8501,16891
BUDGET,2.0,raw_uniform_chunks,native,A-s11-d3-t16384,16384,path,/var/opt/mirren/spool/kx91.log,/var/opt/mirren/spool/kx91.log,True,True,True,False,3.053019573459551,-5.672206953022396e-06,8502,16891
BUDGET,2.0,raw_uniform_chunks,native,A-s11-d3-t16384,16384,url,https://relay.example.org/rel/9448,https://relay.example.org/rel/9448,True,True,True,False,5.168960342804709,-2.284843532152081e-07,8501,16891
BUDGET,2.0,raw_uniform_chunks,native,A-s11-d3-t16384,16384,proper_noun,Tobias Vantol,Tobias Vantol,True,True,True,False,6.995202521483105,-1.9868213740892315e-08,8503,16891
BUDGET,2.0,raw_uniform_chunks,native,A-s11-d3-t16384,16384,composition,Longmere,Casimir Brannigan,False,False,False,False,-11.499759674072266,-19.25,8513,16891
BUDGET,4.0,raw_uniform_chunks,native,A-s11-d3-t16384,16384,semantic,olive,Answer:,False,False,False,False,8.5673246383667,-14.145838737487793,4281,16891
BUDGET,4.0,raw_uniform_chunks,native,A-s11-d3-t16384,16384,identifier,RT-5106-RT,XD-7512-XD,False,False,False,True,-5.438620239549891,-5.438623905181885,4287,16891
BUDGET,4.0,raw_uniform_chunks,native,A-s11-d3-t16384,16384,number,"11,446","17,101",False,False,False,True,-7.577601035459338,-7.577603816986084,4288,16891
BUDGET,4.0,raw_uniform_chunks,native,A-s11-d3-t16384,16384,date,2030-01-19,2030-01-19,True,True,True,False,5.333439826965332,0.0,4287,16891
BUDGET,4.0,raw_uniform_chunks,native,A-s11-d3-t16384,16384,hash,7d15591c976439fc,75a2ccbb94d8a8ed,False,False,False,True,-5.050891817547381,-5.061254024505615,4285,16891
BUDGET,4.0,raw_uniform_chunks,native,A-s11-d3-t16384,16384,path,/var/opt/mirren/spool/kx91.log,Answer: /path/to/Vestry-4994/diagnostics.txt,False,False,False,False,-0.1583857536315918,-7.109290599822998,4286,16891
BUDGET,4.0,raw_uniform_chunks,native,A-s11-d3-t16384,16384,url,https://relay.example.org/rel/9448,Answer:,False,False,False,False,-0.8479213714599609,-5.814075469970703,4285,16891
BUDGET,4.0,raw_uniform_chunks,native,A-s11-d3-t16384,16384,proper_noun,Tobias Vantol,Tobias Vantol,True,True,True,False,6.913258989652,-3.973642748178463e-08,4287,16891
BUDGET,4.0,raw_uniform_chunks,native,A-s11-d3-t16384,16384,composition,Longmere,Casimir Brannigan,False,False,False,False,-6.592601299285889,-13.500004768371582,4297,16891
BUDGET,8.0,raw_uniform_chunks,native,A-s11-d3-t16384,16384,semantic,olive,None.,False,False,False,False,5.441140174865723,-13.535161018371582,2182,16891
BUDGET,8.0,raw_uniform_chunks,native,A-s11-d3-t16384,16384,identifier,RT-5106-RT,None,False,False,False,False,-0.6558475494384766,-6.353812217712402,2188,16891
BUDGET,8.0,raw_uniform_chunks,native,A-s11-d3-t16384,16384,number,"11,446",0,False,False,False,False,0.48041868209838867,-5.916244983673096,2189,16891
BUDGET,8.0,raw_uniform_chunks,native,A-s11-d3-t16384,16384,date,2030-01-19,Answer: The document does not mention the date when the structural audit for Vestry-4950 closed.,False,False,False,False,0.16392064094543457,-2.9638142585754395,2188,16891
BUDGET,8.0,raw_uniform_chunks,native,A-s11-d3-t16384,16384,hash,7d15591c976439fc,Answer:,False,False,False,False,0.9161834716796875,-4.065575122833252,2186,16891
BUDGET,8.0,raw_uniform_chunks,native,A-s11-d3-t16384,16384,path,/var/opt/mirren/spool/kx91.log,Answer: /mnt/backup/Vestry-4994/diagnostics,False,False,False,False,-0.3088798522949219,-6.933815002441406,2187,16891
BUDGET,8.0,raw_uniform_chunks,native,A-s11-d3-t16384,16384,url,https://relay.example.org/rel/9448,None.,False,False,False,False,-0.9242458343505859,-6.066943645477295,2186,16891
BUDGET,8.0,raw_uniform_chunks,native,A-s11-d3-t16384,16384,proper_noun,Tobias Vantol,No answer found.,False,False,False,False,4.334676027297974,-3.490626573562622,2188,16891
BUDGET,8.0,raw_uniform_chunks,native,A-s11-d3-t16384,16384,composition,Longmere,Casimir Brannigan.,False,False,False,False,-2.782228946685791,-7.44188117980957,2198,16891
BUDGET,16.0,raw_uniform_chunks,native,A-s11-d3-t16384,16384,semantic,olive,None,False,False,False,False,4.221796035766602,-13.503644943237305,1131,16891
BUDGET,16.0,raw_uniform_chunks,native,A-s11-d3-t16384,16384,identifier,RT-5106-RT,None,False,False,False,False,-0.3122134208679199,-6.108076095581055,1137,16891
BUDGET,16.0,raw_uniform_chunks,native,A-s11-d3-t16384,16384,number,"11,446",0,False,False,False,False,0.2165694236755371,-5.603925704956055,1138,16891
BUDGET,16.0,raw_uniform_chunks,native,A-s11-d3-t16384,16384,date,2030-01-19,No exact date is provided in the document for the structural audit for Vestry-4950.,False,False,False,False,0.15005040168762207,-2.758883237838745,1137,16891
BUDGET,16.0,raw_uniform_chunks,native,A-s11-d3-t16384,16384,hash,7d15591c976439fc,Answer: Not provided in the document.,False,False,False,False,0.9752101898193359,-4.037047386169434,1135,16891
BUDGET,16.0,raw_uniform_chunks,native,A-s11-d3-t16384,16384,path,/var/opt/mirren/spool/kx91.log,None,False,False,False,False,-0.2042069435119629,-6.401340484619141,1136,16891
BUDGET,16.0,raw_uniform_chunks,native,A-s11-d3-t16384,16384,url,https://relay.example.org/rel/9448,None,False,False,False,False,-1.0070710182189941,-6.110005855560303,1135,16891
BUDGET,16.0,raw_uniform_chunks,native,A-s11-d3-t16384,16384,proper_noun,Tobias Vantol,No one is mentioned as signing off on the Vestry-5026 handover in the provided document.,False,False,False,False,6.553390383720398,-1.2346326112747192,1137,16891
BUDGET,16.0,raw_uniform_chunks,native,A-s11-d3-t16384,16384,composition,Longmere,CEDAR-5063,False,False,False,False,-1.1436758041381836,-3.602177143096924,1147,16891
SHUFFLE_TEXT,1.0,raw_shuffled,native,A-s11-d3-t16384,16384,semantic,olive,olive,True,True,True,False,10.002008783631027,-0.0020090462639927864,16982,16891
SHUFFLE_TEXT,1.0,raw_shuffled,native,A-s11-d3-t16384,16384,identifier,RT-5106-RT,RT-5106-RT,True,True,True,False,5.384937763214111,0.0,16988,16891
SHUFFLE_TEXT,1.0,raw_shuffled,native,A-s11-d3-t16384,16384,number,"11,446","11,446",True,True,True,False,4.6041741371154785,0.0,16989,16891
SHUFFLE_TEXT,1.0,raw_shuffled,native,A-s11-d3-t16384,16384,date,2030-01-19,2030-01-19,True,True,True,False,2.5750017166137695,0.0,16988,16891
SHUFFLE_TEXT,1.0,raw_shuffled,native,A-s11-d3-t16384,16384,hash,7d15591c976439fc,7d15591c976439fc,True,True,True,False,2.730769157409668,0.0,16986,16891
SHUFFLE_TEXT,1.0,raw_shuffled,native,A-s11-d3-t16384,16384,path,/var/opt/mirren/spool/kx91.log,/var/opt/mirren/spool/kx91.log,True,True,True,False,2.9895833120608586,-3.7850353692192584e-05,16987,16891
SHUFFLE_TEXT,1.0,raw_shuffled,native,A-s11-d3-t16384,16384,url,https://relay.example.org/rel/9448,https://relay.example.org/rel/9448,True,True,True,False,3.0782548487188706,-3.27825318890973e-07,16986,16891
SHUFFLE_TEXT,1.0,raw_shuffled,native,A-s11-d3-t16384,16384,proper_noun,Tobias Vantol,Tobias Vantol,True,True,True,False,5.891891419887546,-5.9604641222676946e-08,16988,16891
SHUFFLE_TEXT,1.0,raw_shuffled,native,A-s11-d3-t16384,16384,composition,Longmere,Casimir Brannigan,False,False,False,False,0.6252551078796387,-5.87501335144043,16998,16891
